x,y,elevation_m
0,0,102.55
1,0,102.8
2,0,103.05
3,0,103.31
4,0,103.56
5,0,102.81
6,0,103.06
7,0,103.3
8,0,103.55
9,0,103.79
10,0,105.23
11,0,105.47
12,0,105.71
13,0,105.94
14,0,106.17
15,0,105.85
16,0,106.07
17,0,106.29
18,0,106.51
19,0,106.72
20,0,107.27
21,0,107.47
22,0,107.67
23,0,107.86
24,0,108.05
25,0,108.18
26,0,108.35
27,0,108.52
28,0,108.69
29,0,108.84
30,0,107.49
31,0,107.64
32,0,107.78
33,0,107.91
34,0,108.03
35,0,109.45
36,0,109.56
37,0,109.66
38,0,109.76
39,0,109.84
40,0,109.02
41,0,109.1
42,0,109.16
43,0,109.22
44,0,109.27
45,0,109.26
46,0,109.29
47,0,109.32
48,0,109.34
49,0,109.35
50,0,110.2
51,0,110.19
52,0,110.18
53,0,110.16
54,0,110.13
55,0,108.89
56,0,108.84
57,0,108.79
58,0,108.73
59,0,108.66
60,0,108.58
61,0,108.5
62,0,108.41
63,0,108.31
64,0,108.2
65,0,108.09
66,0,107.97
67,0,107.84
68,0,107.71
69,0,107.57
70,0,107.42
71,0,107.27
72,0,107.11
73,0,106.94
74,0,106.77
75,0,108.14
76,0,107.96
77,0,107.77
78,0,107.57
79,0,107.38
80,0,105.97
81,0,105.76
82,0,105.55
83,0,105.33
84,0,105.11
85,0,104.94
86,0,104.71
87,0,104.48
88,0,104.24
89,0,104.0
90,0,103.66
91,0,103.42
92,0,103.18
93,0,102.93
94,0,102.68
95,0,102.13
96,0,101.88
97,0,101.63
98,0,101.38
99,0,101.13
100,0,102.02
101,0,101.77
102,0,101.52
103,0,101.27
104,0,101.02
105,0,99.62
106,0,99.37
107,0,99.12
108,0,98.88
109,0,98.64
110,0,100.25
111,0,100.01
112,0,99.78
113,0,99.54
114,0,99.32
115,0,98.14
116,0,97.92
117,0,97.7
118,0,97.49
119,0,97.28
120,0,96.73
121,0,96.53
122,0,96.33
123,0,96.14
124,0,95.96
125,0,96.78
126,0,96.61
127,0,96.45
128,0,96.28
129,0,96.13
130,0,94.43
131,0,94.29
132,0,94.16
133,0,94.03
134,0,93.91
135,0,93.8
136,0,93.69
137,0,93.59
138,0,93.5
139,0,93.42
140,0,94.89
141,0,94.82
142,0,94.76
143,0,94.71
144,0,94.66
145,0,95.07
146,0,95.04
147,0,95.02
148,0,95.01
149,0,95.0
150,0,94.75
151,0,94.76
152,0,94.78
153,0,94.81
154,0,94.84
155,0,94.33
156,0,94.38
157,0,94.44
158,0,94.5
159,0,94.58
160,0,93.81
161,0,93.89
162,0,93.99
163,0,94.09
164,0,94.2
165,0,95.72
166,0,95.84
167,0,95.97
168,0,96.11
169,0,96.26
170,0,96.66
171,0,96.81
172,0,96.98
173,0,97.15
174,0,97.32
175,0,95.5
176,0,95.69
177,0,95.88
178,0,96.08
179,0,96.28
180,0,97.78
181,0,97.99
182,0,98.21
183,0,98.43
184,0,98.65
185,0,99.58
186,0,99.81
187,0,100.04
188,0,100.28
189,0,100.52
190,0,100.41
191,0,100.65
192,0,100.9
193,0,101.14
194,0,101.39
195,0,100.24
196,0,100.49
197,0,100.75
198,0,101.0
199,0,101.25
0,1,102.55
1,1,102.8
2,1,103.05
3,1,103.3
4,1,103.55
5,1,102.8
6,1,103.05
7,1,103.3
8,1,103.55
9,1,103.79
10,1,105.23
11,1,105.47
12,1,105.71
13,1,105.94
14,1,106.17
15,1,105.85
16,1,106.07
17,1,106.29
18,1,106.5
19,1,106.71
20,1,107.27
21,1,107.47
22,1,107.67
23,1,107.86
24,1,108.05
25,1,108.18
26,1,108.35
27,1,108.52
28,1,108.68
29,1,108.84
30,1,107.49
31,1,107.64
32,1,107.77
33,1,107.9
34,1,108.03
35,1,109.45
36,1,109.55
37,1,109.66
38,1,109.75
39,1,109.84
40,1,109.02
41,1,109.09
42,1,109.16
43,1,109.22
44,1,109.27
45,1,109.26
46,1,109.29
47,1,109.32
48,1,109.33
49,1,109.34
50,1,110.2
51,1,110.19
52,1,110.18
53,1,110.16
54,1,110.13
55,1,108.89
56,1,108.84
57,1,108.79
58,1,108.73
59,1,108.66
60,1,108.58
61,1,108.5
62,1,108.41
63,1,108.31
64,1,108.2
65,1,108.09
66,1,107.97
67,1,107.84
68,1,107.71
69,1,107.56
70,1,107.42
71,1,107.26
72,1,107.1
73,1,106.94
74,1,106.76
75,1,108.14
76,1,107.95
77,1,107.77
78,1,107.57
79,1,107.37
80,1,105.97
81,1,105.76
82,1,105.55
83,1,105.33
84,1,105.11
85,1,104.93
86,1,104.71
87,1,104.47
88,1,104.24
89,1,104.0
90,1,103.66
91,1,103.42
92,1,103.17
93,1,102.93
94,1,102.68
95,1,102.13
96,1,101.88
97,1,101.63
98,1,101.38
99,1,101.12
100,1,102.02
101,1,101.77
102,1,101.52
103,1,101.27
104,1,101.02
105,1,99.61
106,1,99.37
107,1,99.12
108,1,98.88
109,1,98.63
110,1,100.25
111,1,100.01
112,1,99.77
113,1,99.54
114,1,99.31
115,1,98.14
116,1,97.92
117,1,97.7
118,1,97.49
119,1,97.28
120,1,96.72
121,1,96.52
122,1,96.33
123,1,96.14
124,1,95.96
125,1,96.78
126,1,96.61
127,1,96.44
128,1,96.28
129,1,96.13
130,1,94.43
131,1,94.29
132,1,94.15
133,1,94.03
134,1,93.91
135,1,93.79
136,1,93.69
137,1,93.59
138,1,93.5
139,1,93.41
140,1,94.89
141,1,94.82
142,1,94.76
143,1,94.7
144,1,94.66
145,1,95.07
146,1,95.04
147,1,95.02
148,1,95.0
149,1,95.0
150,1,94.75
151,1,94.76
152,1,94.78
153,1,94.8
154,1,94.84
155,1,94.33
156,1,94.38
157,1,94.44
158,1,94.5
159,1,94.57
160,1,93.8
161,1,93.89
162,1,93.99
163,1,94.09
164,1,94.2
165,1,95.72
166,1,95.84
167,1,95.97
168,1,96.11
169,1,96.25
170,1,96.65
171,1,96.81
172,1,96.97
173,1,97.14
174,1,97.32
175,1,95.5
176,1,95.68
177,1,95.88
178,1,96.07
179,1,96.27
180,1,97.78
181,1,97.99
182,1,98.21
183,1,98.43
184,1,98.65
185,1,99.57
186,1,99.8
187,1,100.04
188,1,100.27
189,1,100.51
190,1,100.4
191,1,100.65
192,1,100.89
193,1,101.14
194,1,101.39
195,1,100.24
196,1,100.49
197,1,100.74
198,1,100.99
199,1,101.25
0,2,102.54
1,2,102.79
2,2,132.49
3,2,132.74
4,2,133.0
5,2,113.25
6,2,113.49
7,2,113.74
8,2,113.99
9,2,114.23
10,2,138.47
11,2,138.71
12,2,138.95
13,2,139.18
14,2,139.41
15,2,128.64
16,2,128.86
17,2,129.08
18,2,129.29
19,2,129.5
20,2,136.71
21,2,136.91
22,2,137.11
23,2,137.3
24,2,137.49
25,2,108.17
26,2,108.34
27,2,137.01
28,2,137.18
29,2,137.33
30,2,107.48
31,2,107.63
32,2,107.76
33,2,107.9
34,2,108.02
35,2,134.14
36,2,134.25
37,2,134.35
38,2,134.45
39,2,134.53
40,2,116.61
41,2,116.69
42,2,116.75
43,2,116.81
44,2,116.86
45,2,115.9
46,2,115.93
47,2,115.96
48,2,115.98
49,2,115.99
50,2,110.19
51,2,110.18
52,2,132.97
53,2,132.95
54,2,132.92
55,2,108.88
56,2,108.83
57,2,108.78
58,2,108.72
59,2,108.65
60,2,108.57
61,2,108.49
62,2,108.4
63,2,108.3
64,2,108.19
65,2,108.08
66,2,107.96
67,2,107.83
68,2,107.7
69,2,107.56
70,2,107.41
71,2,107.25
72,2,107.09
73,2,106.93
74,2,106.76
75,2,108.13
76,2,107.95
77,2,137.23
78,2,137.04
79,2,136.84
80,2,112.62
81,2,112.41
82,2,112.19
83,2,111.98
84,2,111.76
85,2,112.53
86,2,112.3
87,2,112.07
88,2,111.84
89,2,111.6
90,2,109.36
91,2,109.12
92,2,108.87
93,2,108.63
94,2,108.38
95,2,102.12
96,2,101.87
97,2,101.62
98,2,101.37
99,2,101.11
100,2,102.01
101,2,101.76
102,2,123.39
103,2,123.14
104,2,122.89
105,2,99.61
106,2,99.36
107,2,99.11
108,2,98.87
109,2,98.62
110,2,135.43
111,2,135.19
112,2,134.96
113,2,134.72
114,2,134.49
115,2,115.25
116,2,115.03
117,2,114.81
118,2,114.59
119,2,114.39
120,2,107.17
121,2,106.98
122,2,106.78
123,2,106.59
124,2,106.41
125,2,96.77
126,2,96.6
127,2,125.9
128,2,125.74
129,2,125.59
130,2,94.42
131,2,94.28
132,2,94.15
133,2,94.02
134,2,93.9
135,2,93.78
136,2,93.68
137,2,93.58
138,2,93.49
139,2,93.4
140,2,124.34
141,2,124.27
142,2,124.21
143,2,124.15
144,2,124.11
145,2,133.07
146,2,133.04
147,2,133.02
148,2,133.0
149,2,133.0
150,2,94.74
151,2,94.75
152,2,128.02
153,2,128.05
154,2,128.08
155,2,117.12
156,2,117.17
157,2,117.23
158,2,117.29
159,2,117.37
160,2,100.45
161,2,100.53
162,2,100.63
163,2,100.73
164,2,100.84
165,2,128.96
166,2,129.08
167,2,129.21
168,2,129.35
169,2,129.49
170,2,134.65
171,2,134.8
172,2,134.97
173,2,135.13
174,2,135.31
175,2,95.49
176,2,95.68
177,2,95.87
178,2,96.06
179,2,96.27
180,2,122.47
181,2,122.68
182,2,122.9
183,2,123.12
184,2,123.34
185,2,137.57
186,2,137.8
187,2,138.03
188,2,138.27
189,2,138.5
190,2,131.75
191,2,131.99
192,2,132.23
193,2,132.48
194,2,132.73
195,2,104.98
196,2,105.23
197,2,105.48
198,2,105.74
199,2,105.99
0,3,102.52
1,3,102.78
2,3,132.48
3,3,132.73
4,3,132.98
5,3,113.23
6,3,113.48
7,3,113.73
8,3,113.97
9,3,114.22
10,3,138.46
11,3,138.7
12,3,138.93
13,3,139.17
14,3,139.4
15,3,128.62
16,3,128.84
17,3,129.06
18,3,129.28
19,3,129.49
20,3,136.7
21,3,136.9
22,3,137.09
23,3,137.29
24,3,137.47
25,3,108.15
26,3,108.33
27,3,137.0
28,3,137.16
29,3,137.32
30,3,107.47
31,3,107.61
32,3,107.75
33,3,107.88
34,3,108.0
35,3,134.12
36,3,134.23
37,3,134.34
38,3,134.43
39,3,134.52
40,3,116.6
41,3,116.67
42,3,116.74
43,3,116.79
44,3,116.84
45,3,115.88
46,3,115.92
47,3,115.94
48,3,115.96
49,3,115.97
50,3,110.17
51,3,110.17
52,3,132.96
53,3,132.94
54,3,132.91
55,3,108.86
56,3,108.82
57,3,108.76
58,3,108.7
59,3,108.63
60,3,108.56
61,3,108.47
62,3,108.38
63,3,108.28
64,3,108.18
65,3,108.06
66,3,107.94
67,3,107.82
68,3,107.68
69,3,107.54
70,3,107.39
71,3,107.24
72,3,107.08
73,3,106.91
74,3,106.74
75,3,108.11
76,3,107.93
77,3,137.22
78,3,137.03
79,3,136.83
80,3,112.6
81,3,112.39
82,3,112.18
83,3,111.96
84,3,111.74
85,3,112.52
86,3,112.29
87,3,112.06
88,3,111.83
89,3,111.59
90,3,109.35
91,3,109.1
92,3,108.86
93,3,108.61
94,3,108.36
95,3,102.11
96,3,101.86
97,3,101.6
98,3,101.35
99,3,101.1
100,3,102.0
101,3,101.75
102,3,123.38
103,3,123.13
104,3,122.88
105,3,99.59
106,3,99.34
107,3,99.1
108,3,98.85
109,3,98.61
110,3,135.42
111,3,135.18
112,3,134.95
113,3,134.72
114,3,134.49
115,3,115.24
116,3,115.01
117,3,114.8
118,3,114.58
119,3,114.37
120,3,107.16
121,3,106.96
122,3,106.77
123,3,106.58
124,3,106.39
125,3,96.76
126,3,96.58
127,3,125.89
128,3,125.73
129,3,125.58
130,3,94.41
131,3,94.27
132,3,94.13
133,3,94.0
134,3,93.88
135,3,93.77
136,3,93.66
137,3,93.56
138,3,93.47
139,3,93.39
140,3,124.32
141,3,124.26
142,3,124.19
143,3,124.14
144,3,124.09
145,3,133.06
146,3,133.03
147,3,133.0
148,3,132.99
149,3,132.98
150,3,94.73
151,3,94.74
152,3,128.01
153,3,128.03
154,3,128.07
155,3,117.11
156,3,117.16
157,3,117.21
158,3,117.28
159,3,117.35
160,3,100.43
161,3,100.52
162,3,100.61
163,3,100.72
164,3,100.83
165,3,128.94
166,3,129.07
167,3,129.2
168,3,129.34
169,3,129.48
170,3,134.63
171,3,134.79
172,3,134.95
173,3,135.12
174,3,135.29
175,3,95.47
176,3,95.66
177,3,95.85
178,3,96.05
179,3,96.25
180,3,122.46
181,3,122.67
182,3,122.88
183,3,123.1
184,3,123.32
185,3,137.55
186,3,137.78
187,3,138.01
188,3,138.25
189,3,138.49
190,3,131.73
191,3,131.97
192,3,132.22
193,3,132.47
194,3,132.72
195,3,104.97
196,3,105.22
197,3,105.47
198,3,105.72
199,3,105.97
0,4,102.5
1,4,102.75
2,4,132.46
3,4,132.71
4,4,132.96
5,4,113.21
6,4,113.46
7,4,113.71
8,4,113.95
9,4,114.2
10,4,138.44
11,4,138.68
12,4,138.91
13,4,139.14
14,4,139.37
15,4,128.6
16,4,128.82
17,4,129.04
18,4,129.26
19,4,129.47
20,4,136.68
21,4,136.88
22,4,137.07
23,4,137.26
24,4,137.45
25,4,108.13
26,4,108.31
27,4,136.98
28,4,137.14
29,4,137.3
30,4,107.45
31,4,107.59
32,4,107.73
33,4,107.86
34,4,107.98
35,4,134.1
36,4,134.21
37,4,134.31
38,4,134.41
39,4,134.5
40,4,116.58
41,4,116.65
42,4,116.71
43,4,116.77
44,4,116.82
45,4,115.86
46,4,115.9
47,4,115.92
48,4,115.94
49,4,115.95
50,4,110.15
51,4,110.15
52,4,132.94
53,4,132.92
54,4,132.89
55,4,108.84
56,4,108.8
57,4,108.74
58,4,108.68
59,4,108.61
60,4,108.54
61,4,108.45
62,4,108.36
63,4,108.26
64,4,108.16
65,4,108.04
66,4,107.92
67,4,107.79
68,4,107.66
69,4,107.52
70,4,107.37
71,4,107.22
72,4,107.06
73,4,106.89
74,4,106.72
75,4,108.09
76,4,107.91
77,4,137.21
78,4,137.01
79,4,136.82
80,4,112.58
81,4,112.37
82,4,112.16
83,4,111.94
84,4,111.72
85,4,112.5
86,4,112.27
87,4,112.04
88,4,111.81
89,4,111.57
90,4,109.33
91,4,109.08
92,4,108.84
93,4,108.59
94,4,108.35
95,4,102.09
96,4,101.83
97,4,101.58
98,4,101.33
99,4,101.08
100,4,101.98
101,4,101.73
102,4,123.36
103,4,123.11
104,4,122.86
105,4,99.57
106,4,99.32
107,4,99.08
108,4,98.83
109,4,98.59
110,4,135.41
111,4,135.17
112,4,134.94
113,4,134.7
114,4,134.47
115,4,115.22
116,4,115.0
117,4,114.78
118,4,114.57
119,4,114.36
120,4,107.14
121,4,106.94
122,4,106.75
123,4,106.56
124,4,106.38
125,4,96.74
126,4,96.56
127,4,125.88
128,4,125.72
129,4,125.56
130,4,94.39
131,4,94.24
132,4,94.11
133,4,93.98
134,4,93.86
135,4,93.75
136,4,93.64
137,4,93.54
138,4,93.45
139,4,93.37
140,4,124.31
141,4,124.24
142,4,124.17
143,4,124.12
144,4,124.07
145,4,133.04
146,4,133.01
147,4,132.98
148,4,132.97
149,4,132.96
150,4,94.7
151,4,94.71
152,4,127.99
153,4,128.01
154,4,128.05
155,4,117.09
156,4,117.14
157,4,117.19
158,4,117.26
159,4,117.33
160,4,100.41
161,4,100.5
162,4,100.59
163,4,100.7
164,4,100.8
165,4,128.92
166,4,129.05
167,4,129.18
168,4,129.32
169,4,129.46
170,4,134.61
171,4,134.77
172,4,134.93
173,4,135.1
174,4,135.27
175,4,95.45
176,4,95.64
177,4,95.83
178,4,96.03
179,4,96.23
180,4,122.44
181,4,122.65
182,4,122.86
183,4,123.08
184,4,123.3
185,4,137.53
186,4,137.76
187,4,137.99
188,4,138.23
189,4,138.47
190,4,131.71
191,4,131.95
192,4,132.2
193,4,132.45
194,4,132.69
195,4,104.94
196,4,105.2
197,4,105.45
198,4,105.7
199,4,105.95
0,5,100.93
1,5,101.18
2,5,101.43
3,5,101.68
4,5,101.93
5,5,110.18
6,5,110.43
7,5,110.68
8,5,110.92
9,5,111.17
10,5,131.41
11,5,131.65
12,5,131.88
13,5,132.12
14,5,132.35
15,5,137.57
16,5,137.8
17,5,138.02
18,5,138.23
19,5,138.44
20,5,118.65
21,5,118.85
22,5,119.05
23,5,119.24
24,5,119.42
25,5,108.2
26,5,108.38
27,5,138.95
28,5,139.11
29,5,139.27
30,5,147.42
31,5,147.57
32,5,147.7
33,5,147.83
34,5,147.96
35,5,108.07
36,5,108.18
37,5,108.29
38,5,108.38
39,5,108.47
40,5,132.55
41,5,132.62
42,5,132.69
43,5,132.75
44,5,132.8
45,5,108.84
46,5,108.87
47,5,108.9
48,5,108.91
49,5,108.92
50,5,109.53
51,5,109.52
52,5,120.91
53,5,120.89
54,5,120.86
55,5,128.82
56,5,128.78
57,5,128.73
58,5,128.67
59,5,128.6
60,5,121.52
61,5,121.43
62,5,121.34
63,5,121.24
64,5,121.14
65,5,142.04
66,5,141.92
67,5,141.8
68,5,141.67
69,5,141.53
70,5,129.37
71,5,129.22
72,5,129.06
73,5,128.89
74,5,128.72
75,5,107.62
76,5,107.43
77,5,128.17
78,5,127.98
79,5,127.78
80,5,115.56
81,5,115.35
82,5,115.14
83,5,114.92
84,5,114.7
85,5,125.5
86,5,125.27
87,5,125.04
88,5,124.81
89,5,124.57
90,5,103.29
91,5,103.05
92,5,102.8
93,5,102.56
94,5,102.31
95,5,102.06
96,5,101.81
97,5,101.56
98,5,101.3
99,5,101.05
100,5,102.4
101,5,102.15
102,5,132.36
103,5,132.11
104,5,131.86
105,5,113.57
106,5,113.32
107,5,113.08
108,5,112.83
109,5,112.59
110,5,98.32
111,5,98.08
112,5,97.85
113,5,97.62
114,5,97.39
115,5,116.2
116,5,115.98
117,5,115.76
118,5,115.54
119,5,115.34
120,5,96.1
121,5,95.9
122,5,95.71
123,5,95.52
124,5,95.34
125,5,96.16
126,5,95.99
127,5,114.84
128,5,114.68
129,5,114.53
130,5,134.4
131,5,134.26
132,5,134.12
133,5,133.99
134,5,133.87
135,5,124.75
136,5,124.64
137,5,124.54
138,5,124.45
139,5,124.36
140,5,126.28
141,5,126.21
142,5,126.15
143,5,126.1
144,5,126.05
145,5,123.01
146,5,122.98
147,5,122.96
148,5,122.94
149,5,122.93
150,5,94.08
151,5,94.09
152,5,115.96
153,5,115.99
154,5,116.02
155,5,113.06
156,5,113.11
157,5,113.17
158,5,113.23
159,5,113.3
160,5,93.38
161,5,93.47
162,5,93.57
163,5,93.67
164,5,93.78
165,5,93.89
166,5,94.02
167,5,94.15
168,5,94.29
169,5,94.43
170,5,134.58
171,5,134.74
172,5,134.9
173,5,135.07
174,5,135.25
175,5,97.08
176,5,97.26
177,5,128.81
178,5,129.0
179,5,129.2
180,5,121.41
181,5,121.62
182,5,121.83
183,5,122.05
184,5,122.28
185,5,97.5
186,5,97.73
187,5,97.97
188,5,98.2
189,5,98.44
190,5,111.68
191,5,111.93
192,5,112.17
193,5,112.42
194,5,112.67
195,5,99.92
196,5,100.17
197,5,100.42
198,5,100.67
199,5,100.93
0,6,100.89
1,6,101.15
2,6,101.4
3,6,101.65
4,6,101.9
5,6,110.15
6,6,110.4
7,6,110.65
8,6,110.89
9,6,111.14
10,6,131.38
11,6,131.62
12,6,131.85
13,6,132.09
14,6,132.32
15,6,137.54
16,6,137.76
17,6,137.98
18,6,138.2
19,6,138.41
20,6,118.62
21,6,118.82
22,6,119.01
23,6,119.21
24,6,119.39
25,6,108.17
26,6,108.35
27,6,138.92
28,6,139.08
29,6,139.24
30,6,147.39
31,6,147.53
32,6,147.67
33,6,147.8
34,6,147.93
35,6,108.04
36,6,108.15
37,6,108.25
38,6,108.35
39,6,108.44
40,6,132.52
41,6,132.59
42,6,132.66
43,6,132.72
44,6,132.77
45,6,108.8
46,6,108.84
47,6,108.86
48,6,108.88
49,6,108.89
50,6,109.49
51,6,109.49
52,6,120.88
53,6,120.86
54,6,120.83
55,6,128.79
56,6,128.75
57,6,128.7
58,6,128.63
59,6,128.57
60,6,121.49
61,6,121.4
62,6,121.31
63,6,121.21
64,6,121.11
65,6,142.01
66,6,141.9
67,6,141.77
68,6,141.64
69,6,141.5
70,6,129.34
71,6,129.19
72,6,129.03
73,6,128.86
74,6,128.69
75,6,107.58
76,6,107.4
77,6,128.15
78,6,127.95
79,6,127.76
80,6,115.53
81,6,115.32
82,6,115.11
83,6,114.89
84,6,114.67
85,6,125.47
86,6,125.25
87,6,125.02
88,6,124.78
89,6,124.55
90,6,103.26
91,6,103.01
92,6,102.77
93,6,102.52
94,6,102.27
95,6,102.03
96,6,101.77
97,6,101.52
98,6,101.27
99,6,101.02
100,6,102.37
101,6,102.12
102,6,132.34
103,6,132.09
104,6,131.84
105,6,113.55
106,6,113.3
107,6,113.05
108,6,112.8
109,6,112.56
110,6,98.29
111,6,98.05
112,6,97.82
113,6,97.59
114,6,97.36
115,6,116.17
116,6,115.95
117,6,115.73
118,6,115.52
119,6,115.31
120,6,96.07
121,6,95.87
122,6,95.68
123,6,95.49
124,6,95.3
125,6,96.13
126,6,95.95
127,6,114.81
128,6,114.65
129,6,114.5
130,6,134.37
131,6,134.23
132,6,134.09
133,6,133.96
134,6,133.84
135,6,124.72
136,6,124.61
137,6,124.51
138,6,124.42
139,6,124.33
140,6,126.25
141,6,126.18
142,6,126.12
143,6,126.07
144,6,126.02
145,6,122.98
146,6,122.95
147,6,122.93
148,6,122.91
149,6,122.9
150,6,94.05
151,6,94.06
152,6,115.93
153,6,115.96
154,6,115.99
155,6,113.03
156,6,113.08
157,6,113.14
158,6,113.2
159,6,113.27
160,6,93.35
161,6,93.44
162,6,93.53
163,6,93.64
164,6,93.75
165,6,93.86
166,6,93.99
167,6,94.12
168,6,94.25
169,6,94.4
170,6,134.55
171,6,134.71
172,6,134.87
173,6,135.04
174,6,135.21
175,6,97.04
176,6,97.23
177,6,128.77
178,6,128.97
179,6,129.17
180,6,121.38
181,6,121.59
182,6,121.8
183,6,122.02
184,6,122.24
185,6,97.47
186,6,97.7
187,6,97.93
188,6,98.17
189,6,98.41
190,6,111.65
191,6,111.89
192,6,112.14
193,6,112.39
194,6,112.63
195,6,99.88
196,6,100.14
197,6,100.39
198,6,100.64
199,6,100.89
0,7,100.85
1,7,101.11
2,7,101.36
3,7,101.61
4,7,101.86
5,7,110.11
6,7,110.36
7,7,110.61
8,7,110.85
9,7,111.1
10,7,131.34
11,7,131.58
12,7,131.81
13,7,132.05
14,7,132.28
15,7,137.5
16,7,137.73
17,7,137.95
18,7,138.16
19,7,138.37
20,7,118.58
21,7,118.78
22,7,118.98
23,7,119.17
24,7,119.35
25,7,108.13
26,7,108.31
27,7,138.88
28,7,139.04
29,7,139.2
30,7,147.35
31,7,147.49
32,7,147.63
33,7,147.76
34,7,147.89
35,7,108.0
36,7,108.11
37,7,108.21
38,7,108.31
39,7,108.4
40,7,132.48
41,7,132.55
42,7,132.62
43,7,132.68
44,7,132.73
45,7,108.76
46,7,108.8
47,7,108.82
48,7,108.84
49,7,108.85
50,7,109.45
51,7,109.45
52,7,120.84
53,7,120.82
54,7,120.79
55,7,128.76
56,7,128.71
57,7,128.66
58,7,128.6
59,7,128.53
60,7,121.45
61,7,121.37
62,7,121.27
63,7,121.18
64,7,121.07
65,7,141.98
66,7,141.86
67,7,141.74
68,7,141.61
69,7,141.47
70,7,129.31
71,7,129.15
72,7,128.99
73,7,128.83
74,7,128.66
75,7,107.55
76,7,107.36
77,7,128.11
78,7,127.92
79,7,127.72
80,7,115.5
81,7,115.29
82,7,115.08
83,7,114.86
84,7,114.64
85,7,125.44
86,7,125.22
87,7,124.98
88,7,124.75
89,7,124.51
90,7,103.22
91,7,102.98
92,7,102.73
93,7,102.48
94,7,102.24
95,7,101.99
96,7,101.74
97,7,101.48
98,7,101.23
99,7,100.98
100,7,102.33
101,7,102.08
102,7,132.32
103,7,132.07
104,7,131.82
105,7,113.51
106,7,113.26
107,7,113.02
108,7,112.77
109,7,112.53
110,7,98.25
111,7,98.01
112,7,97.78
113,7,97.55
114,7,97.32
115,7,116.14
116,7,115.92
117,7,115.7
118,7,115.49
119,7,115.28
120,7,96.03
121,7,95.83
122,7,95.64
123,7,95.45
124,7,95.27
125,7,96.09
126,7,95.92
127,7,114.78
128,7,114.62
129,7,114.46
130,7,134.34
131,7,134.2
132,7,134.06
133,7,133.93
134,7,133.81
135,7,124.68
136,7,124.58
137,7,124.48
138,7,124.38
139,7,124.3
140,7,126.22
141,7,126.15
142,7,126.09
143,7,126.03
144,7,125.98
145,7,122.94
146,7,122.91
147,7,122.89
148,7,122.87
149,7,122.87
150,7,94.01
151,7,94.02
152,7,115.89
153,7,115.92
154,7,115.95
155,7,112.99
156,7,113.04
157,7,113.1
158,7,113.16
159,7,113.23
160,7,93.31
161,7,93.4
162,7,93.49
163,7,93.6
164,7,93.71
165,7,93.82
166,7,93.95
167,7,94.08
168,7,94.22
169,7,94.36
170,7,134.51
171,7,134.67
172,7,134.83
173,7,135.0
174,7,135.18
175,7,97.01
176,7,97.19
177,7,128.73
178,7,128.93
179,7,129.13
180,7,121.34
181,7,121.55
182,7,121.76
183,7,121.98
184,7,122.21
185,7,97.43
186,7,97.66
187,7,97.89
188,7,98.13
189,7,98.37
190,7,111.61
191,7,111.85
192,7,112.1
193,7,112.35
194,7,112.6
195,7,99.85
196,7,100.1
197,7,100.35
198,7,100.6
199,7,100.85
0,8,100.81
1,8,101.06
2,8,101.31
3,8,101.57
4,8,101.82
5,8,110.07
6,8,110.32
7,8,110.56
8,8,110.81
9,8,111.05
10,8,131.29
11,8,131.53
12,8,131.77
13,8,132.0
14,8,132.23
15,8,137.46
16,8,137.68
17,8,137.9
18,8,138.12
19,8,138.33
20,8,118.53
21,8,118.73
22,8,118.93
23,8,119.12
24,8,119.31
25,8,108.09
26,8,108.26
27,8,138.83
28,8,139.0
29,8,139.15
30,8,147.31
31,8,147.45
32,8,147.59
33,8,147.72
34,8,147.84
35,8,107.96
36,8,108.07
37,8,108.17
38,8,108.27
39,8,108.35
40,8,132.44
41,8,132.51
42,8,132.58
43,8,132.63
44,8,132.68
45,8,108.72
46,8,108.75
47,8,108.78
48,8,108.8
49,8,108.81
50,8,109.41
51,8,109.4
52,8,120.8
53,8,120.77
54,8,120.75
55,8,128.71
56,8,128.67
57,8,128.62
58,8,128.56
59,8,128.49
60,8,121.41
61,8,121.32
62,8,121.23
63,8,121.13
64,8,121.03
65,8,141.94
66,8,141.83
67,8,141.7
68,8,141.57
69,8,141.43
70,8,129.27
71,8,129.11
72,8,128.96
73,8,128.79
74,8,128.62
75,8,107.5
76,8,107.32
77,8,128.08
78,8,127.88
79,8,127.69
80,8,115.46
81,8,115.25
82,8,115.04
83,8,114.82
84,8,114.6
85,8,125.41
86,8,125.18
87,8,124.95
88,8,124.72
89,8,124.48
90,8,103.17
91,8,102.93
92,8,102.69
93,8,102.44
94,8,102.19
95,8,101.94
96,8,101.69
97,8,101.44
98,8,101.19
99,8,100.94
100,8,102.29
101,8,102.04
102,8,132.29
103,8,132.04
104,8,131.79
105,8,113.47
106,8,113.23
107,8,112.98
108,8,112.73
109,8,112.49
110,8,98.21
111,8,97.97
112,8,97.73
113,8,97.5
114,8,97.27
115,8,116.1
116,8,115.88
117,8,115.66
118,8,115.45
119,8,115.24
120,8,95.99
121,8,95.79
122,8,95.59
123,8,95.4
124,8,95.22
125,8,96.04
126,8,95.87
127,8,114.74
128,8,114.58
129,8,114.42
130,8,134.31
131,8,134.16
132,8,134.03
133,8,133.9
134,8,133.77
135,8,124.65
136,8,124.54
137,8,124.44
138,8,124.34
139,8,124.26
140,8,126.18
141,8,126.11
142,8,126.05
143,8,125.99
144,8,125.94
145,8,122.9
146,8,122.87
147,8,122.85
148,8,122.83
149,8,122.83
150,8,93.96
151,8,93.97
152,8,115.85
153,8,115.88
154,8,115.91
155,8,112.95
156,8,113.0
157,8,113.05
158,8,113.12
159,8,113.19
160,8,93.27
161,8,93.36
162,8,93.45
163,8,93.55
164,8,93.66
165,8,93.78
166,8,93.9
167,8,94.03
168,8,94.17
169,8,94.32
170,8,134.47
171,8,134.63
172,8,134.79
173,8,134.96
174,8,135.13
175,8,96.96
176,8,97.15
177,8,128.69
178,8,128.89
179,8,129.09
180,8,121.29
181,8,121.5
182,8,121.72
183,8,121.94
184,8,122.16
185,8,97.39
186,8,97.62
187,8,97.85
188,8,98.09
189,8,98.33
190,8,111.57
191,8,111.81
192,8,112.06
193,8,112.3
194,8,112.55
195,8,99.8
196,8,100.05
197,8,100.3
198,8,100.56
199,8,100.81
0,9,100.76
1,9,101.01
2,9,101.26
3,9,101.52
4,9,101.77
5,9,110.02
6,9,110.27
7,9,110.51
8,9,110.76
9,9,111.0
10,9,131.24
11,9,131.48
12,9,131.72
13,9,131.95
14,9,132.18
15,9,137.41
16,9,137.63
17,9,137.85
18,9,138.07
19,9,138.28
20,9,118.48
21,9,118.68
22,9,118.88
23,9,119.07
24,9,119.26
25,9,108.04
26,9,108.21
27,9,138.78
28,9,138.95
29,9,139.1
30,9,147.26
31,9,147.4
32,9,147.54
33,9,147.67
34,9,147.79
35,9,107.91
36,9,108.02
37,9,108.12
38,9,108.22
39,9,108.3
40,9,132.39
41,9,132.46
42,9,132.53
43,9,132.59
44,9,132.64
45,9,108.67
46,9,108.7
47,9,108.73
48,9,108.75
49,9,108.76
50,9,109.36
51,9,109.35
52,9,120.75
53,9,120.73
54,9,120.7
55,9,128.67
56,9,128.62
57,9,128.57
58,9,128.51
59,9,128.44
60,9,121.36
61,9,121.28
62,9,121.18
63,9,121.09
64,9,120.98
65,9,141.9
66,9,141.78
67,9,141.66
68,9,141.53
69,9,141.39
70,9,129.22
71,9,129.07
72,9,128.91
73,9,128.75
74,9,128.58
75,9,107.45
76,9,107.27
77,9,128.03
78,9,127.84
79,9,127.65
80,9,115.41
81,9,115.2
82,9,114.99
83,9,114.77
84,9,114.55
85,9,125.37
86,9,125.14
87,9,124.91
88,9,124.68
89,9,124.44
90,9,103.12
91,9,102.88
92,9,102.64
93,9,102.39
94,9,102.14
95,9,101.89
96,9,101.64
97,9,101.39
98,9,101.14
99,9,100.89
100,9,102.24
101,9,101.99
102,9,132.26
103,9,132.01
104,9,131.75
105,9,113.43
106,9,113.18
107,9,112.94
108,9,112.69
109,9,112.45
110,9,98.16
111,9,97.92
112,9,97.68
113,9,97.45
114,9,97.22
115,9,116.06
116,9,115.84
117,9,115.62
118,9,115.41
119,9,115.2
120,9,95.94
121,9,95.74
122,9,95.54
123,9,95.35
124,9,95.17
125,9,95.99
126,9,95.82
127,9,114.7
128,9,114.54
129,9,114.38
130,9,134.27
131,9,134.12
132,9,133.99
133,9,133.86
134,9,133.73
135,9,124.6
136,9,124.49
137,9,124.39
138,9,124.3
139,9,124.21
140,9,126.14
141,9,126.06
142,9,126.0
143,9,125.95
144,9,125.9
145,9,122.86
146,9,122.82
147,9,122.8
148,9,122.79
149,9,122.78
150,9,93.91
151,9,93.92
152,9,115.8
153,9,115.83
154,9,115.86
155,9,112.9
156,9,112.95
157,9,113.01
158,9,113.07
159,9,113.14
160,9,93.22
161,9,93.31
162,9,93.4
163,9,93.5
164,9,93.61
165,9,93.73
166,9,93.85
167,9,93.98
168,9,94.12
169,9,94.27
170,9,134.42
171,9,134.58
172,9,134.74
173,9,134.91
174,9,135.08
175,9,96.91
176,9,97.1
177,9,128.64
178,9,128.84
179,9,129.04
180,9,121.24
181,9,121.45
182,9,121.67
183,9,121.89
184,9,122.11
185,9,97.34
186,9,97.57
187,9,97.8
188,9,98.04
189,9,98.28
190,9,111.52
191,9,111.76
192,9,112.01
193,9,112.25
194,9,112.5
195,9,99.75
196,9,100.0
197,9,100.25
198,9,100.51
199,9,100.76
0,10,101.1
1,10,101.36
2,10,109.21
3,10,109.46
4,10,109.71
5,10,132.96
6,10,133.21
7,10,133.46
8,10,133.7
9,10,133.95
10,10,140.19
11,10,140.43
12,10,140.66
13,10,140.9
14,10,141.13
15,10,134.35
16,10,134.58
17,10,134.79
18,10,135.01
19,10,135.22
20,10,137.43
21,10,137.63
22,10,137.83
23,10,138.02
24,10,138.2
25,10,107.43
26,10,107.61
27,10,127.73
28,10,127.89
29,10,128.05
30,10,119.2
31,10,119.34
32,10,119.48
33,10,119.61
34,10,119.74
35,10,145.86
36,10,145.97
37,10,146.07
38,10,146.17
39,10,146.26
40,10,138.33
41,10,138.41
42,10,138.47
43,10,138.53
44,10,138.58
45,10,135.62
46,10,135.66
47,10,135.69
48,10,135.7
49,10,135.72
50,10,109.25
51,10,109.25
52,10,119.69
53,10,119.67
54,10,119.64
55,10,142.62
56,10,142.58
57,10,142.53
58,10,142.47
59,10,142.4
60,10,128.31
61,10,128.23
62,10,128.14
63,10,128.04
64,10,127.94
65,10,121.82
66,10,121.7
67,10,121.57
68,10,121.44
69,10,121.3
70,10,107.12
71,10,106.97
72,10,106.81
73,10,106.64
74,10,106.47
75,10,108.2
76,10,108.02
77,10,144.04
78,10,143.85
79,10,143.65
80,10,142.45
81,10,142.25
82,10,142.04
83,10,141.82
84,10,141.61
85,10,131.35
86,10,131.12
87,10,130.89
88,10,130.66
89,10,130.42
90,10,103.07
91,10,102.82
92,10,102.58
93,10,102.33
94,10,102.09
95,10,107.86
96,10,107.61
97,10,107.36
98,10,107.11
99,10,106.86
100,10,102.29
101,10,102.03
102,10,134.23
103,10,133.98
104,10,133.73
105,10,138.5
106,10,138.25
107,10,138.0
108,10,137.76
109,10,137.51
110,10,98.1
111,10,97.86
112,10,97.63
113,10,97.4
114,10,97.17
115,10,126.06
116,10,125.83
117,10,125.61
118,10,125.4
119,10,125.18
120,10,102.9
121,10,102.7
122,10,102.51
123,10,102.32
124,10,102.14
125,10,95.59
126,10,95.42
127,10,107.63
128,10,107.47
129,10,107.32
130,10,111.18
131,10,111.03
132,10,110.9
133,10,110.77
134,10,110.65
135,10,111.53
136,10,111.43
137,10,111.33
138,10,111.23
139,10,111.15
140,10,113.07
141,10,113.0
142,10,112.94
143,10,112.88
144,10,112.84
145,10,122.81
146,10,122.77
147,10,122.75
148,10,122.73
149,10,122.73
150,10,92.71
151,10,92.72
152,10,92.74
153,10,92.76
154,10,92.8
155,10,110.84
156,10,110.89
157,10,110.95
158,10,111.01
159,10,111.09
160,10,107.17
161,10,107.25
162,10,107.35
163,10,107.45
164,10,107.56
165,10,117.68
166,10,117.8
167,10,117.93
168,10,118.07
169,10,118.21
170,10,122.36
171,10,122.52
172,10,122.68
173,10,122.85
174,10,123.03
175,10,96.11
176,10,96.29
177,10,113.58
178,10,113.78
179,10,113.98
180,10,96.19
181,10,96.4
182,10,96.61
183,10,96.83
184,10,97.05
185,10,112.28
186,10,112.51
187,10,112.74
188,10,112.98
189,10,113.22
190,10,98.46
191,10,98.7
192,10,98.95
193,10,99.2
194,10,99.45
195,10,117.7
196,10,117.95
197,10,118.2
198,10,118.45
199,10,118.7
0,11,101.04
1,11,101.29
2,11,109.15
3,11,109.4
4,11,109.65
5,11,132.9
6,11,133.15
7,11,133.4
8,11,133.64
9,11,133.88
10,11,140.13
11,11,140.36
12,11,140.6
13,11,140.83
14,11,141.06
15,11,134.29
16,11,134.51
17,11,134.73
18,11,134.95
19,11,135.16
20,11,137.37
21,11,137.57
22,11,137.76
23,11,137.96
24,11,138.14
25,11,107.37
26,11,107.55
27,11,127.67
28,11,127.83
29,11,127.99
30,11,119.14
31,11,119.28
32,11,119.42
33,11,119.55
34,11,119.67
35,11,145.8
36,11,145.91
37,11,146.01
38,11,146.11
39,11,146.19
40,11,138.27
41,11,138.35
42,11,138.41
43,11,138.47
44,11,138.52
45,11,135.56
46,11,135.6
47,11,135.63
48,11,135.65
49,11,135.66
50,11,109.19
51,11,109.19
52,11,119.63
53,11,119.61
54,11,119.58
55,11,142.57
56,11,142.52
57,11,142.47
58,11,142.42
59,11,142.35
60,11,128.26
61,11,128.17
62,11,128.08
63,11,127.99
64,11,127.88
65,11,121.76
66,11,121.64
67,11,121.52
68,11,121.38
69,11,121.24
70,11,107.06
71,11,106.91
72,11,106.75
73,11,106.58
74,11,106.41
75,11,108.14
76,11,107.95
77,11,143.99
78,11,143.81
79,11,143.61
80,11,142.41
81,11,142.21
82,11,142.0
83,11,141.78
84,11,141.57
85,11,131.3
86,11,131.08
87,11,130.85
88,11,130.62
89,11,130.38
90,11,103.01
91,11,102.76
92,11,102.52
93,11,102.27
94,11,102.02
95,11,107.81
96,11,107.56
97,11,107.31
98,11,107.05
99,11,106.8
100,11,102.22
101,11,101.97
102,11,134.2
103,11,133.94
104,11,133.69
105,11,138.47
106,11,138.22
107,11,137.97
108,11,137.72
109,11,137.48
110,11,98.04
111,11,97.8
112,11,97.57
113,11,97.33
114,11,97.11
115,11,126.01
116,11,125.79
117,11,125.57
118,11,125.35
119,11,125.14
120,11,102.85
121,11,102.65
122,11,102.45
123,11,102.26
124,11,102.08
125,11,95.53
126,11,95.35
127,11,107.58
128,11,107.42
129,11,107.26
130,11,111.12
131,11,110.98
132,11,110.84
133,11,110.71
134,11,110.59
135,11,111.48
136,11,111.37
137,11,111.27
138,11,111.18
139,11,111.09
140,11,113.01
141,11,112.94
142,11,112.88
143,11,112.83
144,11,112.78
145,11,122.75
146,11,122.72
147,11,122.69
148,11,122.68
149,11,122.67
150,11,92.64
151,11,92.65
152,11,92.68
153,11,92.7
154,11,92.74
155,11,110.79
156,11,110.83
157,11,110.89
158,11,110.95
159,11,111.03
160,11,107.11
161,11,107.19
162,11,107.29
163,11,107.39
164,11,107.5
165,11,117.62
166,11,117.74
167,11,117.87
168,11,118.01
169,11,118.15
170,11,122.3
171,11,122.46
172,11,122.62
173,11,122.79
174,11,122.96
175,11,96.04
176,11,96.23
177,11,113.52
178,11,113.72
179,11,113.92
180,11,96.13
181,11,96.34
182,11,96.55
183,11,96.77
184,11,96.99
185,11,112.22
186,11,112.45
187,11,112.68
188,11,112.92
189,11,113.16
190,11,98.4
191,11,98.64
192,11,98.89
193,11,99.14
194,11,99.38
195,11,117.63
196,11,117.89
197,11,118.14
198,11,118.39
199,11,118.64
0,12,100.97
1,12,101.23
2,12,109.08
3,12,109.33
4,12,109.58
5,12,132.83
6,12,133.08
7,12,133.33
8,12,133.57
9,12,133.82
10,12,140.06
11,12,140.3
12,12,140.53
13,12,140.77
14,12,141.0
15,12,134.22
16,12,134.45
17,12,134.67
18,12,134.88
19,12,135.09
20,12,137.3
21,12,137.5
22,12,137.7
23,12,137.89
24,12,138.07
25,12,107.3
26,12,107.48
27,12,127.6
28,12,127.76
29,12,127.92
30,12,119.07
31,12,119.21
32,12,119.35
33,12,119.48
34,12,119.61
35,12,145.73
36,12,145.84
37,12,145.94
38,12,146.04
39,12,146.13
40,12,138.21
41,12,138.28
42,12,138.35
43,12,138.41
44,12,138.46
45,12,135.5
46,12,135.53
47,12,135.56
48,12,135.58
49,12,135.59
50,12,109.12
51,12,109.12
52,12,119.56
53,12,119.54
54,12,119.51
55,12,142.51
56,12,142.46
57,12,142.41
58,12,142.36
59,12,142.29
60,12,128.19
61,12,128.11
62,12,128.02
63,12,127.93
64,12,127.82
65,12,121.7
66,12,121.58
67,12,121.45
68,12,121.32
69,12,121.18
70,12,106.99
71,12,106.84
72,12,106.68
73,12,106.51
74,12,106.34
75,12,108.07
76,12,107.89
77,12,143.95
78,12,143.76
79,12,143.57
80,12,142.37
81,12,142.16
82,12,141.96
83,12,141.74
84,12,141.53
85,12,131.25
86,12,131.03
87,12,130.8
88,12,130.57
89,12,130.33
90,12,102.94
91,12,102.7
92,12,102.45
93,12,102.2
94,12,101.96
95,12,107.74
96,12,107.49
97,12,107.24
98,12,106.99
99,12,106.74
100,12,102.16
101,12,101.91
102,12,134.16
103,12,133.91
104,12,133.65
105,12,138.43
106,12,138.18
107,12,137.93
108,12,137.69
109,12,137.44
110,12,97.97
111,12,97.73
112,12,97.5
113,12,97.27
114,12,97.04
115,12,125.97
116,12,125.74
117,12,125.52
118,12,125.3
119,12,125.09
120,12,102.78
121,12,102.58
122,12,102.39
123,12,102.2
124,12,102.02
125,12,95.46
126,12,95.29
127,12,107.52
128,12,107.36
129,12,107.2
130,12,111.06
131,12,110.92
132,12,110.78
133,12,110.65
134,12,110.53
135,12,111.42
136,12,111.31
137,12,111.21
138,12,111.12
139,12,111.03
140,12,112.95
141,12,112.88
142,12,112.82
143,12,112.77
144,12,112.72
145,12,122.69
146,12,122.66
147,12,122.63
148,12,122.62
149,12,122.61
150,12,92.58
151,12,92.59
152,12,92.61
153,12,92.64
154,12,92.67
155,12,110.72
156,12,110.77
157,12,110.83
158,12,110.89
159,12,110.96
160,12,107.04
161,12,107.13
162,12,107.22
163,12,107.32
164,12,107.43
165,12,117.55
166,12,117.67
167,12,117.8
168,12,117.94
169,12,118.08
170,12,122.24
171,12,122.39
172,12,122.55
173,12,122.72
174,12,122.9
175,12,95.98
176,12,96.16
177,12,113.45
178,12,113.65
179,12,113.85
180,12,96.06
181,12,96.27
182,12,96.48
183,12,96.7
184,12,96.93
185,12,112.15
186,12,112.38
187,12,112.62
188,12,112.85
189,12,113.09
190,12,98.33
191,12,98.58
192,12,98.82
193,12,99.07
194,12,99.32
195,12,117.57
196,12,117.82
197,12,118.07
198,12,118.32
199,12,118.57
0,13,100.9
1,13,101.15
2,13,109.01
3,13,109.26
4,13,109.51
5,13,132.76
6,13,133.01
7,13,133.26
8,13,133.5
9,13,133.74
10,13,139.99
11,13,140.22
12,13,140.46
13,13,140.69
14,13,140.92
15,13,134.15
16,13,134.37
17,13,134.59
18,13,134.81
19,13,135.02
20,13,137.23
21,13,137.43
22,13,137.62
23,13,137.82
24,13,138.0
25,13,107.23
26,13,107.41
27,13,127.53
28,13,127.69
29,13,127.85
30,13,119.0
31,13,119.14
32,13,119.28
33,13,119.41
34,13,119.54
35,13,145.66
36,13,145.77
37,13,145.87
38,13,145.97
39,13,146.06
40,13,138.14
41,13,138.21
42,13,138.28
43,13,138.34
44,13,138.39
45,13,135.43
46,13,135.46
47,13,135.49
48,13,135.51
49,13,135.52
50,13,109.05
51,13,109.05
52,13,119.49
53,13,119.47
54,13,119.44
55,13,142.44
56,13,142.4
57,13,142.35
58,13,142.29
59,13,142.23
60,13,128.13
61,13,128.04
62,13,127.96
63,13,127.86
64,13,127.76
65,13,121.63
66,13,121.51
67,13,121.39
68,13,121.25
69,13,121.12
70,13,106.92
71,13,106.77
72,13,106.61
73,13,106.44
74,13,106.27
75,13,108.0
76,13,107.82
77,13,143.9
78,13,143.71
79,13,143.52
80,13,142.32
81,13,142.12
82,13,141.91
83,13,141.7
84,13,141.48
85,13,131.2
86,13,130.98
87,13,130.75
88,13,130.52
89,13,130.29
90,13,102.87
91,13,102.62
92,13,102.38
93,13,102.13
94,13,101.88
95,13,107.68
96,13,107.43
97,13,107.18
98,13,106.92
99,13,106.67
100,13,102.09
101,13,101.84
102,13,134.12
103,13,133.87
104,13,133.62
105,13,138.4
106,13,138.15
107,13,137.9
108,13,137.65
109,13,137.4
110,13,97.9
111,13,97.66
112,13,97.43
113,13,97.2
114,13,96.97
115,13,125.92
116,13,125.69
117,13,125.47
118,13,125.25
119,13,125.04
120,13,102.72
121,13,102.52
122,13,102.32
123,13,102.13
124,13,101.95
125,13,95.39
126,13,95.22
127,13,107.45
128,13,107.29
129,13,107.14
130,13,111.0
131,13,110.86
132,13,110.72
133,13,110.59
134,13,110.47
135,13,111.35
136,13,111.25
137,13,111.14
138,13,111.05
139,13,110.96
140,13,112.89
141,13,112.82
142,13,112.76
143,13,112.7
144,13,112.65
145,13,122.62
146,13,122.59
147,13,122.57
148,13,122.55
149,13,122.54
150,13,92.5
151,13,92.51
152,13,92.54
153,13,92.57
154,13,92.6
155,13,110.65
156,13,110.7
157,13,110.76
158,13,110.82
159,13,110.89
160,13,106.97
161,13,107.06
162,13,107.15
163,13,107.25
164,13,107.36
165,13,117.48
166,13,117.6
167,13,117.73
168,13,117.87
169,13,118.01
170,13,122.16
171,13,122.32
172,13,122.48
173,13,122.65
174,13,122.83
175,13,95.9
176,13,96.09
177,13,113.38
178,13,113.58
179,13,113.78
180,13,95.99
181,13,96.2
182,13,96.41
183,13,96.63
184,13,96.85
185,13,112.08
186,13,112.31
187,13,112.54
188,13,112.78
189,13,113.02
190,13,98.26
191,13,98.5
192,13,98.75
193,13,99.0
194,13,99.24
195,13,117.49
196,13,117.75
197,13,118.0
198,13,118.25
199,13,118.5
0,14,100.82
1,14,101.08
2,14,108.93
3,14,109.18
4,14,109.43
5,14,132.68
6,14,132.93
7,14,133.18
8,14,133.42
9,14,133.67
10,14,139.91
11,14,140.15
12,14,140.38
13,14,140.62
14,14,140.85
15,14,134.07
16,14,134.3
17,14,134.51
18,14,134.73
19,14,134.94
20,14,137.15
21,14,137.35
22,14,137.55
23,14,137.74
24,14,137.92
25,14,107.15
26,14,107.33
27,14,127.45
28,14,127.61
29,14,127.77
30,14,118.92
31,14,119.06
32,14,119.2
33,14,119.33
34,14,119.46
35,14,145.58
36,14,145.69
37,14,145.8
38,14,145.89
39,14,145.98
40,14,138.06
41,14,138.13
42,14,138.2
43,14,138.26
44,14,138.31
45,14,135.35
46,14,135.39
47,14,135.42
48,14,135.44
49,14,135.45
50,14,108.97
51,14,108.97
52,14,119.42
53,14,119.4
54,14,119.37
55,14,142.37
56,14,142.33
57,14,142.28
58,14,142.22
59,14,142.16
60,14,128.05
61,14,127.97
62,14,127.88
63,14,127.79
64,14,127.69
65,14,121.56
66,14,121.44
67,14,121.31
68,14,121.18
69,14,121.05
70,14,106.84
71,14,106.69
72,14,106.53
73,14,106.36
74,14,106.19
75,14,107.92
76,14,107.74
77,14,143.85
78,14,143.67
79,14,143.47
80,14,142.27
81,14,142.07
82,14,141.87
83,14,141.66
84,14,141.44
85,14,131.15
86,14,130.93
87,14,130.7
88,14,130.47
89,14,130.24
90,14,102.79
91,14,102.54
92,14,102.3
93,14,102.05
94,14,101.81
95,14,107.61
96,14,107.36
97,14,107.1
98,14,106.85
99,14,106.6
100,14,102.01
101,14,101.76
102,14,134.08
103,14,133.83
104,14,133.58
105,14,138.36
106,14,138.11
107,14,137.86
108,14,137.61
109,14,137.37
110,14,97.82
111,14,97.58
112,14,97.35
113,14,97.12
114,14,96.89
115,14,125.87
116,14,125.64
117,14,125.42
118,14,125.2
119,14,124.99
120,14,102.65
121,14,102.45
122,14,102.25
123,14,102.06
124,14,101.88
125,14,95.31
126,14,95.14
127,14,107.38
128,14,107.22
129,14,107.07
130,14,110.93
131,14,110.79
132,14,110.65
133,14,110.52
134,14,110.4
135,14,111.29
136,14,111.18
137,14,111.08
138,14,110.98
139,14,110.9
140,14,112.82
141,14,112.75
142,14,112.69
143,14,112.63
144,14,112.58
145,14,122.56
146,14,122.52
147,14,122.5
148,14,122.48
149,14,122.47
150,14,92.43
151,14,92.44
152,14,92.47
153,14,92.49
154,14,92.53
155,14,110.58
156,14,110.63
157,14,110.68
158,14,110.75
159,14,110.82
160,14,106.89
161,14,106.98
162,14,107.07
163,14,107.18
164,14,107.28
165,14,117.4
166,14,117.53
167,14,117.66
168,14,117.79
169,14,117.94
170,14,122.09
171,14,122.24
172,14,122.4
173,14,122.57
174,14,122.75
175,14,95.82
176,14,96.01
177,14,113.3
178,14,113.5
179,14,113.7
180,14,95.91
181,14,96.12
182,14,96.33
183,14,96.55
184,14,96.77
185,14,112.0
186,14,112.23
187,14,112.46
188,14,112.7
189,14,112.94
190,14,98.18
191,14,98.42
192,14,98.67
193,14,98.92
194,14,99.17
195,14,117.42
196,14,117.67
197,14,117.92
198,14,118.17
199,14,118.42
0,15,102.29
1,15,102.54
2,15,139.84
3,15,140.1
4,15,140.35
5,15,129.6
6,15,129.85
7,15,130.09
8,15,130.34
9,15,130.58
10,15,102.82
11,15,103.06
12,15,103.3
13,15,103.53
14,15,103.76
15,15,123.99
16,15,124.21
17,15,124.43
18,15,124.65
19,15,124.86
20,15,125.06
21,15,125.26
22,15,125.46
23,15,125.65
24,15,125.84
25,15,106.02
26,15,106.19
27,15,106.36
28,15,106.53
29,15,106.68
30,15,129.84
31,15,129.98
32,15,130.12
33,15,130.25
34,15,130.38
35,15,119.49
36,15,119.6
37,15,119.7
38,15,119.8
39,15,119.89
40,15,143.98
41,15,144.06
42,15,144.12
43,15,144.18
44,15,144.23
45,15,114.25
46,15,114.29
47,15,114.32
48,15,114.33
49,15,114.34
50,15,108.59
51,15,108.58
52,15,113.33
53,15,113.31
54,15,113.28
55,15,120.25
56,15,120.21
57,15,120.16
58,15,120.1
59,15,120.03
60,15,148.03
61,15,147.95
62,15,147.87
63,15,147.78
64,15,147.68
65,15,120.48
66,15,120.36
67,15,120.23
68,15,120.1
69,15,119.97
70,15,119.82
71,15,119.67
72,15,119.51
73,15,119.35
74,15,119.18
75,15,107.14
76,15,106.95
77,15,129.71
78,15,129.52
79,15,129.33
80,15,131.15
81,15,130.94
82,15,130.74
83,15,130.52
84,15,130.31
85,15,115.97
86,15,115.75
87,15,115.52
88,15,115.29
89,15,115.05
90,15,132.98
91,15,132.74
92,15,132.5
93,15,132.25
94,15,132.01
95,15,117.63
96,15,117.38
97,15,117.13
98,15,116.88
99,15,116.62
100,15,100.77
101,15,100.52
102,15,110.82
103,15,110.56
104,15,110.31
105,15,98.96
106,15,98.71
107,15,98.46
108,15,98.22
109,15,97.98
110,15,117.92
111,15,117.68
112,15,117.44
113,15,117.2
114,15,116.97
115,15,109.69
116,15,109.46
117,15,109.24
118,15,109.03
119,15,108.82
120,15,115.66
121,15,115.46
122,15,115.26
123,15,115.06
124,15,114.88
125,15,94.57
126,15,94.4
127,15,94.25
128,15,94.09
129,15,93.93
130,15,98.81
131,15,98.67
132,15,98.53
133,15,98.41
134,15,98.29
135,15,93.15
136,15,93.05
137,15,92.95
138,15,92.86
139,15,92.78
140,15,129.79
141,15,129.72
142,15,129.65
143,15,129.59
144,15,129.54
145,15,104.45
146,15,104.42
147,15,104.4
148,15,104.38
149,15,104.38
150,15,92.34
151,15,92.35
152,15,92.39
153,15,92.41
154,15,92.45
155,15,116.5
156,15,116.55
157,15,116.61
158,15,116.67
159,15,116.74
160,15,101.81
161,15,101.9
162,15,101.99
163,15,102.09
164,15,102.2
165,15,118.32
166,15,118.44
167,15,118.57
168,15,118.71
169,15,118.85
170,15,110.0
171,15,110.16
172,15,110.32
173,15,110.49
174,15,110.66
175,15,94.84
176,15,95.03
177,15,95.22
178,15,95.42
179,15,95.62
180,15,124.83
181,15,125.04
182,15,125.25
183,15,125.47
184,15,125.69
185,15,118.92
186,15,119.15
187,15,119.38
188,15,119.62
189,15,119.86
190,15,104.1
191,15,104.34
192,15,104.59
193,15,104.83
194,15,105.08
195,15,138.33
196,15,138.58
197,15,138.83
198,15,139.09
199,15,139.34
0,16,102.2
1,16,102.45
2,16,139.76
3,16,140.01
4,16,140.26
5,16,129.51
6,16,129.76
7,16,130.0
8,16,130.25
9,16,130.49
10,16,102.73
11,16,102.97
12,16,103.21
13,16,103.44
14,16,103.67
15,16,123.9
16,16,124.12
17,16,124.34
18,16,124.56
19,16,124.77
20,16,124.97
21,16,125.18
22,16,125.37
23,16,125.56
24,16,125.75
25,16,105.93
26,16,106.1
27,16,106.27
28,16,106.44
29,16,106.59
30,16,129.75
31,16,129.89
32,16,130.03
33,16,130.16
34,16,130.29
35,16,119.4
36,16,119.51
37,16,119.62
38,16,119.71
39,16,119.8
40,16,143.9
41,16,143.97
42,16,144.04
43,16,144.1
44,16,144.15
45,16,114.17
46,16,114.2
47,16,114.23
48,16,114.25
49,16,114.26
50,16,108.5
51,16,108.49
52,16,113.24
53,16,113.22
54,16,113.19
55,16,120.17
56,16,120.12
57,16,120.07
58,16,120.01
59,16,119.95
60,16,147.96
61,16,147.88
62,16,147.8
63,16,147.71
64,16,147.61
65,16,120.39
66,16,120.28
67,16,120.15
68,16,120.02
69,16,119.88
70,16,119.74
71,16,119.59
72,16,119.43
73,16,119.27
74,16,119.1
75,16,107.05
76,16,106.87
77,16,129.64
78,16,129.46
79,16,129.27
80,16,131.08
81,16,130.88
82,16,130.68
83,16,130.47
84,16,130.25
85,16,115.9
86,16,115.67
87,16,115.45
88,16,115.21
89,16,114.98
90,16,132.93
91,16,132.69
92,16,132.45
93,16,132.21
94,16,131.96
95,16,117.56
96,16,117.31
97,16,117.06
98,16,116.81
99,16,116.56
100,16,100.68
101,16,100.43
102,16,110.74
103,16,110.49
104,16,110.24
105,16,98.87
106,16,98.62
107,16,98.37
108,16,98.13
109,16,97.89
110,16,117.85
111,16,117.61
112,16,117.38
113,16,117.14
114,16,116.91
115,16,109.61
116,16,109.39
117,16,109.17
118,16,108.95
119,16,108.74
120,16,115.59
121,16,115.39
122,16,115.19
123,16,115.0
124,16,114.81
125,16,94.48
126,16,94.31
127,16,94.16
128,16,94.0
129,16,93.85
130,16,98.73
131,16,98.59
132,16,98.45
133,16,98.33
134,16,98.2
135,16,93.07
136,16,92.97
137,16,92.87
138,16,92.78
139,16,92.69
140,16,129.72
141,16,129.65
142,16,129.58
143,16,129.52
144,16,129.47
145,16,104.38
146,16,104.34
147,16,104.32
148,16,104.3
149,16,104.29
150,16,92.25
151,16,92.26
152,16,92.3
153,16,92.33
154,16,92.36
155,16,116.42
156,16,116.47
157,16,116.52
158,16,116.59
159,16,116.66
160,16,101.73
161,16,101.81
162,16,101.91
163,16,102.01
164,16,102.12
165,16,118.24
166,16,118.36
167,16,118.49
168,16,118.62
169,16,118.77
170,16,109.91
171,16,110.07
172,16,110.23
173,16,110.4
174,16,110.58
175,16,94.75
176,16,94.94
177,16,95.13
178,16,95.33
179,16,95.53
180,16,124.74
181,16,124.95
182,16,125.16
183,16,125.38
184,16,125.6
185,16,118.83
186,16,119.06
187,16,119.29
188,16,119.53
189,16,119.77
190,16,104.01
191,16,104.25
192,16,104.5
193,16,104.74
194,16,104.99
195,16,138.24
196,16,138.49
197,16,138.75
198,16,139.0
199,16,139.25
0,17,102.11
1,17,102.36
2,17,139.66
3,17,139.91
4,17,140.16
5,17,129.41
6,17,129.66
7,17,129.91
8,17,130.16
9,17,130.4
10,17,102.64
11,17,102.88
12,17,103.12
13,17,103.35
14,17,103.58
15,17,123.81
16,17,124.03
17,17,124.25
18,17,124.46
19,17,124.67
20,17,124.88
21,17,125.08
22,17,125.28
23,17,125.47
24,17,125.66
25,17,105.84
26,17,106.01
27,17,106.18
28,17,106.34
29,17,106.5
30,17,129.66
31,17,129.8
32,17,129.94
33,17,130.07
34,17,130.2
35,17,119.31
36,17,119.42
37,17,119.52
38,17,119.62
39,17,119.71
40,17,143.8
41,17,143.88
42,17,143.95
43,17,144.01
44,17,144.06
45,17,114.07
46,17,114.11
47,17,114.13
48,17,114.15
49,17,114.16
50,17,108.41
51,17,108.4
52,17,113.15
53,17,113.12
54,17,113.1
55,17,120.08
56,17,120.03
57,17,119.98
58,17,119.92
59,17,119.86
60,17,147.88
61,17,147.81
62,17,147.72
63,17,147.64
64,17,147.54
65,17,120.31
66,17,120.19
67,17,120.07
68,17,119.94
69,17,119.8
70,17,119.66
71,17,119.51
72,17,119.35
73,17,119.19
74,17,119.02
75,17,106.96
76,17,106.77
77,17,129.58
78,17,129.39
79,17,129.2
80,17,131.02
81,17,130.82
82,17,130.62
83,17,130.41
84,17,130.19
85,17,115.82
86,17,115.6
87,17,115.37
88,17,115.14
89,17,114.9
90,17,132.88
91,17,132.64
92,17,132.41
93,17,132.16
94,17,131.92
95,17,117.49
96,17,117.24
97,17,116.99
98,17,116.74
99,17,116.49
100,17,100.59
101,17,100.33
102,17,110.67
103,17,110.42
104,17,110.16
105,17,98.77
106,17,98.53
107,17,98.28
108,17,98.04
109,17,97.79
110,17,117.79
111,17,117.55
112,17,117.31
113,17,117.08
114,17,116.84
115,17,109.54
116,17,109.31
117,17,109.09
118,17,108.88
119,17,108.67
120,17,115.52
121,17,115.32
122,17,115.12
123,17,114.93
124,17,114.74
125,17,94.39
126,17,94.22
127,17,94.07
128,17,93.91
129,17,93.76
130,17,98.64
131,17,98.5
132,17,98.37
133,17,98.24
134,17,98.12
135,17,92.98
136,17,92.88
137,17,92.78
138,17,92.69
139,17,92.61
140,17,129.65
141,17,129.58
142,17,129.51
143,17,129.45
144,17,129.39
145,17,104.29
146,17,104.26
147,17,104.24
148,17,104.22
149,17,104.21
150,17,92.16
151,17,92.17
152,17,92.22
153,17,92.24
154,17,92.27
155,17,116.34
156,17,116.38
157,17,116.44
158,17,116.5
159,17,116.57
160,17,101.64
161,17,101.72
162,17,101.82
163,17,101.92
164,17,102.02
165,17,118.15
166,17,118.27
167,17,118.4
168,17,118.53
169,17,118.67
170,17,109.82
171,17,109.98
172,17,110.14
173,17,110.31
174,17,110.48
175,17,94.66
176,17,94.84
177,17,95.04
178,17,95.23
179,17,95.44
180,17,124.64
181,17,124.85
182,17,125.07
183,17,125.29
184,17,125.51
185,17,118.74
186,17,118.96
187,17,119.2
188,17,119.43
189,17,119.67
190,17,103.91
191,17,104.16
192,17,104.4
193,17,104.65
194,17,104.9
195,17,138.15
196,17,138.4
197,17,138.65
198,17,138.9
199,17,139.16
0,18,102.01
1,18,102.26
2,18,139.56
3,18,139.81
4,18,140.06
5,18,129.31
6,18,129.56
7,18,129.81
8,18,130.06
9,18,130.3
10,18,102.54
11,18,102.78
12,18,103.02
13,18,103.25
14,18,103.48
15,18,123.71
16,18,123.93
17,18,124.15
18,18,124.36
19,18,124.57
20,18,124.78
21,18,124.98
22,18,125.18
23,18,125.37
24,18,125.56
25,18,105.74
26,18,105.91
27,18,106.08
28,18,106.24
29,18,106.4
30,18,129.56
31,18,129.7
32,18,129.84
33,18,129.97
34,18,130.1
35,18,119.21
36,18,119.32
37,18,119.42
38,18,119.52
39,18,119.61
40,18,143.71
41,18,143.78
42,18,143.85
43,18,143.91
44,18,143.97
45,18,113.97
46,18,114.01
47,18,114.04
48,18,114.05
49,18,114.07
50,18,108.31
51,18,108.3
52,18,113.05
53,18,113.03
54,18,113.0
55,18,119.98
56,18,119.94
57,18,119.89
58,18,119.83
59,18,119.76
60,18,147.8
61,18,147.73
62,18,147.65
63,18,147.56
64,18,147.47
65,18,120.22
66,18,120.1
67,18,119.98
68,18,119.85
69,18,119.71
70,18,119.57
71,18,119.42
72,18,119.27
73,18,119.1
74,18,118.94
75,18,106.86
76,18,106.67
77,18,129.51
78,18,129.32
79,18,129.13
80,18,130.96
81,18,130.76
82,18,130.56
83,18,130.35
84,18,130.13
85,18,115.74
86,18,115.52
87,18,115.29
88,18,115.06
89,18,114.82
90,18,132.84
91,18,132.6
92,18,132.36
93,18,132.12
94,18,131.88
95,18,117.42
96,18,117.18
97,18,116.93
98,18,116.67
99,18,116.42
100,18,100.49
101,18,100.24
102,18,110.59
103,18,110.34
104,18,110.09
105,18,98.68
106,18,98.43
107,18,98.18
108,18,97.94
109,18,97.7
110,18,117.73
111,18,117.49
112,18,117.25
113,18,117.01
114,18,116.78
115,18,109.46
116,18,109.24
117,18,109.02
118,18,108.8
119,18,108.59
120,18,115.46
121,18,115.25
122,18,115.05
123,18,114.86
124,18,114.67
125,18,94.29
126,18,94.12
127,18,93.98
128,18,93.82
129,18,93.67
130,18,98.56
131,18,98.42
132,18,98.28
133,18,98.15
134,18,98.03
135,18,92.89
136,18,92.79
137,18,92.69
138,18,92.6
139,18,92.52
140,18,129.58
141,18,129.51
142,18,129.44
143,18,129.37
144,18,129.32
145,18,104.21
146,18,104.18
147,18,104.15
148,18,104.13
149,18,104.13
150,18,92.06
151,18,92.07
152,18,92.13
153,18,92.15
154,18,92.18
155,18,116.25
156,18,116.3
157,18,116.35
158,18,116.41
159,18,116.48
160,18,101.54
161,18,101.63
162,18,101.72
163,18,101.82
164,18,101.93
165,18,118.05
166,18,118.17
167,18,118.3
168,18,118.44
169,18,118.58
170,18,109.73
171,18,109.88
172,18,110.04
173,18,110.21
174,18,110.38
175,18,94.56
176,18,94.74
177,18,94.94
178,18,95.14
179,18,95.34
180,18,124.54
181,18,124.75
182,18,124.97
183,18,125.19
184,18,125.41
185,18,118.64
186,18,118.87
187,18,119.1
188,18,119.33
189,18,119.57
190,18,103.81
191,18,104.06
192,18,104.3
193,18,104.55
194,18,104.8
195,18,138.05
196,18,138.3
197,18,138.55
198,18,138.8
199,18,139.06
0,19,101.9
1,19,102.15
2,19,139.46
3,19,139.71
4,19,139.96
5,19,129.21
6,19,129.46
7,19,129.71
8,19,129.95
9,19,130.2
10,19,102.44
11,19,102.68
12,19,102.91
13,19,103.14
14,19,103.37
15,19,123.6
16,19,123.83
17,19,124.04
18,19,124.26
19,19,124.47
20,19,124.68
21,19,124.88
22,19,125.08
23,19,125.27
24,19,125.45
25,19,105.63
26,19,105.81
27,19,105.98
28,19,106.14
29,19,106.3
30,19,129.45
31,19,129.6
32,19,129.74
33,19,129.87
34,19,129.99
35,19,119.11
36,19,119.22
37,19,119.32
38,19,119.42
39,19,119.51
40,19,143.61
41,19,143.68
42,19,143.75
43,19,143.81
44,19,143.87
45,19,113.87
46,19,113.91
47,19,113.93
48,19,113.95
49,19,113.96
50,19,108.2
51,19,108.2
52,19,112.94
53,19,112.92
54,19,112.9
55,19,119.88
56,19,119.84
57,19,119.79
58,19,119.73
59,19,119.67
60,19,147.72
61,19,147.65
62,19,147.57
63,19,147.49
64,19,147.39
65,19,120.12
66,19,120.01
67,19,119.89
68,19,119.76
69,19,119.62
70,19,119.48
71,19,119.33
72,19,119.18
73,19,119.02
74,19,118.85
75,19,106.75
76,19,106.57
77,19,129.44
78,19,129.25
79,19,129.06
80,19,130.9
81,19,130.7
82,19,130.49
83,19,130.29
84,19,130.08
85,19,115.66
86,19,115.44
87,19,115.21
88,19,114.98
89,19,114.74
90,19,132.79
91,19,132.56
92,19,132.32
93,19,132.08
94,19,131.84
95,19,117.35
96,19,117.11
97,19,116.86
98,19,116.6
99,19,116.35
100,19,100.39
101,19,100.13
102,19,110.51
103,19,110.26
104,19,110.01
105,19,98.57
106,19,98.32
107,19,98.08
108,19,97.83
109,19,97.59
110,19,117.66
111,19,117.42
112,19,117.18
113,19,116.94
114,19,116.71
115,19,109.38
116,19,109.16
117,19,108.94
118,19,108.72
119,19,108.51
120,19,115.38
121,19,115.18
122,19,114.98
123,19,114.78
124,19,114.59
125,19,94.19
126,19,94.01
127,19,93.88
128,19,93.72
129,19,93.57
130,19,98.47
131,19,98.33
132,19,98.19
133,19,98.07
134,19,97.95
135,19,92.8
136,19,92.7
137,19,92.6
138,19,92.51
139,19,92.43
140,19,129.51
141,19,129.43
142,19,129.36
143,19,129.3
144,19,129.25
145,19,104.12
146,19,104.09
147,19,104.07
148,19,104.05
149,19,104.04
150,19,91.96
151,19,91.97
152,19,92.04
153,19,92.06
154,19,92.09
155,19,116.16
156,19,116.2
157,19,116.26
158,19,116.32
159,19,116.38
160,19,101.45
161,19,101.53
162,19,101.62
163,19,101.72
164,19,101.83
165,19,117.95
166,19,118.07
167,19,118.2
168,19,118.34
169,19,118.48
170,19,109.62
171,19,109.78
172,19,109.94
173,19,110.11
174,19,110.28
175,19,94.45
176,19,94.64
177,19,94.84
178,19,95.03
179,19,95.23
180,19,124.44
181,19,124.65
182,19,124.86
183,19,125.08
184,19,125.31
185,19,118.53
186,19,118.76
187,19,118.99
188,19,119.23
189,19,119.47
190,19,103.71
191,19,103.95
192,19,104.2
193,19,104.45
194,19,104.69
195,19,137.95
196,19,138.2
197,19,138.45
198,19,138.7
199,19,138.95
0,20,100.39
1,20,100.65
2,20,111.35
3,20,111.6
4,20,111.85
5,20,140.1
6,20,140.35
7,20,140.6
8,20,140.84
9,20,141.09
10,20,120.33
11,20,120.57
12,20,120.8
13,20,121.04
14,20,121.27
15,20,121.49
16,20,121.72
17,20,121.93
18,20,122.15
19,20,122.36
20,20,131.57
21,20,131.77
22,20,131.97
23,20,132.16
24,20,132.35
25,20,106.62
26,20,106.8
27,20,127.87
28,20,128.04
29,20,128.19
30,20,127.34
31,20,127.49
32,20,127.63
33,20,127.76
34,20,127.89
35,20,106.99
36,20,107.1
37,20,107.2
38,20,107.3
39,20,107.39
40,20,123.48
41,20,123.56
42,20,123.62
43,20,123.68
44,20,123.73
45,20,142.81
46,20,142.85
47,20,142.88
48,20,142.9
49,20,142.92
50,20,108.34
51,20,108.34
52,20,117.85
53,20,117.83
54,20,117.81
55,20,126.8
56,20,126.76
57,20,126.72
58,20,126.66
59,20,126.6
60,20,128.54
61,20,128.46
62,20,128.38
63,20,128.29
64,20,128.19
65,20,143.19
66,20,143.09
67,20,142.98
68,20,142.86
69,20,142.73
70,20,130.49
71,20,130.35
72,20,130.2
73,20,130.04
74,20,129.88
75,20,105.43
76,20,105.25
77,20,105.06
78,20,104.87
79,20,104.67
80,20,104.46
81,20,104.25
82,20,104.04
83,20,103.82
84,20,103.6
85,20,134.89
86,20,134.67
87,20,134.45
88,20,134.23
89,20,134.0
90,20,117.48
91,20,117.24
92,20,117.0
93,20,116.76
94,20,116.51
95,20,121.36
96,20,121.11
97,20,120.86
98,20,120.61
99,20,120.36
100,20,100.02
101,20,99.77
102,20,105.33
103,20,105.08
104,20,104.83
105,20,98.46
106,20,98.22
107,20,97.97
108,20,97.73
109,20,97.48
110,20,113.53
111,20,113.29
112,20,113.05
113,20,112.81
114,20,112.58
115,20,119.46
116,20,119.23
117,20,119.01
118,20,118.79
119,20,118.57
120,20,108.22
121,20,108.02
122,20,107.82
123,20,107.63
124,20,107.44
125,20,96.05
126,20,95.88
127,20,133.18
128,20,133.01
129,20,132.84
130,20,128.64
131,20,128.49
132,20,128.34
133,20,128.2
134,20,128.07
135,20,127.95
136,20,127.83
137,20,127.72
138,20,127.62
139,20,127.52
140,20,92.26
141,20,92.19
142,20,92.13
143,20,92.08
144,20,92.04
145,20,92.0
146,20,91.97
147,20,91.94
148,20,91.93
149,20,91.92
150,20,93.3
151,20,93.31
152,20,121.0
153,20,121.02
154,20,121.04
155,20,92.03
156,20,92.08
157,20,92.13
158,20,92.19
159,20,92.26
160,20,112.36
161,20,112.44
162,20,112.53
163,20,112.63
164,20,112.73
165,20,120.85
166,20,120.97
167,20,121.1
168,20,121.23
169,20,121.37
170,20,93.51
171,20,93.67
172,20,93.83
173,20,94.0
174,20,94.17
175,20,95.4
176,20,95.58
177,20,115.73
178,20,115.93
179,20,116.13
180,20,124.33
181,20,124.54
182,20,124.76
183,20,124.97
184,20,125.2
185,20,102.42
186,20,102.65
187,20,102.88
188,20,103.12
189,20,103.36
190,20,119.6
191,20,119.84
192,20,120.09
193,20,120.34
194,20,120.59
195,20,137.84
196,20,138.09
197,20,138.34
198,20,138.59
199,20,138.84
0,21,100.28
1,21,100.53
2,21,111.23
3,21,111.49
4,21,111.74
5,21,139.99
6,21,140.24
7,21,140.48
8,21,140.73
9,21,140.97
10,21,120.21
11,21,120.45
12,21,120.69
13,21,120.92
14,21,121.15
15,21,121.38
16,21,121.6
17,21,121.82
18,21,122.04
19,21,122.25
20,21,131.45
21,21,131.66
22,21,131.85
23,21,132.05
24,21,132.23
25,21,106.51
26,21,106.68
27,21,127.76
28,21,127.92
29,21,128.08
30,21,127.23
31,21,127.38
32,21,127.52
33,21,127.65
34,21,127.77
35,21,106.88
36,21,106.99
37,21,107.09
38,21,107.18
39,21,107.27
40,21,123.37
41,21,123.45
42,21,123.51
43,21,123.57
44,21,123.62
45,21,142.7
46,21,142.74
47,21,142.78
48,21,142.8
49,21,142.82
50,21,108.23
51,21,108.22
52,21,117.74
53,21,117.72
54,21,117.7
55,21,126.7
56,21,126.66
57,21,126.61
58,21,126.56
59,21,126.5
60,21,128.44
61,21,128.36
62,21,128.28
63,21,128.19
64,21,128.1
65,21,143.11
66,21,143.01
67,21,142.9
68,21,142.79
69,21,142.66
70,21,130.41
71,21,130.27
72,21,130.12
73,21,129.97
74,21,129.81
75,21,105.32
76,21,105.13
77,21,104.95
78,21,104.75
79,21,104.55
80,21,104.35
81,21,104.14
82,21,103.93
83,21,103.71
84,21,103.49
85,21,134.85
86,21,134.63
87,21,134.41
88,21,134.19
89,21,133.96
90,21,117.4
91,21,117.17
92,21,116.93
93,21,116.68
94,21,116.44
95,21,121.3
96,21,121.05
97,21,120.8
98,21,120.55
99,21,120.3
100,21,99.91
101,21,99.66
102,21,105.23
103,21,104.98
104,21,104.73
105,21,98.35
106,21,98.1
107,21,97.86
108,21,97.61
109,21,97.37
110,21,113.46
111,21,113.22
112,21,112.98
113,21,112.74
114,21,112.5
115,21,119.4
116,21,119.17
117,21,118.95
118,21,118.72
119,21,118.51
120,21,108.14
121,21,107.93
122,21,107.74
123,21,107.54
124,21,107.36
125,21,95.94
126,21,95.77
127,21,133.14
128,21,132.96
129,21,132.79
130,21,128.59
131,21,128.43
132,21,128.29
133,21,128.14
134,21,128.01
135,21,127.89
136,21,127.77
137,21,127.66
138,21,127.55
139,21,127.46
140,21,92.17
141,21,92.1
142,21,92.04
143,21,91.99
144,21,91.94
145,21,91.91
146,21,91.88
147,21,91.85
148,21,91.84
149,21,91.83
150,21,93.19
151,21,93.2
152,21,120.91
153,21,120.93
154,21,120.95
155,21,91.94
156,21,91.98
157,21,92.03
158,21,92.09
159,21,92.16
160,21,112.26
161,21,112.34
162,21,112.43
163,21,112.53
164,21,112.63
165,21,120.75
166,21,120.87
167,21,120.99
168,21,121.12
169,21,121.27
170,21,93.4
171,21,93.56
172,21,93.72
173,21,93.89
174,21,94.06
175,21,95.28
176,21,95.47
177,21,115.62
178,21,115.81
179,21,116.01
180,21,124.22
181,21,124.43
182,21,124.64
183,21,124.86
184,21,125.08
185,21,102.31
186,21,102.54
187,21,102.77
188,21,103.01
189,21,103.25
190,21,119.49
191,21,119.73
192,21,119.98
193,21,120.22
194,21,120.47
195,21,137.72
196,21,137.97
197,21,138.22
198,21,138.48
199,21,138.73
0,22,100.16
1,22,100.41
2,22,111.11
3,22,111.37
4,22,111.62
5,22,139.87
6,22,140.12
7,22,140.36
8,22,140.61
9,22,140.85
10,22,120.09
11,22,120.33
12,22,120.57
13,22,120.8
14,22,121.03
15,22,121.26
16,22,121.48
17,22,121.7
18,22,121.92
19,22,122.13
20,22,131.34
21,22,131.54
22,22,131.73
23,22,131.93
24,22,132.11
25,22,106.39
26,22,106.56
27,22,127.64
28,22,127.8
29,22,127.96
30,22,127.11
31,22,127.26
32,22,127.4
33,22,127.53
34,22,127.66
35,22,106.76
36,22,106.87
37,22,106.97
38,22,107.07
39,22,107.15
40,22,123.25
41,22,123.33
42,22,123.4
43,22,123.46
44,22,123.51
45,22,142.59
46,22,142.63
47,22,142.67
48,22,142.69
49,22,142.71
50,22,108.11
51,22,108.11
52,22,117.63
53,22,117.61
54,22,117.58
55,22,126.59
56,22,126.55
57,22,126.51
58,22,126.45
59,22,126.39
60,22,128.34
61,22,128.26
62,22,128.18
63,22,128.09
64,22,128.0
65,22,143.04
66,22,142.94
67,22,142.83
68,22,142.72
69,22,142.6
70,22,130.32
71,22,130.18
72,22,130.04
73,22,129.89
74,22,129.73
75,22,105.2
76,22,105.02
77,22,104.83
78,22,104.63
79,22,104.43
80,22,104.23
81,22,104.02
82,22,103.81
83,22,103.59
84,22,103.37
85,22,134.81
86,22,134.6
87,22,134.38
88,22,134.16
89,22,133.93
90,22,117.33
91,22,117.09
92,22,116.85
93,22,116.61
94,22,116.37
95,22,121.24
96,22,121.0
97,22,120.75
98,22,120.5
99,22,120.25
100,22,99.79
101,22,99.54
102,22,105.13
103,22,104.88
104,22,104.63
105,22,98.23
106,22,97.98
107,22,97.74
108,22,97.49
109,22,97.25
110,22,113.39
111,22,113.14
112,22,112.9
113,22,112.67
114,22,112.43
115,22,119.35
116,22,119.12
117,22,118.89
118,22,118.66
119,22,118.45
120,22,108.05
121,22,107.85
122,22,107.65
123,22,107.46
124,22,107.27
125,22,95.82
126,22,95.65
127,22,133.1
128,22,132.92
129,22,132.75
130,22,128.54
131,22,128.38
132,22,128.23
133,22,128.09
134,22,127.96
135,22,127.83
136,22,127.71
137,22,127.6
138,22,127.49
139,22,127.39
140,22,92.08
141,22,92.01
142,22,91.95
143,22,91.9
144,22,91.86
145,22,91.82
146,22,91.79
147,22,91.76
148,22,91.74
149,22,91.74
150,22,93.07
151,22,93.08
152,22,120.82
153,22,120.84
154,22,120.86
155,22,91.84
156,22,91.88
157,22,91.93
158,22,91.99
159,22,92.06
160,22,112.16
161,22,112.24
162,22,112.32
163,22,112.42
164,22,112.52
165,22,120.64
166,22,120.76
167,22,120.88
168,22,121.01
169,22,121.15
170,22,93.29
171,22,93.44
172,22,93.6
173,22,93.77
174,22,93.94
175,22,95.16
176,22,95.35
177,22,115.5
178,22,115.7
179,22,115.9
180,22,124.1
181,22,124.31
182,22,124.52
183,22,124.74
184,22,124.96
185,22,102.19
186,22,102.42
187,22,102.65
188,22,102.89
189,22,103.13
190,22,119.37
191,22,119.61
192,22,119.86
193,22,120.1
194,22,120.35
195,22,137.6
196,22,137.85
197,22,138.11
198,22,138.36
199,22,138.61
0,23,100.04
1,23,100.29
2,23,110.99
3,23,111.24
4,23,111.49
5,23,139.74
6,23,139.99
7,23,140.24
8,23,140.49
9,23,140.73
10,23,119.97
11,23,120.21
12,23,120.45
13,23,120.68
14,23,120.91
15,23,121.14
16,23,121.36
17,23,121.58
18,23,121.79
19,23,122.0
20,23,131.21
21,23,131.41
22,23,131.61
23,23,131.8
24,23,131.99
25,23,106.27
26,23,106.44
27,23,127.52
28,23,127.68
29,23,127.84
30,23,126.99
31,23,127.14
32,23,127.28
33,23,127.41
34,23,127.53
35,23,106.63
36,23,106.74
37,23,106.85
38,23,106.94
39,23,107.03
40,23,123.13
41,23,123.21
42,23,123.28
43,23,123.34
44,23,123.39
45,23,142.48
46,23,142.52
47,23,142.56
48,23,142.58
49,23,142.6
50,23,107.99
51,23,107.98
52,23,117.51
53,23,117.49
54,23,117.47
55,23,126.48
56,23,126.44
57,23,126.4
58,23,126.35
59,23,126.29
60,23,128.23
61,23,128.16
62,23,128.08
63,23,127.99
64,23,127.9
65,23,142.96
66,23,142.86
67,23,142.76
68,23,142.65
69,23,142.53
70,23,130.24
71,23,130.1
72,23,129.96
73,23,129.81
74,23,129.66
75,23,105.08
76,23,104.89
77,23,104.7
78,23,104.51
79,23,104.31
80,23,104.11
81,23,103.9
82,23,103.69
83,23,103.47
84,23,103.25
85,23,134.78
86,23,134.57
87,23,134.35
88,23,134.13
89,23,133.91
90,23,117.25
91,23,117.02
92,23,116.78
93,23,116.54
94,23,116.29
95,23,121.19
96,23,120.94
97,23,120.7
98,23,120.45
99,23,120.19
100,23,99.67
101,23,99.42
102,23,105.03
103,23,104.78
104,23,104.53
105,23,98.11
106,23,97.86
107,23,97.62
108,23,97.37
109,23,97.13
110,23,113.32
111,23,113.07
112,23,112.83
113,23,112.59
114,23,112.36
115,23,119.29
116,23,119.06
117,23,118.83
118,23,118.61
119,23,118.39
120,23,107.97
121,23,107.77
122,23,107.57
123,23,107.38
124,23,107.19
125,23,95.71
126,23,95.53
127,23,133.07
128,23,132.89
129,23,132.71
130,23,128.49
131,23,128.34
132,23,128.19
133,23,128.04
134,23,127.91
135,23,127.78
136,23,127.66
137,23,127.54
138,23,127.44
139,23,127.34
140,23,91.99
141,23,91.93
142,23,91.87
143,23,91.81
144,23,91.77
145,23,91.73
146,23,91.7
147,23,91.67
148,23,91.66
149,23,91.65
150,23,92.95
151,23,92.96
152,23,120.74
153,23,120.75
154,23,120.77
155,23,91.74
156,23,91.78
157,23,91.83
158,23,91.89
159,23,91.95
160,23,112.05
161,23,112.13
162,23,112.22
163,23,112.31
164,23,112.41
165,23,120.53
166,23,120.65
167,23,120.77
168,23,120.9
169,23,121.04
170,23,93.17
171,23,93.32
172,23,93.48
173,23,93.65
174,23,93.82
175,23,95.04
176,23,95.22
177,23,115.38
178,23,115.57
179,23,115.77
180,23,123.98
181,23,124.19
182,23,124.4
183,23,124.62
184,23,124.84
185,23,102.07
186,23,102.3
187,23,102.53
188,23,102.76
189,23,103.0
190,23,119.24
191,23,119.49
192,23,119.73
193,23,119.98
194,23,120.23
195,23,137.48
196,23,137.73
197,23,137.98
198,23,138.23
199,23,138.49
0,24,99.91
1,24,100.16
2,24,110.86
3,24,111.12
4,24,111.37
5,24,139.62
6,24,139.87
7,24,140.11
8,24,140.36
9,24,140.6
10,24,119.84
11,24,120.08
12,24,120.32
13,24,120.55
14,24,120.78
15,24,121.01
16,24,121.23
17,24,121.45
18,24,121.67
19,24,121.88
20,24,131.09
21,24,131.29
22,24,131.48
23,24,131.68
24,24,131.86
25,24,106.14
26,24,106.31
27,24,127.39
28,24,127.55
29,24,127.71
30,24,126.86
31,24,127.01
32,24,127.15
33,24,127.28
34,24,127.41
35,24,106.51
36,24,106.62
37,24,106.72
38,24,106.81
39,24,106.9
40,24,123.01
41,24,123.08
42,24,123.15
43,24,123.21
44,24,123.27
45,24,142.36
46,24,142.41
47,24,142.44
48,24,142.47
49,24,142.49
50,24,107.86
51,24,107.85
52,24,117.39
53,24,117.37
54,24,117.34
55,24,126.37
56,24,126.33
57,24,126.29
58,24,126.24
59,24,126.18
60,24,128.13
61,24,128.06
62,24,127.98
63,24,127.89
64,24,127.8
65,24,142.88
66,24,142.79
67,24,142.69
68,24,142.58
69,24,142.47
70,24,130.16
71,24,130.02
72,24,129.88
73,24,129.74
74,24,129.58
75,24,104.95
76,24,104.76
77,24,104.58
78,24,104.38
79,24,104.18
80,24,103.98
81,24,103.77
82,24,103.56
83,24,103.34
84,24,103.12
85,24,134.75
86,24,134.54
87,24,134.33
88,24,134.11
89,24,133.89
90,24,117.18
91,24,116.95
92,24,116.71
93,24,116.47
94,24,116.22
95,24,121.14
96,24,120.89
97,24,120.65
98,24,120.4
99,24,120.15
100,24,99.54
101,24,99.29
102,24,104.93
103,24,104.68
104,24,104.42
105,24,97.98
106,24,97.73
107,24,97.49
108,24,97.25
109,24,97.01
110,24,113.25
111,24,113.01
112,24,112.76
113,24,112.53
114,24,112.29
115,24,119.25
116,24,119.01
117,24,118.78
118,24,118.56
119,24,118.34
120,24,107.89
121,24,107.69
122,24,107.49
123,24,107.3
124,24,107.11
125,24,95.58
126,24,95.41
127,24,133.04
128,24,132.86
129,24,132.69
130,24,128.46
131,24,128.3
132,24,128.15
133,24,128.0
134,24,127.87
135,24,127.74
136,24,127.61
137,24,127.5
138,24,127.39
139,24,127.29
140,24,91.91
141,24,91.84
142,24,91.78
143,24,91.73
144,24,91.69
145,24,91.65
146,24,91.61
147,24,91.59
148,24,91.57
149,24,91.56
150,24,92.83
151,24,92.83
152,24,120.66
153,24,120.67
154,24,120.69
155,24,91.64
156,24,91.68
157,24,91.73
158,24,91.79
159,24,91.85
160,24,111.95
161,24,112.03
162,24,112.11
163,24,112.2
164,24,112.3
165,24,120.42
166,24,120.53
167,24,120.65
168,24,120.78
169,24,120.92
170,24,93.05
171,24,93.2
172,24,93.36
173,24,93.53
174,24,93.7
175,24,94.91
176,24,95.1
177,24,115.25
178,24,115.45
179,24,115.65
180,24,123.85
181,24,124.06
182,24,124.28
183,24,124.49
184,24,124.72
185,24,101.94
186,24,102.17
187,24,102.4
188,24,102.64
189,24,102.88
190,24,119.12
191,24,119.36
192,24,119.61
193,24,119.85
194,24,120.1
195,24,137.35
196,24,137.6
197,24,137.85
198,24,138.11
199,24,138.36
0,25,100.58
1,25,100.83
2,25,101.08
3,25,101.33
4,25,101.58
5,25,101.98
6,25,102.23
7,25,102.48
8,25,102.73
9,25,102.97
10,25,102.16
11,25,102.4
12,25,102.63
13,25,102.87
14,25,103.1
15,25,104.37
16,25,104.6
17,25,104.82
18,25,105.03
19,25,105.24
20,25,104.9
21,25,105.1
22,25,105.3
23,25,105.49
24,25,105.67
25,25,105.31
26,25,105.48
27,25,105.65
28,25,105.81
29,25,105.97
30,25,107.32
31,25,107.47
32,25,107.6
33,25,107.73
34,25,107.86
35,25,107.48
36,25,107.59
37,25,107.69
38,25,107.78
39,25,107.87
40,25,106.85
41,25,106.92
42,25,106.99
43,25,107.04
44,25,107.09
45,25,107.54
46,25,107.57
47,25,107.6
48,25,107.62
49,25,107.63
50,25,109.18
51,25,109.18
52,25,109.17
53,25,109.15
54,25,109.12
55,25,108.58
56,25,108.53
57,25,108.48
58,25,108.42
59,25,108.35
60,25,106.81
61,25,106.73
62,25,106.63
63,25,106.54
64,25,106.43
65,25,107.28
66,25,107.16
67,25,107.03
68,25,106.9
69,25,106.76
70,25,107.48
71,25,107.33
72,25,107.17
73,25,107.0
74,25,106.83
75,25,105.38
76,25,105.19
77,25,105.01
78,25,104.81
79,25,104.61
80,25,104.57
81,25,104.36
82,25,104.14
83,25,103.93
84,25,103.71
85,25,104.31
86,25,104.08
87,25,103.85
88,25,103.62
89,25,103.38
90,25,102.99
91,25,102.74
92,25,102.5
93,25,102.26
94,25,102.01
95,25,102.17
96,25,101.92
97,25,101.67
98,25,101.42
99,25,101.17
100,25,101.07
101,25,100.82
102,25,100.57
103,25,100.31
104,25,100.06
105,25,97.84
106,25,97.6
107,25,97.35
108,25,97.11
109,25,96.86
110,25,97.55
111,25,97.32
112,25,97.08
113,25,96.85
114,25,96.62
115,25,96.91
116,25,96.69
117,25,96.47
118,25,96.26
119,25,96.05
120,25,95.69
121,25,95.49
122,25,95.29
123,25,95.1
124,25,94.92
125,25,95.51
126,25,95.33
127,25,95.17
128,25,95.01
129,25,94.85
130,25,94.65
131,25,94.51
132,25,94.37
133,25,94.24
134,25,94.12
135,25,93.65
136,25,93.55
137,25,93.45
138,25,93.36
139,25,93.27
140,25,93.5
141,25,93.43
142,25,93.36
143,25,93.31
144,25,93.26
145,25,91.71
146,25,91.68
147,25,91.66
148,25,91.65
149,25,91.64
150,25,92.6
151,25,92.61
152,25,92.62
153,25,92.65
154,25,92.68
155,25,92.37
156,25,92.42
157,25,92.47
158,25,92.54
159,25,92.61
160,25,91.69
161,25,91.78
162,25,91.87
163,25,91.97
164,25,92.08
165,25,93.55
166,25,93.67
167,25,93.8
168,25,93.94
169,25,94.08
170,25,93.28
171,25,93.44
172,25,93.6
173,25,93.77
174,25,93.95
175,25,94.28
176,25,94.46
177,25,94.66
178,25,94.85
179,25,95.05
180,25,96.61
181,25,96.82
182,25,97.04
183,25,97.25
184,25,97.48
185,25,97.4
186,25,97.63
187,25,97.87
188,25,98.1
189,25,98.34
190,25,98.18
191,25,98.43
192,25,98.67
193,25,98.92
194,25,99.17
195,25,98.22
196,25,98.47
197,25,98.72
198,25,98.97
199,25,99.23
0,26,100.44
1,26,100.69
2,26,100.94
3,26,101.2
4,26,101.45
5,26,101.85
6,26,102.1
7,26,102.34
8,26,102.59
9,26,102.83
10,26,102.02
11,26,102.26
12,26,102.5
13,26,102.73
14,26,102.96
15,26,104.24
16,26,104.46
17,26,104.68
18,26,104.9
19,26,105.11
20,26,104.76
21,26,104.96
22,26,105.16
23,26,105.35
24,26,105.54
25,26,105.17
26,26,105.34
27,26,105.51
28,26,105.68
29,26,105.83
30,26,107.18
31,26,107.33
32,26,107.47
33,26,107.6
34,26,107.72
35,26,107.34
36,26,107.45
37,26,107.55
38,26,107.65
39,26,107.74
40,26,106.71
41,26,106.79
42,26,106.85
43,26,106.91
44,26,106.96
45,26,107.4
46,26,107.43
47,26,107.46
48,26,107.48
49,26,107.49
50,26,109.05
51,26,109.04
52,26,109.03
53,26,109.01
54,26,108.98
55,26,108.44
56,26,108.4
57,26,108.34
58,26,108.28
59,26,108.22
60,26,106.67
61,26,106.59
62,26,106.5
63,26,106.4
64,26,106.29
65,26,107.14
66,26,107.02
67,26,106.9
68,26,106.76
69,26,106.62
70,26,107.35
71,26,107.19
72,26,107.04
73,26,106.87
74,26,106.7
75,26,105.24
76,26,105.06
77,26,104.87
78,26,104.68
79,26,104.48
80,26,104.43
81,26,104.22
82,26,104.01
83,26,103.79
84,26,103.57
85,26,104.18
86,26,103.95
87,26,103.72
88,26,103.49
89,26,103.25
90,26,102.86
91,26,102.61
92,26,102.37
93,26,102.12
94,26,101.88
95,26,102.05
96,26,101.8
97,26,101.54
98,26,101.29
99,26,101.04
100,26,100.94
101,26,100.69
102,26,100.44
103,26,100.19
104,26,99.94
105,26,97.71
106,26,97.46
107,26,97.21
108,26,96.97
109,26,96.73
110,26,97.42
111,26,97.18
112,26,96.95
113,26,96.72
114,26,96.49
115,26,96.78
116,26,96.56
117,26,96.34
118,26,96.13
119,26,95.92
120,26,95.56
121,26,95.36
122,26,95.16
123,26,94.97
124,26,94.79
125,26,95.38
126,26,95.2
127,26,95.04
128,26,94.88
129,26,94.72
130,26,94.52
131,26,94.38
132,26,94.24
133,26,94.11
134,26,93.99
135,26,93.52
136,26,93.42
137,26,93.32
138,26,93.22
139,26,93.14
140,26,93.36
141,26,93.29
142,26,93.23
143,26,93.18
144,26,93.13
145,26,91.58
146,26,91.55
147,26,91.53
148,26,91.51
149,26,91.51
150,26,92.46
151,26,92.47
152,26,92.49
153,26,92.51
154,26,92.55
155,26,92.24
156,26,92.28
157,26,92.34
158,26,92.4
159,26,92.48
160,26,91.55
161,26,91.64
162,26,91.74
163,26,91.84
164,26,91.95
165,26,93.41
166,26,93.54
167,26,93.67
168,26,93.81
169,26,93.95
170,26,93.15
171,26,93.31
172,26,93.47
173,26,93.64
174,26,93.81
175,26,94.14
176,26,94.33
177,26,94.52
178,26,94.72
179,26,94.92
180,26,96.47
181,26,96.68
182,26,96.9
183,26,97.12
184,26,97.34
185,26,97.27
186,26,97.5
187,26,97.73
188,26,97.97
189,26,98.21
190,26,98.05
191,26,98.29
192,26,98.54
193,26,98.78
194,26,99.03
195,26,98.08
196,26,98.33
197,26,98.58
198,26,98.84
199,26,99.09
0,27,100.3
1,27,100.55
2,27,126.45
3,27,126.71
4,27,126.96
5,27,130.21
6,27,130.46
7,27,130.7
8,27,130.95
9,27,131.19
10,27,110.43
11,27,110.67
12,27,110.91
13,27,111.14
14,27,111.37
15,27,132.6
16,27,132.82
17,27,133.04
18,27,133.26
19,27,133.47
20,27,122.68
21,27,122.88
22,27,123.08
23,27,123.27
24,27,123.45
25,27,105.03
26,27,105.2
27,27,112.98
28,27,113.14
29,27,113.3
30,27,137.47
31,27,137.62
32,27,137.76
33,27,137.89
34,27,138.02
35,27,128.13
36,27,128.24
37,27,128.35
38,27,128.45
39,27,128.54
40,27,106.57
41,27,106.65
42,27,106.71
43,27,106.77
44,27,106.82
45,27,114.89
46,27,114.93
47,27,114.96
48,27,114.98
49,27,114.99
50,27,108.91
51,27,108.91
52,27,146.21
53,27,146.21
54,27,146.2
55,27,136.1
56,27,136.08
57,27,136.04
58,27,136.0
59,27,135.96
60,27,106.53
61,27,106.45
62,27,106.36
63,27,106.26
64,27,106.15
65,27,125.37
66,27,125.27
67,27,125.17
68,27,125.05
69,27,124.93
70,27,142.2
71,27,142.09
72,27,141.97
73,27,141.84
74,27,141.71
75,27,105.1
76,27,104.92
77,27,115.51
78,27,115.33
79,27,115.14
80,27,118.06
81,27,117.86
82,27,117.67
83,27,117.46
84,27,117.26
85,27,133.69
86,27,133.49
87,27,133.29
88,27,133.08
89,27,132.86
90,27,129.51
91,27,129.29
92,27,129.06
93,27,128.83
94,27,128.59
95,27,136.73
96,27,136.49
97,27,136.25
98,27,136.01
99,27,135.76
100,27,100.81
101,27,100.56
102,27,138.14
103,27,137.88
104,27,137.62
105,27,97.58
106,27,97.33
107,27,97.09
108,27,96.85
109,27,96.61
110,27,115.16
111,27,114.91
112,27,114.67
113,27,114.42
114,27,114.19
115,27,124.34
116,27,124.1
117,27,123.86
118,27,123.63
119,27,123.4
120,27,120.07
121,27,119.86
122,27,119.65
123,27,119.45
124,27,119.25
125,27,95.25
126,27,95.07
127,27,134.08
128,27,133.89
129,27,133.7
130,27,132.51
131,27,132.34
132,27,132.18
133,27,132.03
134,27,131.89
135,27,124.63
136,27,124.51
137,27,124.39
138,27,124.28
139,27,124.18
140,27,130.16
141,27,130.07
142,27,129.98
143,27,129.9
144,27,129.83
145,27,99.51
146,27,99.47
147,27,99.44
148,27,99.41
149,27,99.39
150,27,92.33
151,27,92.34
152,27,118.46
153,27,118.46
154,27,118.46
155,27,111.45
156,27,111.48
157,27,111.51
158,27,111.55
159,27,111.6
160,27,91.61
161,27,91.69
162,27,91.76
163,27,91.85
164,27,91.94
165,27,119.08
166,27,119.19
167,27,119.3
168,27,119.43
169,27,119.56
170,27,100.68
171,27,100.83
172,27,100.98
173,27,101.14
174,27,101.31
175,27,94.0
176,27,94.19
177,27,104.86
178,27,105.05
179,27,105.25
180,27,132.45
181,27,132.66
182,27,132.87
183,27,133.09
184,27,133.31
185,27,127.53
186,27,127.76
187,27,128.0
188,27,128.23
189,27,128.47
190,27,120.71
191,27,120.95
192,27,121.2
193,27,121.44
194,27,121.69
195,27,97.94
196,27,98.19
197,27,98.44
198,27,98.7
199,27,98.95
0,28,100.15
1,28,100.41
2,28,126.31
3,28,126.56
4,28,126.81
5,28,130.06
6,28,130.31
7,28,130.56
8,28,130.8
9,28,131.05
10,28,110.29
11,28,110.53
12,28,110.76
13,28,111.0
14,28,111.23
15,28,132.46
16,28,132.68
17,28,132.9
18,28,133.12
19,28,133.33
20,28,122.53
21,28,122.73
22,28,122.93
23,28,123.12
24,28,123.31
25,28,104.88
26,28,105.06
27,28,112.83
28,28,113.0
29,28,113.15
30,28,137.33
31,28,137.48
32,28,137.62
33,28,137.75
34,28,137.88
35,28,127.99
36,28,128.1
37,28,128.21
38,28,128.31
39,28,128.4
40,28,106.43
41,28,106.5
42,28,106.57
43,28,106.62
44,28,106.67
45,28,114.75
46,28,114.79
47,28,114.82
48,28,114.84
49,28,114.85
50,28,108.77
51,28,108.76
52,28,146.1
53,28,146.1
54,28,146.1
55,28,135.99
56,28,135.97
57,28,135.94
58,28,135.9
59,28,135.86
60,28,106.39
61,28,106.3
62,28,106.21
63,28,106.11
64,28,106.01
65,28,125.27
66,28,125.17
67,28,125.07
68,28,124.96
69,28,124.84
70,28,142.16
71,28,142.05
72,28,141.94
73,28,141.82
74,28,141.7
75,28,104.96
76,28,104.78
77,28,115.41
78,28,115.23
79,28,115.05
80,28,117.98
81,28,117.78
82,28,117.59
83,28,117.39
84,28,117.18
85,28,133.7
86,28,133.51
87,28,133.3
88,28,133.1
89,28,132.89
90,28,129.52
91,28,129.3
92,28,129.08
93,28,128.85
94,28,128.61
95,28,136.8
96,28,136.56
97,28,136.32
98,28,136.08
99,28,135.83
100,28,100.68
101,28,100.43
102,28,138.23
103,28,137.97
104,28,137.7
105,28,97.44
106,28,97.19
107,28,96.95
108,28,96.71
109,28,96.47
110,28,115.12
111,28,114.87
112,28,114.63
113,28,114.38
114,28,114.15
115,28,124.35
116,28,124.11
117,28,123.87
118,28,123.63
119,28,123.4
120,28,120.06
121,28,119.85
122,28,119.64
123,28,119.43
124,28,119.24
125,28,95.11
126,28,94.94
127,28,134.11
128,28,133.92
129,28,133.74
130,28,132.54
131,28,132.37
132,28,132.21
133,28,132.06
134,28,131.91
135,28,124.64
136,28,124.52
137,28,124.4
138,28,124.29
139,28,124.19
140,28,130.17
141,28,130.08
142,28,129.99
143,28,129.9
144,28,129.83
145,28,99.47
146,28,99.43
147,28,99.4
148,28,99.37
149,28,99.34
150,28,92.19
151,28,92.2
152,28,118.41
153,28,118.41
154,28,118.41
155,28,111.39
156,28,111.41
157,28,111.44
158,28,111.47
159,28,111.52
160,28,91.52
161,28,91.59
162,28,91.66
163,28,91.74
164,28,91.83
165,28,118.97
166,28,119.08
167,28,119.19
168,28,119.31
169,28,119.43
170,28,100.55
171,28,100.7
172,28,100.85
173,28,101.01
174,28,101.18
175,28,93.86
176,28,94.04
177,28,104.72
178,28,104.91
179,28,105.11
180,28,132.31
181,28,132.52
182,28,132.73
183,28,132.95
184,28,133.17
185,28,127.39
186,28,127.62
187,28,127.85
188,28,128.09
189,28,128.32
190,28,120.56
191,28,120.81
192,28,121.05
193,28,121.3
194,28,121.55
195,28,97.8
196,28,98.05
197,28,98.3
198,28,98.55
199,28,98.8
0,29,100.01
1,29,100.26
2,29,126.16
3,29,126.41
4,29,126.66
5,29,129.91
6,29,130.16
7,29,130.41
8,29,130.66
9,29,130.9
10,29,110.14
11,29,110.38
12,29,110.62
13,29,110.85
14,29,111.08
15,29,132.31
16,29,132.53
17,29,132.75
18,29,132.97
19,29,133.18
20,29,122.38
21,29,122.59
22,29,122.78
23,29,122.98
24,29,123.16
25,29,104.74
26,29,104.91
27,29,112.68
28,29,112.85
29,29,113.01
30,29,137.18
31,29,137.33
32,29,137.47
33,29,137.61
34,29,137.74
35,29,127.84
36,29,127.96
37,29,128.07
38,29,128.17
39,29,128.26
40,29,106.28
41,29,106.35
42,29,106.42
43,29,106.47
44,29,106.52
45,29,114.61
46,29,114.64
47,29,114.67
48,29,114.7
49,29,114.71
50,29,108.62
51,29,108.62
52,29,145.99
53,29,146.0
54,29,146.0
55,29,135.88
56,29,135.86
57,29,135.83
58,29,135.8
59,29,135.76
60,29,106.24
61,29,106.16
62,29,106.06
63,29,105.97
64,29,105.86
65,29,125.17
66,29,125.08
67,29,124.97
68,29,124.87
69,29,124.75
70,29,142.13
71,29,142.03
72,29,141.92
73,29,141.81
74,29,141.69
75,29,104.82
76,29,104.63
77,29,115.31
78,29,115.13
79,29,114.95
80,29,117.9
81,29,117.71
82,29,117.52
83,29,117.32
84,29,117.12
85,29,133.73
86,29,133.53
87,29,133.34
88,29,133.14
89,29,132.93
90,29,129.55
91,29,129.33
92,29,129.11
93,29,128.88
94,29,128.65
95,29,136.89
96,29,136.65
97,29,136.41
98,29,136.17
99,29,135.92
100,29,100.55
101,29,100.29
102,29,138.34
103,29,138.08
104,29,137.82
105,29,97.29
106,29,97.05
107,29,96.8
108,29,96.56
109,29,96.33
110,29,115.09
111,29,114.84
112,29,114.6
113,29,114.36
114,29,114.12
115,29,124.38
116,29,124.13
117,29,123.89
118,29,123.65
119,29,123.42
120,29,120.07
121,29,119.85
122,29,119.64
123,29,119.44
124,29,119.24
125,29,94.97
126,29,94.8
127,29,134.17
128,29,133.98
129,29,133.8
130,29,132.59
131,29,132.42
132,29,132.26
133,29,132.11
134,29,131.96
135,29,124.67
136,29,124.55
137,29,124.43
138,29,124.32
139,29,124.21
140,29,130.21
141,29,130.11
142,29,130.02
143,29,129.93
144,29,129.85
145,29,99.46
146,29,99.41
147,29,99.37
148,29,99.34
149,29,99.31
150,29,92.05
151,29,92.05
152,29,118.38
153,29,118.37
154,29,118.36
155,29,111.34
156,29,111.35
157,29,111.37
158,29,111.4
159,29,111.44
160,29,91.43
161,29,91.49
162,29,91.56
163,29,91.64
164,29,91.73
165,29,118.87
166,29,118.96
167,29,119.07
168,29,119.19
169,29,119.31
170,29,100.43
171,29,100.57
172,29,100.72
173,29,100.88
174,29,101.04
175,29,93.71
176,29,93.9
177,29,104.58
178,29,104.77
179,29,104.96
180,29,132.17
181,29,132.38
182,29,132.59
183,29,132.8
184,29,133.02
185,29,127.25
186,29,127.47
187,29,127.7
188,29,127.94
189,29,128.18
190,29,120.42
191,29,120.66
192,29,120.9
193,29,121.15
194,29,121.4
195,29,97.65
196,29,97.9
197,29,98.15
198,29,98.4
199,29,98.66
0,30,99.0
1,30,99.26
2,30,109.01
3,30,109.26
4,30,109.51
5,30,118.76
6,30,119.01
7,30,119.26
8,30,119.5
9,30,119.75
10,30,109.99
11,30,110.23
12,30,110.46
13,30,110.7
14,30,110.93
15,30,140.16
16,30,140.38
17,30,140.6
18,30,140.82
19,30,141.03
20,30,129.24
21,30,129.44
22,30,129.64
23,30,129.83
24,30,130.02
25,30,104.18
26,30,104.36
27,30,104.53
28,30,104.69
29,30,104.85
30,30,105.0
31,30,105.14
32,30,105.28
33,30,105.41
34,30,105.53
35,30,111.66
36,30,111.78
37,30,111.88
38,30,111.98
39,30,112.07
40,30,114.16
41,30,114.23
42,30,114.3
43,30,114.36
44,30,114.41
45,30,136.58
46,30,136.63
47,30,136.68
48,30,136.71
49,30,136.74
50,30,107.26
51,30,107.25
52,30,121.64
53,30,121.63
54,30,121.61
55,30,131.72
56,30,131.7
57,30,131.67
58,30,131.64
59,30,131.6
60,30,117.29
61,30,117.22
62,30,117.14
63,30,117.06
64,30,116.97
65,30,132.25
66,30,132.17
67,30,132.08
68,30,131.99
69,30,131.89
70,30,135.91
71,30,135.81
72,30,135.7
73,30,135.58
74,30,135.46
75,30,104.87
76,30,104.69
77,30,119.39
78,30,119.23
79,30,119.05
80,30,129.37
81,30,129.2
82,30,129.03
83,30,128.85
84,30,128.67
85,30,139.05
86,30,138.87
87,30,138.69
88,30,138.5
89,30,138.3
90,30,100.87
91,30,100.63
92,30,100.38
93,30,100.14
94,30,99.89
95,30,119.92
96,30,119.68
97,30,119.44
98,30,119.19
99,30,118.94
100,30,98.65
101,30,98.39
102,30,103.23
103,30,102.98
104,30,102.73
105,30,97.14
106,30,96.9
107,30,96.66
108,30,96.42
109,30,96.18
110,30,105.51
111,30,105.27
112,30,105.04
113,30,104.81
114,30,104.58
115,30,101.19
116,30,100.97
117,30,100.76
118,30,100.56
119,30,100.36
120,30,108.56
121,30,108.36
122,30,108.17
123,30,107.98
124,30,107.8
125,30,93.33
126,30,93.15
127,30,104.2
128,30,104.06
129,30,103.92
130,30,126.48
131,30,126.32
132,30,126.17
133,30,126.02
134,30,125.88
135,30,108.35
136,30,108.24
137,30,108.15
138,30,108.06
139,30,107.97
140,30,109.92
141,30,109.85
142,30,109.77
143,30,109.7
144,30,109.64
145,30,112.61
146,30,112.56
147,30,112.51
148,30,112.46
149,30,112.42
150,30,92.41
151,30,92.41
152,30,128.44
153,30,128.41
154,30,128.39
155,30,128.39
156,30,128.38
157,30,128.39
158,30,128.41
159,30,128.43
160,30,104.39
161,30,104.44
162,30,104.5
163,30,104.57
164,30,104.65
165,30,110.75
166,30,110.84
167,30,110.95
168,30,111.06
169,30,111.18
170,30,92.29
171,30,92.43
172,30,92.58
173,30,92.73
174,30,92.9
175,30,93.71
176,30,93.89
177,30,107.43
178,30,107.62
179,30,107.82
180,30,108.02
181,30,108.22
182,30,108.43
183,30,108.65
184,30,108.87
185,30,112.09
186,30,112.32
187,30,112.55
188,30,112.79
189,30,113.02
190,30,103.26
191,30,103.51
192,30,103.75
193,30,104.0
194,30,104.25
195,30,109.5
196,30,109.75
197,30,110.0
198,30,110.25
199,30,110.5
0,31,98.85
1,31,99.1
2,31,108.85
3,31,109.11
4,31,109.36
5,31,118.61
6,31,118.86
7,31,119.1
8,31,119.35
9,31,119.59
10,31,109.83
11,31,110.07
12,31,110.31
13,31,110.54
14,31,110.77
15,31,140.0
16,31,140.23
17,31,140.45
18,31,140.66
19,31,140.88
20,31,129.08
21,31,129.28
22,31,129.48
23,31,129.67
24,31,129.86
25,31,104.03
26,31,104.2
27,31,104.37
28,31,104.53
29,31,104.69
30,31,104.84
31,31,104.99
32,31,105.12
33,31,105.26
34,31,105.38
35,31,111.51
36,31,111.62
37,31,111.73
38,31,111.82
39,31,111.91
40,31,114.0
41,31,114.08
42,31,114.15
43,31,114.21
44,31,114.26
45,31,136.45
46,31,136.5
47,31,136.55
48,31,136.58
49,31,136.62
50,31,107.11
51,31,107.1
52,31,121.5
53,31,121.49
54,31,121.48
55,31,131.6
56,31,131.58
57,31,131.56
58,31,131.53
59,31,131.49
60,31,117.16
61,31,117.09
62,31,117.02
63,31,116.93
64,31,116.85
65,31,132.17
66,31,132.1
67,31,132.01
68,31,131.93
69,31,131.83
70,31,135.88
71,31,135.78
72,31,135.68
73,31,135.57
74,31,135.45
75,31,104.72
76,31,104.54
77,31,119.32
78,31,119.16
79,31,118.99
80,31,129.37
81,31,129.21
82,31,129.04
83,31,128.86
84,31,128.69
85,31,139.15
86,31,138.97
87,31,138.79
88,31,138.61
89,31,138.41
90,31,100.72
91,31,100.47
92,31,100.23
93,31,99.98
94,31,99.74
95,31,119.93
96,31,119.69
97,31,119.44
98,31,119.2
99,31,118.95
100,31,98.49
101,31,98.24
102,31,103.12
103,31,102.87
104,31,102.62
105,31,96.99
106,31,96.75
107,31,96.51
108,31,96.27
109,31,96.04
110,31,105.44
111,31,105.2
112,31,104.97
113,31,104.73
114,31,104.51
115,31,101.1
116,31,100.88
117,31,100.68
118,31,100.48
119,31,100.28
120,31,108.53
121,31,108.33
122,31,108.14
123,31,107.96
124,31,107.79
125,31,93.18
126,31,93.0
127,31,104.19
128,31,104.05
129,31,103.91
130,31,126.56
131,31,126.4
132,31,126.25
133,31,126.11
134,31,125.97
135,31,108.38
136,31,108.29
137,31,108.19
138,31,108.1
139,31,108.02
140,31,109.98
141,31,109.9
142,31,109.82
143,31,109.75
144,31,109.68
145,31,112.66
146,31,112.6
147,31,112.54
148,31,112.49
149,31,112.44
150,31,92.26
151,31,92.27
152,31,128.46
153,31,128.42
154,31,128.39
155,31,128.38
156,31,128.37
157,31,128.36
158,31,128.37
159,31,128.39
160,31,104.33
161,31,104.37
162,31,104.42
163,31,104.49
164,31,104.56
165,31,110.65
166,31,110.74
167,31,110.84
168,31,110.94
169,31,111.06
170,31,92.16
171,31,92.3
172,31,92.45
173,31,92.6
174,31,92.76
175,31,93.55
176,31,93.74
177,31,107.29
178,31,107.48
179,31,107.67
180,31,107.87
181,31,108.07
182,31,108.28
183,31,108.5
184,31,108.72
185,31,111.94
186,31,112.17
187,31,112.4
188,31,112.63
189,31,112.87
190,31,103.11
191,31,103.35
192,31,103.6
193,31,103.84
194,31,104.09
195,31,109.34
196,31,109.59
197,31,109.84
198,31,110.1
199,31,110.35
0,32,98.69
1,32,98.94
2,32,108.69
3,32,108.95
4,32,109.2
5,32,118.45
6,32,118.7
7,32,118.94
8,32,119.19
9,32,119.43
10,32,109.67
11,32,109.91
12,32,110.15
13,32,110.38
14,32,110.61
15,32,139.85
16,32,140.07
17,32,140.29
18,32,140.51
19,32,140.72
20,32,128.92
21,32,129.13
22,32,129.32
23,32,129.52
24,32,129.71
25,32,103.87
26,32,104.04
27,32,104.21
28,32,104.38
29,32,104.53
30,32,104.68
31,32,104.83
32,32,104.97
33,32,105.1
34,32,105.22
35,32,111.35
36,32,111.46
37,32,111.57
38,32,111.67
39,32,111.76
40,32,113.85
41,32,113.92
42,32,113.99
43,32,114.06
44,32,114.11
45,32,136.31
46,32,136.37
47,32,136.41
48,32,136.46
49,32,136.49
50,32,106.95
51,32,106.94
52,32,121.36
53,32,121.36
54,32,121.34
55,32,131.49
56,32,131.47
57,32,131.45
58,32,131.43
59,32,131.39
60,32,117.03
61,32,116.96
62,32,116.89
63,32,116.81
64,32,116.72
65,32,132.11
66,32,132.03
67,32,131.96
68,32,131.87
69,32,131.78
70,32,135.86
71,32,135.76
72,32,135.67
73,32,135.57
74,32,135.46
75,32,104.57
76,32,104.39
77,32,119.25
78,32,119.09
79,32,118.93
80,32,129.38
81,32,129.22
82,32,129.06
83,32,128.89
84,32,128.72
85,32,139.26
86,32,139.1
87,32,138.92
88,32,138.74
89,32,138.55
90,32,100.56
91,32,100.32
92,32,100.07
93,32,99.83
94,32,99.58
95,32,119.94
96,32,119.71
97,32,119.46
98,32,119.22
99,32,118.97
100,32,98.34
101,32,98.08
102,32,103.01
103,32,102.76
104,32,102.51
105,32,96.84
106,32,96.6
107,32,96.36
108,32,96.12
109,32,95.89
110,32,105.37
111,32,105.13
112,32,104.9
113,32,104.67
114,32,104.44
115,32,101.01
116,32,100.8
117,32,100.6
118,32,100.4
119,32,100.21
120,32,108.52
121,32,108.32
122,32,108.14
123,32,107.96
124,32,107.79
125,32,93.02
126,32,92.85
127,32,104.19
128,32,104.05
129,32,103.93
130,32,126.68
131,32,126.52
132,32,126.37
133,32,126.23
134,32,126.09
135,32,108.45
136,32,108.35
137,32,108.26
138,32,108.18
139,32,108.1
140,32,110.06
141,32,109.98
142,32,109.9
143,32,109.83
144,32,109.76
145,32,112.74
146,32,112.68
147,32,112.61
148,32,112.55
149,32,112.5
150,32,92.11
151,32,92.12
152,32,128.5
153,32,128.46
154,32,128.42
155,32,128.39
156,32,128.37
157,32,128.35
158,32,128.35
159,32,128.36
160,32,104.28
161,32,104.31
162,32,104.35
163,32,104.41
164,32,104.47
165,32,110.56
166,32,110.64
167,32,110.73
168,32,110.83
169,32,110.94
170,32,92.04
171,32,92.17
172,32,92.31
173,32,92.46
174,32,92.62
175,32,93.4
176,32,93.58
177,32,107.14
178,32,107.33
179,32,107.52
180,32,107.72
181,32,107.92
182,32,108.13
183,32,108.34
184,32,108.56
185,32,111.78
186,32,112.01
187,32,112.24
188,32,112.48
189,32,112.71
190,32,102.95
191,32,103.19
192,32,103.44
193,32,103.69
194,32,103.93
195,32,109.18
196,32,109.43
197,32,109.69
198,32,109.94
199,32,110.19
0,33,98.53
1,33,98.78
2,33,108.53
3,33,108.78
4,33,109.04
5,33,118.29
6,33,118.53
7,33,118.78
8,33,119.03
9,33,119.27
10,33,109.51
11,33,109.75
12,33,109.99
13,33,110.22
14,33,110.45
15,33,139.69
16,33,139.91
17,33,140.13
18,33,140.35
19,33,140.56
20,33,128.76
21,33,128.97
22,33,129.16
23,33,129.36
24,33,129.55
25,33,103.71
26,33,103.88
27,33,104.05
28,33,104.21
29,33,104.37
30,33,104.52
31,33,104.67
32,33,104.8
33,33,104.93
34,33,105.06
35,33,111.19
36,33,111.3
37,33,111.41
38,33,111.51
39,33,111.6
40,33,113.69
41,33,113.77
42,33,113.84
43,33,113.9
44,33,113.95
45,33,136.18
46,33,136.23
47,33,136.28
48,33,136.33
49,33,136.36
50,33,106.79
51,33,106.78
52,33,121.22
53,33,121.22
54,33,121.21
55,33,131.37
56,33,131.36
57,33,131.35
58,33,131.32
59,33,131.3
60,33,116.9
61,33,116.83
62,33,116.76
63,33,116.68
64,33,116.6
65,33,132.04
66,33,131.98
67,33,131.9
68,33,131.83
69,33,131.74
70,33,135.84
71,33,135.76
72,33,135.67
73,33,135.58
74,33,135.48
75,33,104.41
76,33,104.23
77,33,119.19
78,33,119.04
79,33,118.87
80,33,129.41
81,33,129.26
82,33,129.1
83,33,128.94
84,33,128.77
85,33,139.4
86,33,139.24
87,33,139.08
88,33,138.9
89,33,138.72
90,33,100.4
91,33,100.16
92,33,99.91
93,33,99.67
94,33,99.42
95,33,119.98
96,33,119.74
97,33,119.5
98,33,119.26
99,33,119.01
100,33,98.18
101,33,97.92
102,33,102.9
103,33,102.65
104,33,102.41
105,33,96.69
106,33,96.45
107,33,96.21
108,33,95.97
109,33,95.74
110,33,105.31
111,33,105.07
112,33,104.84
113,33,104.61
114,33,104.39
115,33,100.93
116,33,100.73
117,33,100.53
118,33,100.34
119,33,100.15
120,33,108.52
121,33,108.33
122,33,108.15
123,33,107.97
124,33,107.81
125,33,92.87
126,33,92.7
127,33,104.21
128,33,104.08
129,33,103.96
130,33,126.82
131,33,126.67
132,33,126.52
133,33,126.38
134,33,126.25
135,33,108.55
136,33,108.46
137,33,108.37
138,33,108.29
139,33,108.21
140,33,110.18
141,33,110.1
142,33,110.02
143,33,109.95
144,33,109.88
145,33,112.86
146,33,112.79
147,33,112.72
148,33,112.65
149,33,112.59
150,33,91.96
151,33,91.97
152,33,128.58
153,33,128.52
154,33,128.47
155,33,128.43
156,33,128.39
157,33,128.37
158,33,128.35
159,33,128.34
160,33,104.24
161,33,104.26
162,33,104.3
163,33,104.34
164,33,104.4
165,33,110.48
166,33,110.55
167,33,110.63
168,33,110.73
169,33,110.83
170,33,91.92
171,33,92.04
172,33,92.18
173,33,92.33
174,33,92.48
175,33,93.23
176,33,93.42
177,33,107.0
178,33,107.18
179,33,107.37
180,33,107.56
181,33,107.77
182,33,107.97
183,33,108.19
184,33,108.4
185,33,111.63
186,33,111.85
187,33,112.08
188,33,112.32
189,33,112.55
190,33,102.79
191,33,103.03
192,33,103.28
193,33,103.52
194,33,103.77
195,33,109.02
196,33,109.27
197,33,109.52
198,33,109.78
199,33,110.03
0,34,98.36
1,34,98.61
2,34,108.37
3,34,108.62
4,34,108.87
5,34,118.12
6,34,118.37
7,34,118.62
8,34,118.86
9,34,119.11
10,34,109.35
11,34,109.59
12,34,109.82
13,34,110.06
14,34,110.29
15,34,139.52
16,34,139.75
17,34,139.97
18,34,140.18
19,34,140.4
20,34,128.6
21,34,128.8
22,34,129.0
23,34,129.19
24,34,129.38
25,34,103.54
26,34,103.72
27,34,103.89
28,34,104.05
29,34,104.21
30,34,104.36
31,34,104.5
32,34,104.64
33,34,104.77
34,34,104.89
35,34,111.03
36,34,111.14
37,34,111.25
38,34,111.34
39,34,111.44
40,34,113.53
41,34,113.61
42,34,113.68
43,34,113.74
44,34,113.8
45,34,136.04
46,34,136.1
47,34,136.15
48,34,136.2
49,34,136.24
50,34,106.62
51,34,106.62
52,34,121.08
53,34,121.08
54,34,121.07
55,34,131.26
56,34,131.26
57,34,131.24
58,34,131.23
59,34,131.2
60,34,116.77
61,34,116.7
62,34,116.64
63,34,116.56
64,34,116.48
65,34,131.99
66,34,131.93
67,34,131.86
68,34,131.79
69,34,131.72
70,34,135.84
71,34,135.77
72,34,135.69
73,34,135.6
74,34,135.51
75,34,104.25
76,34,104.07
77,34,119.14
78,34,118.99
79,34,118.83
80,34,129.45
81,34,129.3
82,34,129.15
83,34,129.0
84,34,128.84
85,34,139.57
86,34,139.42
87,34,139.26
88,34,139.1
89,34,138.92
90,34,100.24
91,34,99.99
92,34,99.75
93,34,99.51
94,34,99.26
95,34,120.03
96,34,119.79
97,34,119.55
98,34,119.31
99,34,119.06
100,34,98.01
101,34,97.76
102,34,102.8
103,34,102.55
104,34,102.31
105,34,96.53
106,34,96.29
107,34,96.06
108,34,95.82
109,34,95.59
110,34,105.26
111,34,105.02
112,34,104.79
113,34,104.56
114,34,104.34
115,34,100.86
116,34,100.66
117,34,100.47
118,34,100.28
119,34,100.1
120,34,108.54
121,34,108.35
122,34,108.18
123,34,108.01
124,34,107.85
125,34,92.72
126,34,92.55
127,34,104.26
128,34,104.14
129,34,104.03
130,34,127.01
131,34,126.86
132,34,126.72
133,34,126.58
134,34,126.45
135,34,108.68
136,34,108.6
137,34,108.52
138,34,108.44
139,34,108.36
140,34,110.34
141,34,110.26
142,34,110.19
143,34,110.11
144,34,110.03
145,34,113.02
146,34,112.94
147,34,112.86
148,34,112.79
149,34,112.71
150,34,91.81
151,34,91.82
152,34,128.69
153,34,128.61
154,34,128.55
155,34,128.49
156,34,128.44
157,34,128.4
158,34,128.37
159,34,128.35
160,34,104.22
161,34,104.23
162,34,104.25
163,34,104.29
164,34,104.33
165,34,110.4
166,34,110.47
167,34,110.54
168,34,110.63
169,34,110.72
170,34,91.8
171,34,91.92
172,34,92.05
173,34,92.19
174,34,92.34
175,34,93.07
176,34,93.26
177,34,106.85
178,34,107.03
179,34,107.21
180,34,107.41
181,34,107.61
182,34,107.81
183,34,108.03
184,34,108.24
185,34,111.46
186,34,111.69
187,34,111.92
188,34,112.15
189,34,112.39
190,34,102.63
191,34,102.87
192,34,103.11
193,34,103.36
194,34,103.61
195,34,108.86
196,34,109.11
197,34,109.36
198,34,109.61
199,34,109.86
0,35,98.39
1,35,98.65
2,35,112.2
3,35,112.45
4,35,112.7
5,35,114.95
6,35,115.2
7,35,115.45
8,35,115.7
9,35,115.94
10,35,109.18
11,35,109.42
12,35,109.66
13,35,109.89
14,35,110.12
15,35,130.35
16,35,130.58
17,35,130.8
18,35,131.01
19,35,131.23
20,35,115.42
21,35,115.63
22,35,115.83
23,35,116.02
24,35,116.21
25,35,103.37
26,35,103.55
27,35,103.72
28,35,103.88
29,35,104.04
30,35,130.24
31,35,130.39
32,35,130.54
33,35,130.68
34,35,130.81
35,35,132.94
36,35,133.07
37,35,133.18
38,35,133.29
39,35,133.39
40,35,115.38
41,35,115.46
42,35,115.53
43,35,115.6
44,35,115.65
45,35,117.72
46,35,117.77
47,35,117.81
48,35,117.84
49,35,117.86
50,35,106.86
51,35,106.86
52,35,129.09
53,35,129.1
54,35,129.11
55,35,119.9
56,35,119.88
57,35,119.86
58,35,119.82
59,35,119.78
60,35,127.99
61,35,127.96
62,35,127.92
63,35,127.87
64,35,127.82
65,35,111.05
66,35,110.95
67,35,110.84
68,35,110.72
69,35,110.59
70,35,136.91
71,35,136.85
72,35,136.78
73,35,136.71
74,35,136.63
75,35,103.28
76,35,103.1
77,35,102.92
78,35,102.72
79,35,102.52
80,35,122.98
81,35,122.83
82,35,122.67
83,35,122.51
84,35,122.34
85,35,143.08
86,35,142.94
87,35,142.8
88,35,142.65
89,35,142.49
90,35,117.86
91,35,117.64
92,35,117.43
93,35,117.2
94,35,116.97
95,35,98.85
96,35,98.6
97,35,98.35
98,35,98.1
99,35,97.85
100,35,97.96
101,35,97.71
102,35,104.94
103,35,104.69
104,35,104.45
105,35,126.55
106,35,126.28
107,35,126.01
108,35,125.74
109,35,125.46
110,35,95.23
111,35,95.01
112,35,94.8
113,35,94.6
114,35,94.4
115,35,107.39
116,35,107.18
117,35,106.98
118,35,106.78
119,35,106.59
120,35,103.15
121,35,102.99
122,35,102.84
123,35,102.69
124,35,102.56
125,35,93.47
126,35,93.3
127,35,122.42
128,35,122.26
129,35,122.11
130,35,104.03
131,35,103.95
132,35,103.87
133,35,103.79
134,35,103.72
135,35,92.2
136,35,92.16
137,35,92.12
138,35,92.08
139,35,92.04
140,35,98.19
141,35,98.13
142,35,98.08
143,35,98.02
144,35,97.96
145,35,130.58
146,35,130.47
147,35,130.36
148,35,130.25
149,35,130.14
150,35,89.79
151,35,89.79
152,35,91.4
153,35,91.35
154,35,91.3
155,35,125.56
156,35,125.5
157,35,125.45
158,35,125.4
159,35,125.36
160,35,97.18
161,35,97.19
162,35,97.2
163,35,97.22
164,35,97.25
165,35,110.34
166,35,110.39
167,35,110.46
168,35,110.53
169,35,110.62
170,35,126.75
171,35,126.86
172,35,126.97
173,35,127.1
174,35,127.24
175,35,93.31
176,35,93.49
177,35,114.71
178,35,114.88
179,35,115.07
180,35,113.26
181,35,113.45
182,35,113.66
183,35,113.87
184,35,114.08
185,35,106.3
186,35,106.52
187,35,106.75
188,35,106.99
189,35,107.22
190,35,126.46
191,35,126.7
192,35,126.95
193,35,127.19
194,35,127.44
195,35,112.69
196,35,112.94
197,35,113.19
198,35,113.44
199,35,113.7
0,36,98.22
1,36,98.48
2,36,112.03
3,36,112.28
4,36,112.53
5,36,114.78
6,36,115.03
7,36,115.28
8,36,115.52
9,36,115.77
10,36,109.01
11,36,109.25
12,36,109.48
13,36,109.72
14,36,109.95
15,36,130.18
16,36,130.41
17,36,130.63
18,36,130.84
19,36,131.06
20,36,115.26
21,36,115.46
22,36,115.66
23,36,115.85
24,36,116.04
25,36,103.2
26,36,103.38
27,36,103.55
28,36,103.71
29,36,103.87
30,36,130.08
31,36,130.23
32,36,130.38
33,36,130.52
34,36,130.65
35,36,132.79
36,36,132.91
37,36,133.02
38,36,133.14
39,36,133.24
40,36,115.22
41,36,115.3
42,36,115.37
43,36,115.43
44,36,115.49
45,36,117.57
46,36,117.61
47,36,117.65
48,36,117.68
49,36,117.71
50,36,106.69
51,36,106.69
52,36,128.97
53,36,128.98
54,36,128.99
55,36,119.77
56,36,119.75
57,36,119.73
58,36,119.7
59,36,119.66
60,36,127.9
61,36,127.87
62,36,127.84
63,36,127.8
64,36,127.75
65,36,110.91
66,36,110.81
67,36,110.7
68,36,110.58
69,36,110.46
70,36,136.95
71,36,136.89
72,36,136.84
73,36,136.77
74,36,136.7
75,36,103.11
76,36,102.93
77,36,102.75
78,36,102.55
79,36,102.36
80,36,123.0
81,36,122.86
82,36,122.7
83,36,122.54
84,36,122.38
85,36,143.35
86,36,143.22
87,36,143.09
88,36,142.95
89,36,142.79
90,36,117.9
91,36,117.68
92,36,117.47
93,36,117.25
94,36,117.02
95,36,98.68
96,36,98.43
97,36,98.18
98,36,97.93
99,36,97.69
100,36,97.8
101,36,97.54
102,36,104.88
103,36,104.63
104,36,104.38
105,36,126.75
106,36,126.48
107,36,126.21
108,36,125.93
109,36,125.66
110,36,95.08
111,36,94.87
112,36,94.66
113,36,94.47
114,36,94.28
115,36,107.41
116,36,107.2
117,36,107.0
118,36,106.81
119,36,106.63
120,36,103.17
121,36,103.01
122,36,102.87
123,36,102.73
124,36,102.61
125,36,93.32
126,36,93.15
127,36,122.64
128,36,122.49
129,36,122.35
130,36,104.18
131,36,104.1
132,36,104.04
133,36,103.97
134,36,103.91
135,36,92.35
136,36,92.32
137,36,92.29
138,36,92.27
139,36,92.24
140,36,98.41
141,36,98.36
142,36,98.31
143,36,98.25
144,36,98.19
145,36,130.88
146,36,130.76
147,36,130.63
148,36,130.51
149,36,130.39
150,36,89.63
151,36,89.64
152,36,91.54
153,36,91.48
154,36,91.41
155,36,125.7
156,36,125.62
157,36,125.54
158,36,125.48
159,36,125.42
160,36,97.21
161,36,97.19
162,36,97.19
163,36,97.19
164,36,97.21
165,36,110.29
166,36,110.33
167,36,110.38
168,36,110.45
169,36,110.53
170,36,126.65
171,36,126.75
172,36,126.86
173,36,126.98
174,36,127.11
175,36,93.14
176,36,93.32
177,36,114.56
178,36,114.73
179,36,114.91
180,36,113.1
181,36,113.29
182,36,113.5
183,36,113.7
184,36,113.92
185,36,106.13
186,36,106.36
187,36,106.59
188,36,106.82
189,36,107.05
190,36,126.29
191,36,126.54
192,36,126.78
193,36,127.02
194,36,127.27
195,36,112.52
196,36,112.77
197,36,113.02
198,36,113.27
199,36,113.53
0,37,98.05
1,37,98.3
2,37,111.86
3,37,112.11
4,37,112.36
5,37,114.61
6,37,114.86
7,37,115.11
8,37,115.35
9,37,115.6
10,37,108.84
11,37,109.08
12,37,109.31
13,37,109.55
14,37,109.78
15,37,130.01
16,37,130.23
17,37,130.46
18,37,130.67
19,37,130.89
20,37,115.08
21,37,115.29
22,37,115.48
23,37,115.68
24,37,115.87
25,37,103.03
26,37,103.2
27,37,103.37
28,37,103.54
29,37,103.69
30,37,129.91
31,37,130.06
32,37,130.21
33,37,130.35
34,37,130.49
35,37,132.62
36,37,132.75
37,37,132.87
38,37,132.98
39,37,133.09
40,37,115.05
41,37,115.13
42,37,115.2
43,37,115.27
44,37,115.33
45,37,117.41
46,37,117.46
47,37,117.5
48,37,117.53
49,37,117.56
50,37,106.52
51,37,106.52
52,37,128.84
53,37,128.87
54,37,128.88
55,37,119.64
56,37,119.62
57,37,119.6
58,37,119.57
59,37,119.54
60,37,127.82
61,37,127.8
62,37,127.77
63,37,127.73
64,37,127.69
65,37,110.77
66,37,110.67
67,37,110.56
68,37,110.45
69,37,110.33
70,37,137.0
71,37,136.96
72,37,136.91
73,37,136.86
74,37,136.8
75,37,102.94
76,37,102.76
77,37,102.58
78,37,102.38
79,37,102.18
80,37,123.04
81,37,122.9
82,37,122.75
83,37,122.6
84,37,122.44
85,37,143.66
86,37,143.54
87,37,143.42
88,37,143.29
89,37,143.15
90,37,117.95
91,37,117.74
92,37,117.53
93,37,117.31
94,37,117.09
95,37,98.51
96,37,98.27
97,37,98.02
98,37,97.77
99,37,97.52
100,37,97.63
101,37,97.38
102,37,104.82
103,37,104.57
104,37,104.33
105,37,126.99
106,37,126.72
107,37,126.44
108,37,126.17
109,37,125.89
110,37,94.94
111,37,94.73
112,37,94.53
113,37,94.34
114,37,94.16
115,37,107.45
116,37,107.24
117,37,107.05
118,37,106.86
119,37,106.68
120,37,103.2
121,37,103.06
122,37,102.93
123,37,102.8
124,37,102.69
125,37,93.17
126,37,92.99
127,37,122.92
128,37,122.78
129,37,122.64
130,37,104.36
131,37,104.3
132,37,104.25
133,37,104.2
134,37,104.15
135,37,92.54
136,37,92.53
137,37,92.52
138,37,92.5
139,37,92.48
140,37,98.68
141,37,98.64
142,37,98.59
143,37,98.53
144,37,98.47
145,37,131.24
146,37,131.11
147,37,130.97
148,37,130.83
149,37,130.69
150,37,89.48
151,37,89.49
152,37,91.73
153,37,91.65
154,37,91.57
155,37,125.87
156,37,125.77
157,37,125.67
158,37,125.59
159,37,125.51
160,37,97.25
161,37,97.22
162,37,97.2
163,37,97.19
164,37,97.19
165,37,110.26
166,37,110.29
167,37,110.32
168,37,110.37
169,37,110.44
170,37,126.56
171,37,126.64
172,37,126.74
173,37,126.86
174,37,126.98
175,37,92.96
176,37,93.15
177,37,114.41
178,37,114.58
179,37,114.76
180,37,112.94
181,37,113.13
182,37,113.33
183,37,113.54
184,37,113.75
185,37,105.97
186,37,106.19
187,37,106.42
188,37,106.65
189,37,106.88
190,37,126.12
191,37,126.36
192,37,126.61
193,37,126.85
194,37,127.1
195,37,112.35
196,37,112.6
197,37,112.85
198,37,113.1
199,37,113.35
0,38,97.88
1,38,98.13
2,38,111.68
3,38,111.93
4,38,112.18
5,38,114.43
6,38,114.68
7,38,114.93
8,38,115.18
9,38,115.42
10,38,108.66
11,38,108.9
12,38,109.14
13,38,109.37
14,38,109.6
15,38,129.84
16,38,130.06
17,38,130.28
18,38,130.5
19,38,130.71
20,38,114.91
21,38,115.11
22,38,115.31
23,38,115.5
24,38,115.69
25,38,102.85
26,38,103.03
27,38,103.2
28,38,103.36
29,38,103.52
30,38,129.74
31,38,129.9
32,38,130.04
33,38,130.19
34,38,130.32
35,38,132.46
36,38,132.59
37,38,132.71
38,38,132.82
39,38,132.93
40,38,114.88
41,38,114.96
42,38,115.04
43,38,115.11
44,38,115.17
45,38,117.25
46,38,117.3
47,38,117.34
48,38,117.38
49,38,117.41
50,38,106.35
51,38,106.35
52,38,128.73
53,38,128.75
54,38,128.77
55,38,119.5
56,38,119.49
57,38,119.47
58,38,119.45
59,38,119.42
60,38,127.74
61,38,127.72
62,38,127.7
63,38,127.68
64,38,127.64
65,38,110.63
66,38,110.53
67,38,110.43
68,38,110.32
69,38,110.2
70,38,137.07
71,38,137.04
72,38,137.01
73,38,136.97
74,38,136.92
75,38,102.77
76,38,102.58
77,38,102.4
78,38,102.21
79,38,102.01
80,38,123.1
81,38,122.96
82,38,122.82
83,38,122.68
84,38,122.53
85,38,144.01
86,38,143.91
87,38,143.8
88,38,143.68
89,38,143.55
90,38,118.02
91,38,117.82
92,38,117.61
93,38,117.4
94,38,117.18
95,38,98.35
96,38,98.1
97,38,97.85
98,38,97.6
99,38,97.36
100,38,97.46
101,38,97.21
102,38,104.77
103,38,104.53
104,38,104.28
105,38,127.27
106,38,126.99
107,38,126.71
108,38,126.44
109,38,126.16
110,38,94.8
111,38,94.6
112,38,94.4
113,38,94.22
114,38,94.04
115,38,107.5
116,38,107.3
117,38,107.11
118,38,106.94
119,38,106.77
120,38,103.26
121,38,103.13
122,38,103.01
123,38,102.9
124,38,102.8
125,38,93.01
126,38,92.84
127,38,123.25
128,38,123.11
129,38,122.99
130,38,104.59
131,38,104.55
132,38,104.51
133,38,104.48
134,38,104.45
135,38,92.79
136,38,92.79
137,38,92.8
138,38,92.8
139,38,92.79
140,38,99.02
141,38,98.98
142,38,98.94
143,38,98.88
144,38,98.82
145,38,131.67
146,38,131.52
147,38,131.37
148,38,131.22
149,38,131.06
150,38,89.33
151,38,89.33
152,38,91.97
153,38,91.87
154,38,91.77
155,38,126.09
156,38,125.96
157,38,125.84
158,38,125.73
159,38,125.63
160,38,97.33
161,38,97.28
162,38,97.23
163,38,97.2
164,38,97.19
165,38,110.25
166,38,110.25
167,38,110.28
168,38,110.31
169,38,110.36
170,38,126.47
171,38,126.55
172,38,126.64
173,38,126.74
174,38,126.86
175,38,92.79
176,38,92.98
177,38,114.27
178,38,114.43
179,38,114.6
180,38,112.78
181,38,112.97
182,38,113.17
183,38,113.38
184,38,113.59
185,38,105.8
186,38,106.02
187,38,106.25
188,38,106.48
189,38,106.71
190,38,125.95
191,38,126.19
192,38,126.43
193,38,126.68
194,38,126.93
195,38,112.17
196,38,112.42
197,38,112.67
198,38,112.93
199,38,113.18
0,39,97.7
1,39,97.95
2,39,111.5
3,39,111.76
4,39,112.01
5,39,114.26
6,39,114.51
7,39,114.75
8,39,115.0
9,39,115.24
10,39,108.48
11,39,108.72
12,39,108.96
13,39,109.19
14,39,109.42
15,39,129.66
16,39,129.88
17,39,130.11
18,39,130.32
19,39,130.54
20,39,114.73
21,39,114.94
22,39,115.13
23,39,115.33
24,39,115.52
25,39,102.68
26,39,102.85
27,39,103.02
28,39,103.18
29,39,103.34
30,39,129.57
31,39,129.73
32,39,129.88
33,39,130.02
34,39,130.16
35,39,132.3
36,39,132.43
37,39,132.55
38,39,132.67
39,39,132.78
40,39,114.71
41,39,114.8
42,39,114.87
43,39,114.94
44,39,115.0
45,39,117.09
46,39,117.14
47,39,117.18
48,39,117.22
49,39,117.25
50,39,106.17
51,39,106.17
52,39,128.61
53,39,128.64
54,39,128.67
55,39,119.37
56,39,119.37
57,39,119.35
58,39,119.33
59,39,119.31
60,39,127.67
61,39,127.66
62,39,127.65
63,39,127.63
64,39,127.6
65,39,110.5
66,39,110.4
67,39,110.3
68,39,110.19
69,39,110.07
70,39,137.16
71,39,137.14
72,39,137.12
73,39,137.1
74,39,137.07
75,39,102.59
76,39,102.4
77,39,102.23
78,39,102.04
79,39,101.84
80,39,123.17
81,39,123.05
82,39,122.91
83,39,122.78
84,39,122.63
85,39,144.41
86,39,144.32
87,39,144.22
88,39,144.11
89,39,144.0
90,39,118.12
91,39,117.92
92,39,117.72
93,39,117.51
94,39,117.29
95,39,98.18
96,39,97.93
97,39,97.69
98,39,97.44
99,39,97.19
100,39,97.29
101,39,97.04
102,39,104.74
103,39,104.49
104,39,104.25
105,39,127.58
106,39,127.31
107,39,127.03
108,39,126.75
109,39,126.46
110,39,94.66
111,39,94.47
112,39,94.28
113,39,94.1
114,39,93.94
115,39,107.58
116,39,107.39
117,39,107.21
118,39,107.04
119,39,106.88
120,39,103.35
121,39,103.23
122,39,103.12
123,39,103.03
124,39,102.95
125,39,92.86
126,39,92.69
127,39,123.63
128,39,123.51
129,39,123.4
130,39,104.87
131,39,104.85
132,39,104.83
133,39,104.82
134,39,104.8
135,39,93.09
136,39,93.12
137,39,93.14
138,39,93.15
139,39,93.15
140,39,99.43
141,39,99.39
142,39,99.35
143,39,99.29
144,39,99.23
145,39,132.18
146,39,132.02
147,39,131.85
148,39,131.67
149,39,131.49
150,39,89.17
151,39,89.18
152,39,92.26
153,39,92.14
154,39,92.02
155,39,126.37
156,39,126.21
157,39,126.06
158,39,125.92
159,39,125.79
160,39,97.44
161,39,97.36
162,39,97.3
163,39,97.24
164,39,97.21
165,39,110.25
166,39,110.24
167,39,110.24
168,39,110.26
169,39,110.3
170,39,126.4
171,39,126.46
172,39,126.54
173,39,126.63
174,39,126.74
175,39,92.62
176,39,92.8
177,39,114.12
178,39,114.28
179,39,114.45
180,39,112.63
181,39,112.81
182,39,113.01
183,39,113.21
184,39,113.42
185,39,105.63
186,39,105.85
187,39,106.07
188,39,106.3
189,39,106.54
190,39,125.78
191,39,126.02
192,39,126.26
193,39,126.5
194,39,126.75
195,39,112.0
196,39,112.25
197,39,112.5
198,39,112.75
199,39,113.0
0,40,98.27
1,40,98.52
2,40,126.32
3,40,126.58
4,40,126.83
5,40,131.08
6,40,131.33
7,40,131.58
8,40,131.82
9,40,132.07
10,40,138.31
11,40,138.55
12,40,138.79
13,40,139.02
14,40,139.26
15,40,106.47
16,40,106.69
17,40,106.91
18,40,107.13
19,40,107.34
20,40,123.56
21,40,123.77
22,40,123.97
23,40,124.16
24,40,124.35
25,40,102.5
26,40,102.67
27,40,102.84
28,40,103.0
29,40,103.16
30,40,139.44
31,40,139.6
32,40,139.75
33,40,139.9
34,40,140.05
35,40,127.11
36,40,127.23
37,40,127.35
38,40,127.47
39,40,127.58
40,40,142.83
41,40,142.95
42,40,143.06
43,40,143.16
44,40,143.26
45,40,137.26
46,40,137.35
47,40,137.43
48,40,137.5
49,40,137.58
50,40,104.82
51,40,104.81
52,40,104.8
53,40,104.78
54,40,104.75
55,40,116.13
56,40,116.12
57,40,116.1
58,40,116.07
59,40,116.04
60,40,104.4
61,40,104.32
62,40,104.23
63,40,104.13
64,40,104.03
65,40,130.78
66,40,130.77
67,40,130.75
68,40,130.74
69,40,130.71
70,40,116.42
71,40,116.32
72,40,116.22
73,40,116.12
74,40,116.01
75,40,103.25
76,40,103.07
77,40,119.04
78,40,118.93
79,40,118.8
80,40,138.18
81,40,138.13
82,40,138.07
83,40,138.0
84,40,137.92
85,40,133.15
86,40,133.04
87,40,132.92
88,40,132.79
89,40,132.65
90,40,136.07
91,40,135.92
92,40,135.75
93,40,135.58
94,40,135.4
95,40,142.4
96,40,142.21
97,40,142.0
98,40,141.78
99,40,141.54
100,40,98.2
101,40,97.95
102,40,126.35
103,40,126.09
104,40,125.82
105,40,119.56
106,40,119.29
107,40,119.03
108,40,118.76
109,40,118.5
110,40,94.53
111,40,94.34
112,40,94.16
113,40,94.0
114,40,93.84
115,40,93.69
116,40,93.56
117,40,93.44
118,40,93.34
119,40,93.25
120,40,93.18
121,40,93.12
122,40,93.07
123,40,93.04
124,40,93.03
125,40,92.49
126,40,92.32
127,40,119.64
128,40,119.55
129,40,119.48
130,40,118.32
131,40,118.26
132,40,118.21
133,40,118.16
134,40,118.12
135,40,131.99
136,40,131.88
137,40,131.78
138,40,131.67
139,40,131.56
140,40,106.21
141,40,106.16
142,40,106.1
143,40,106.03
144,40,105.94
145,40,116.2
146,40,116.06
147,40,115.91
148,40,115.75
149,40,115.59
150,40,89.02
151,40,89.03
152,40,92.61
153,40,92.47
154,40,92.32
155,40,100.3
156,40,100.14
157,40,99.99
158,40,99.85
159,40,99.72
160,40,114.74
161,40,114.62
162,40,114.51
163,40,114.43
164,40,114.35
165,40,103.24
166,40,103.21
167,40,103.2
168,40,103.2
169,40,103.22
170,40,119.31
171,40,119.36
172,40,119.43
173,40,119.51
174,40,119.61
175,40,91.34
176,40,91.52
177,40,91.96
178,40,92.11
179,40,92.28
180,40,97.46
181,40,97.64
182,40,97.83
183,40,98.03
184,40,98.24
185,40,93.45
186,40,93.67
187,40,93.9
188,40,94.12
189,40,94.36
190,40,94.59
191,40,94.83
192,40,95.08
193,40,95.32
194,40,95.57
195,40,113.82
196,40,114.07
197,40,114.32
198,40,114.57
199,40,114.82
0,41,98.09
1,41,98.34
2,41,126.14
3,41,126.4
4,41,126.65
5,41,130.9
6,41,131.15
7,41,131.4
8,41,131.64
9,41,131.89
10,41,138.13
11,41,138.37
12,41,138.61
13,41,138.84
14,41,139.08
15,41,106.29
16,41,106.51
17,41,106.73
18,41,106.95
19,41,107.16
20,41,123.38
21,41,123.59
22,41,123.79
23,41,123.98
24,41,124.18
25,41,102.32
26,41,102.49
27,41,102.66
28,41,102.82
29,41,102.98
30,41,139.27
31,41,139.43
32,41,139.59
33,41,139.74
34,41,139.89
35,41,126.94
36,41,127.07
37,41,127.19
38,41,127.31
39,41,127.42
40,41,142.69
41,41,142.81
42,41,142.93
43,41,143.04
44,41,143.14
45,41,137.14
46,41,137.23
47,41,137.31
48,41,137.39
49,41,137.47
50,41,104.64
51,41,104.63
52,41,104.62
53,41,104.6
54,41,104.57
55,41,115.99
56,41,115.98
57,41,115.97
58,41,115.95
59,41,115.92
60,41,104.22
61,41,104.14
62,41,104.05
63,41,103.95
64,41,103.85
65,41,130.79
66,41,130.79
67,41,130.79
68,41,130.79
69,41,130.78
70,41,116.36
71,41,116.27
72,41,116.18
73,41,116.08
74,41,115.98
75,41,103.08
76,41,102.9
77,41,119.07
78,41,118.97
79,41,118.85
80,41,138.5
81,41,138.46
82,41,138.42
83,41,138.37
84,41,138.3
85,41,133.48
86,41,133.38
87,41,133.27
88,41,133.15
89,41,133.02
90,41,136.51
91,41,136.37
92,41,136.21
93,41,136.05
94,41,135.87
95,41,143.01
96,41,142.82
97,41,142.62
98,41,142.4
99,41,142.17
100,41,98.05
101,41,97.79
102,41,126.72
103,41,126.46
104,41,126.19
105,41,119.82
106,41,119.56
107,41,119.29
108,41,119.02
109,41,118.76
110,41,94.41
111,41,94.23
112,41,94.05
113,41,93.9
114,41,93.75
115,41,93.62
116,41,93.5
117,41,93.4
118,41,93.31
119,41,93.24
120,41,93.18
121,41,93.15
122,41,93.13
123,41,93.12
124,41,93.13
125,41,92.34
126,41,92.17
127,41,120.1
128,41,120.03
129,41,119.97
130,41,118.82
131,41,118.79
132,41,118.76
133,41,118.73
134,41,118.7
135,41,132.68
136,41,132.59
137,41,132.49
138,41,132.38
139,41,132.27
140,41,106.8
141,41,106.76
142,41,106.7
143,41,106.63
144,41,106.53
145,41,116.82
146,41,116.67
147,41,116.5
148,41,116.32
149,41,116.13
150,41,88.87
151,41,88.88
152,41,93.03
153,41,92.86
154,41,92.68
155,41,100.64
156,41,100.45
157,41,100.27
158,41,100.1
159,41,99.94
160,41,114.94
161,41,114.79
162,41,114.65
163,41,114.53
164,41,114.43
165,41,103.28
166,41,103.23
167,41,103.2
168,41,103.18
169,41,103.18
170,41,119.26
171,41,119.29
172,41,119.35
173,41,119.42
174,41,119.5
175,41,91.16
176,41,91.34
177,41,91.82
178,41,91.96
179,41,92.12
180,41,97.3
181,41,97.48
182,41,97.67
183,41,97.87
184,41,98.07
185,41,93.28
186,41,93.5
187,41,93.72
188,41,93.95
189,41,94.18
190,41,94.42
191,41,94.65
192,41,94.9
193,41,95.14
194,41,95.39
195,41,113.64
196,41,113.89
197,41,114.14
198,41,114.39
199,41,114.64
0,42,97.9
1,42,98.16
2,42,125.96
3,42,126.21
4,42,126.46
5,42,130.72
6,42,130.97
7,42,131.21
8,42,131.46
9,42,131.7
10,42,137.95
11,42,138.19
12,42,138.43
13,42,138.66
14,42,138.9
15,42,106.11
16,42,106.33
17,42,106.55
18,42,106.76
19,42,106.98
20,42,123.2
21,42,123.41
22,42,123.61
23,42,123.81
24,42,124.0
25,42,102.13
26,42,102.31
27,42,102.48
28,42,102.64
29,42,102.8
30,42,139.1
31,42,139.26
32,42,139.42
33,42,139.58
34,42,139.73
35,42,126.77
36,42,126.9
37,42,127.03
38,42,127.15
39,42,127.26
40,42,142.56
41,42,142.68
42,42,142.8
43,42,142.91
44,42,143.03
45,42,137.01
46,42,137.11
47,42,137.2
48,42,137.29
49,42,137.38
50,42,104.45
51,42,104.45
52,42,104.43
53,42,104.41
54,42,104.38
55,42,115.86
56,42,115.85
57,42,115.84
58,42,115.82
59,42,115.8
60,42,104.04
61,42,103.96
62,42,103.87
63,42,103.77
64,42,103.66
65,42,130.82
66,42,130.84
67,42,130.85
68,42,130.86
69,42,130.86
70,42,116.31
71,42,116.23
72,42,116.15
73,42,116.06
74,42,115.96
75,42,102.91
76,42,102.73
77,42,119.12
78,42,119.02
79,42,118.92
80,42,138.86
81,42,138.84
82,42,138.82
83,42,138.78
84,42,138.73
85,42,133.85
86,42,133.76
87,42,133.67
88,42,133.56
89,42,133.44
90,42,137.0
91,42,136.87
92,42,136.73
93,42,136.57
94,42,136.4
95,42,143.68
96,42,143.5
97,42,143.3
98,42,143.09
99,42,142.86
100,42,97.89
101,42,97.64
102,42,127.14
103,42,126.88
104,42,126.61
105,42,120.12
106,42,119.86
107,42,119.59
108,42,119.32
109,42,119.06
110,42,94.29
111,42,94.11
112,42,93.95
113,42,93.8
114,42,93.67
115,42,93.55
116,42,93.45
117,42,93.36
118,42,93.3
119,42,93.25
120,42,93.21
121,42,93.2
122,42,93.21
123,42,93.23
124,42,93.27
125,42,92.19
126,42,92.02
127,42,120.63
128,42,120.58
129,42,120.54
130,42,119.4
131,42,119.39
132,42,119.38
133,42,119.37
134,42,119.36
135,42,133.46
136,42,133.38
137,42,133.29
138,42,133.19
139,42,133.08
140,42,107.47
141,42,107.44
142,42,107.38
143,42,107.31
144,42,107.21
145,42,117.53
146,42,117.36
147,42,117.17
148,42,116.97
149,42,116.76
150,42,88.73
151,42,88.73
152,42,93.51
153,42,93.31
154,42,93.1
155,42,101.04
156,42,100.82
157,42,100.6
158,42,100.39
159,42,100.19
160,42,115.18
161,42,114.99
162,42,114.82
163,42,114.67
164,42,114.54
165,42,103.35
166,42,103.27
167,42,103.21
168,42,103.17
169,42,103.16
170,42,119.22
171,42,119.24
172,42,119.27
173,42,119.33
174,42,119.4
175,42,90.98
176,42,91.16
177,42,91.68
178,42,91.82
179,42,91.97
180,42,97.14
181,42,97.32
182,42,97.51
183,42,97.7
184,42,97.9
185,42,93.11
186,42,93.32
187,42,93.54
188,42,93.77
189,42,94.0
190,42,94.24
191,42,94.47
192,42,94.71
193,42,94.96
194,42,95.21
195,42,113.46
196,42,113.7
197,42,113.95
198,42,114.21
199,42,114.46
0,43,97.72
1,43,97.97
2,43,125.78
3,43,126.03
4,43,126.28
5,43,130.53
6,43,130.78
7,43,131.03
8,43,131.28
9,43,131.52
10,43,137.77
11,43,138.01
12,43,138.25
13,43,138.48
14,43,138.71
15,43,105.92
16,43,106.15
17,43,106.37
18,43,106.58
19,43,106.79
20,43,123.02
21,43,123.23
22,43,123.43
23,43,123.62
24,43,123.82
25,43,101.95
26,43,102.12
27,43,102.29
28,43,102.46
29,43,102.61
30,43,138.93
31,43,139.1
32,43,139.26
33,43,139.41
34,43,139.57
35,43,126.61
36,43,126.74
37,43,126.86
38,43,126.98
39,43,127.1
40,43,142.42
41,43,142.55
42,43,142.67
43,43,142.79
44,43,142.91
45,43,136.89
46,43,137.0
47,43,137.1
48,43,137.19
49,43,137.29
50,43,104.27
51,43,104.26
52,43,104.25
53,43,104.23
54,43,104.2
55,43,115.73
56,43,115.73
57,43,115.72
58,43,115.7
59,43,115.69
60,43,103.86
61,43,103.77
62,43,103.68
63,43,103.59
64,43,103.48
65,43,130.87
66,43,130.9
67,43,130.92
68,43,130.94
69,43,130.96
70,43,116.28
71,43,116.2
72,43,116.13
73,43,116.04
74,43,115.95
75,43,102.73
76,43,102.56
77,43,119.19
78,43,119.1
79,43,119.01
80,43,139.27
81,43,139.27
82,43,139.26
83,43,139.24
84,43,139.21
85,43,134.26
86,43,134.19
87,43,134.11
88,43,134.02
89,43,133.91
90,43,137.55
91,43,137.43
92,43,137.3
93,43,137.16
94,43,137.0
95,43,144.43
96,43,144.25
97,43,144.06
98,43,143.85
99,43,143.63
100,43,97.74
101,43,97.49
102,43,127.61
103,43,127.35
104,43,127.07
105,43,120.47
106,43,120.2
107,43,119.93
108,43,119.67
109,43,119.4
110,43,94.18
111,43,94.01
112,43,93.86
113,43,93.72
114,43,93.6
115,43,93.5
116,43,93.41
117,43,93.35
118,43,93.3
119,43,93.27
120,43,93.27
121,43,93.28
122,43,93.32
123,43,93.37
124,43,93.44
125,43,92.04
126,43,91.88
127,43,121.22
128,43,121.2
129,43,121.18
130,43,120.06
131,43,120.07
132,43,120.08
133,43,120.1
134,43,120.11
135,43,134.34
136,43,134.27
137,43,134.19
138,43,134.1
139,43,134.0
140,43,108.23
141,43,108.21
142,43,108.15
143,43,108.08
144,43,107.98
145,43,118.33
146,43,118.14
147,43,117.94
148,43,117.71
149,43,117.47
150,43,88.58
151,43,88.58
152,43,94.07
153,43,93.83
154,43,93.59
155,43,101.5
156,43,101.24
157,43,100.99
158,43,100.74
159,43,100.5
160,43,115.46
161,43,115.24
162,43,115.03
163,43,114.84
164,43,114.67
165,43,103.45
166,43,103.34
167,43,103.25
168,43,103.19
169,43,103.15
170,43,119.19
171,43,119.19
172,43,119.21
173,43,119.25
174,43,119.31
175,43,90.8
176,43,90.98
177,43,91.54
178,43,91.68
179,43,91.83
180,43,96.99
181,43,97.16
182,43,97.34
183,43,97.53
184,43,97.73
185,43,92.93
186,43,93.15
187,43,93.37
188,43,93.59
189,43,93.82
190,43,94.05
191,43,94.29
192,43,94.53
193,43,94.78
194,43,95.02
195,43,113.27
196,43,113.52
197,43,113.77
198,43,114.02
199,43,114.27
0,44,97.53
1,44,97.79
2,44,125.59
3,44,125.84
4,44,126.1
5,44,130.35
6,44,130.6
7,44,130.84
8,44,131.09
9,44,131.34
10,44,137.58
11,44,137.82
12,44,138.06
13,44,138.3
14,44,138.53
15,44,105.74
16,44,105.96
17,44,106.18
18,44,106.4
19,44,106.61
20,44,122.84
21,44,123.04
22,44,123.25
23,44,123.44
24,44,123.64
25,44,101.76
26,44,101.94
27,44,102.11
28,44,102.27
29,44,102.43
30,44,138.76
31,44,138.93
32,44,139.09
33,44,139.25
34,44,139.41
35,44,126.44
36,44,126.57
37,44,126.7
38,44,126.82
39,44,126.94
40,44,142.28
41,44,142.42
42,44,142.55
43,44,142.68
44,44,142.8
45,44,136.78
46,44,136.89
47,44,136.99
48,44,137.1
49,44,137.2
50,44,104.08
51,44,104.08
52,44,104.06
53,44,104.04
54,44,104.01
55,44,115.6
56,44,115.6
57,44,115.6
58,44,115.59
59,44,115.58
60,44,103.67
61,44,103.59
62,44,103.5
63,44,103.4
64,44,103.3
65,44,130.93
66,44,130.97
67,44,131.02
68,44,131.05
69,44,131.09
70,44,116.25
71,44,116.19
72,44,116.12
73,44,116.04
74,44,115.96
75,44,102.56
76,44,102.38
77,44,119.28
78,44,119.2
79,44,119.11
80,44,139.72
81,44,139.74
82,44,139.75
83,44,139.76
84,44,139.75
85,44,134.73
86,44,134.67
87,44,134.61
88,44,134.53
89,44,134.44
90,44,138.16
91,44,138.06
92,44,137.94
93,44,137.8
94,44,137.65
95,44,145.25
96,44,145.08
97,44,144.9
98,44,144.69
99,44,144.47
100,44,97.59
101,44,97.34
102,44,128.14
103,44,127.87
104,44,127.6
105,44,120.86
106,44,120.59
107,44,120.32
108,44,120.05
109,44,119.79
110,44,94.07
111,44,93.92
112,44,93.78
113,44,93.65
114,44,93.55
115,44,93.46
116,44,93.4
117,44,93.35
118,44,93.33
119,44,93.32
120,44,93.34
121,44,93.39
122,44,93.45
123,44,93.54
124,44,93.65
125,44,91.9
126,44,91.73
127,44,121.89
128,44,121.89
129,44,121.9
130,44,120.79
131,44,120.83
132,44,120.87
133,44,120.91
134,44,120.95
135,44,135.33
136,44,135.27
137,44,135.2
138,44,135.12
139,44,135.02
140,44,109.09
141,44,109.07
142,44,109.02
143,44,108.94
144,44,108.84
145,44,119.23
146,44,119.02
147,44,118.79
148,44,118.54
149,44,118.26
150,44,88.44
151,44,88.44
152,44,94.7
153,44,94.42
154,44,94.14
155,44,102.03
156,44,101.73
157,44,101.43
158,44,101.14
159,44,100.85
160,44,115.79
161,44,115.52
162,44,115.27
163,44,115.04
164,44,114.84
165,44,103.57
166,44,103.43
167,44,103.31
168,44,103.22
169,44,103.15
170,44,119.18
171,44,119.16
172,44,119.15
173,44,119.18
174,44,119.22
175,44,90.62
176,44,90.8
177,44,91.41
178,44,91.54
179,44,91.68
180,44,96.84
181,44,97.0
182,44,97.18
183,44,97.36
184,44,97.56
185,44,92.76
186,44,92.97
187,44,93.19
188,44,93.41
189,44,93.64
190,44,93.87
191,44,94.11
192,44,94.35
193,44,94.59
194,44,94.84
195,44,113.09
196,44,113.34
197,44,113.59
198,44,113.84
199,44,114.09
0,45,97.3
1,45,97.55
2,45,124.4
3,45,124.66
4,45,124.91
5,45,133.16
6,45,133.41
7,45,133.66
8,45,133.91
9,45,134.15
10,45,113.39
11,45,113.63
12,45,113.86
13,45,114.1
14,45,114.33
15,45,125.57
16,45,125.79
17,45,126.02
18,45,126.23
19,45,126.45
20,45,105.63
21,45,105.83
22,45,106.03
23,45,106.22
24,45,106.41
25,45,102.83
26,45,103.01
27,45,127.02
28,45,127.19
29,45,127.37
30,45,142.62
31,45,142.79
32,45,142.96
33,45,143.12
34,45,143.28
35,45,133.34
36,45,133.49
37,45,133.62
38,45,133.76
39,45,133.89
40,45,109.62
41,45,109.7
42,45,109.78
43,45,109.85
44,45,109.91
45,45,124.35
46,45,124.43
47,45,124.51
48,45,124.59
49,45,124.66
50,45,105.3
51,45,105.3
52,45,132.2
53,45,132.29
54,45,132.38
55,45,103.79
56,45,103.74
57,45,103.69
58,45,103.63
59,45,103.56
60,45,131.78
61,45,131.86
62,45,131.93
63,45,132.0
64,45,132.07
65,45,129.89
66,45,129.95
67,45,130.0
68,45,130.04
69,45,130.09
70,45,148.66
71,45,148.82
72,45,148.98
73,45,149.15
74,45,149.3
75,45,103.64
76,45,103.48
77,45,144.89
78,45,144.99
79,45,145.09
80,45,146.41
81,45,146.5
82,45,146.57
83,45,146.63
84,45,146.68
85,45,135.24
86,45,135.21
87,45,135.16
88,45,135.09
89,45,135.02
90,45,123.19
91,45,123.04
92,45,122.89
93,45,122.72
94,45,122.54
95,45,121.03
96,45,120.82
97,45,120.61
98,45,120.39
99,45,120.16
100,45,97.78
101,45,97.52
102,45,135.35
103,45,135.08
104,45,134.79
105,45,105.46
106,45,105.23
107,45,105.0
108,45,104.78
109,45,104.57
110,45,101.77
111,45,101.6
112,45,101.44
113,45,101.29
114,45,101.16
115,45,125.14
116,45,124.92
117,45,124.71
118,45,124.52
119,45,124.36
120,45,106.98
121,45,106.97
122,45,106.98
123,45,107.02
124,45,107.08
125,45,91.75
126,45,91.59
127,45,122.63
128,45,122.66
129,45,122.7
130,45,129.65
131,45,129.67
132,45,129.69
133,45,129.71
134,45,129.72
135,45,119.71
136,45,119.76
137,45,119.8
138,45,119.82
139,45,119.82
140,45,138.19
141,45,138.03
142,45,137.85
143,45,137.65
144,45,137.41
145,45,120.22
146,45,120.0
147,45,119.74
148,45,119.46
149,45,119.15
150,45,89.24
151,45,89.23
152,45,113.98
153,45,113.62
154,45,113.25
155,45,99.55
156,45,99.21
157,45,98.87
158,45,98.53
159,45,98.21
160,45,110.08
161,45,109.77
162,45,109.48
163,45,109.22
164,45,108.98
165,45,115.83
166,45,115.64
167,45,115.48
168,45,115.34
169,45,115.24
170,45,125.22
171,45,125.16
172,45,125.13
173,45,125.13
174,45,125.16
175,45,90.43
176,45,90.61
177,45,91.29
178,45,91.4
179,45,91.53
180,45,91.68
181,45,91.84
182,45,92.01
183,45,92.19
184,45,92.39
185,45,102.59
186,45,102.8
187,45,103.02
188,45,103.24
189,45,103.46
190,45,105.69
191,45,105.93
192,45,106.17
193,45,106.41
194,45,106.65
195,45,94.9
196,45,95.15
197,45,95.4
198,45,95.65
199,45,95.9
0,46,97.11
1,46,97.36
2,46,124.22
3,46,124.47
4,46,124.72
5,46,132.97
6,46,133.22
7,46,133.47
8,46,133.72
9,46,133.96
10,46,113.2
11,46,113.44
12,46,113.68
13,46,113.91
14,46,114.14
15,46,125.38
16,46,125.61
17,46,125.83
18,46,126.05
19,46,126.27
20,46,105.44
21,46,105.64
22,46,105.84
23,46,106.03
24,46,106.22
25,46,102.64
26,46,102.82
27,46,126.84
28,46,127.02
29,46,127.19
30,46,142.45
31,46,142.62
32,46,142.8
33,46,142.96
34,46,143.13
35,46,133.18
36,46,133.33
37,46,133.47
38,46,133.61
39,46,133.75
40,46,109.44
41,46,109.53
42,46,109.6
43,46,109.67
44,46,109.74
45,46,124.21
46,46,124.3
47,46,124.39
48,46,124.47
49,46,124.55
50,46,105.12
51,46,105.12
52,46,132.14
53,46,132.24
54,46,132.34
55,46,103.6
56,46,103.56
57,46,103.5
58,46,103.44
59,46,103.38
60,46,131.82
61,46,131.9
62,46,131.99
63,46,132.08
64,46,132.16
65,46,129.99
66,46,130.05
67,46,130.12
68,46,130.19
69,46,130.25
70,46,149.08
71,46,149.27
72,46,149.47
73,46,149.66
74,46,149.85
75,46,103.49
76,46,103.32
77,46,145.45
78,46,145.58
79,46,145.71
80,46,147.08
81,46,147.2
82,46,147.3
83,46,147.39
84,46,147.47
85,46,135.82
86,46,135.8
87,46,135.77
88,46,135.72
89,46,135.66
90,46,123.59
91,46,123.45
92,46,123.3
93,46,123.14
94,46,122.97
95,46,121.44
96,46,121.24
97,46,121.03
98,46,120.82
99,46,120.59
100,46,97.64
101,46,97.38
102,46,136.16
103,46,135.88
104,46,135.59
105,46,105.58
106,46,105.36
107,46,105.13
108,46,104.92
109,46,104.71
110,46,101.86
111,46,101.7
112,46,101.54
113,46,101.41
114,46,101.29
115,46,125.78
116,46,125.56
117,46,125.36
118,46,125.18
119,46,125.02
120,46,107.35
121,46,107.37
122,46,107.41
123,46,107.47
124,46,107.57
125,46,91.61
126,46,91.45
127,46,123.45
128,46,123.51
129,46,123.58
130,46,130.65
131,46,130.7
132,46,130.74
133,46,130.79
134,46,130.83
135,46,120.74
136,46,120.82
137,46,120.88
138,46,120.92
139,46,120.93
140,46,139.44
141,46,139.29
142,46,139.1
143,46,138.87
144,46,138.62
145,46,121.32
146,46,121.07
147,46,120.79
148,46,120.48
149,46,120.13
150,46,89.11
151,46,89.1
152,46,114.82
153,46,114.41
154,46,113.98
155,46,100.21
156,46,99.81
157,46,99.42
158,46,99.03
159,46,98.66
160,46,110.5
161,46,110.14
162,46,109.8
163,46,109.49
164,46,109.2
165,46,116.02
166,46,115.79
167,46,115.59
168,46,115.42
169,46,115.29
170,46,125.24
171,46,125.16
172,46,125.11
173,46,125.08
174,46,125.09
175,46,90.25
176,46,90.43
177,46,91.17
178,46,91.27
179,46,91.39
180,46,91.53
181,46,91.68
182,46,91.85
183,46,92.03
184,46,92.22
185,46,102.42
186,46,102.63
187,46,102.84
188,46,103.06
189,46,103.28
190,46,105.51
191,46,105.75
192,46,105.98
193,46,106.22
194,46,106.47
195,46,94.71
196,46,94.96
197,46,95.21
198,46,95.46
199,46,95.71
0,47,96.92
1,47,97.17
2,47,124.03
3,47,124.28
4,47,124.53
5,47,132.79
6,47,133.04
7,47,133.28
8,47,133.53
9,47,133.78
10,47,113.01
11,47,113.25
12,47,113.49
13,47,113.72
14,47,113.96
15,47,125.19
16,47,125.42
17,47,125.64
18,47,125.86
19,47,126.08
20,47,105.25
21,47,105.46
22,47,105.65
23,47,105.85
24,47,106.03
25,47,102.45
26,47,102.63
27,47,126.66
28,47,126.84
29,47,127.01
30,47,142.28
31,47,142.46
32,47,142.64
33,47,142.81
34,47,142.98
35,47,133.02
36,47,133.17
37,47,133.32
38,47,133.46
39,47,133.61
40,47,109.26
41,47,109.35
42,47,109.43
43,47,109.5
44,47,109.57
45,47,124.08
46,47,124.17
47,47,124.26
48,47,124.35
49,47,124.44
50,47,104.94
51,47,104.94
52,47,132.09
53,47,132.2
54,47,132.31
55,47,103.41
56,47,103.37
57,47,103.32
58,47,103.26
59,47,103.19
60,47,131.86
61,47,131.97
62,47,132.07
63,47,132.18
64,47,132.28
65,47,130.1
66,47,130.18
67,47,130.27
68,47,130.35
69,47,130.44
70,47,149.54
71,47,149.77
72,47,150.0
73,47,150.23
74,47,150.45
75,47,103.34
76,47,103.18
77,47,146.07
78,47,146.23
79,47,146.39
80,47,147.82
81,47,147.97
82,47,148.1
83,47,148.22
84,47,148.32
85,47,136.45
86,47,136.45
87,47,136.44
88,47,136.42
89,47,136.37
90,47,124.04
91,47,123.91
92,47,123.77
93,47,123.62
94,47,123.46
95,47,121.9
96,47,121.71
97,47,121.5
98,47,121.29
99,47,121.07
100,47,97.5
101,47,97.25
102,47,137.04
103,47,136.76
104,47,136.47
105,47,105.74
106,47,105.51
107,47,105.29
108,47,105.08
109,47,104.88
110,47,101.98
111,47,101.82
112,47,101.68
113,47,101.55
114,47,101.45
115,47,126.47
116,47,126.26
117,47,126.07
118,47,125.9
119,47,125.75
120,47,107.77
121,47,107.81
122,47,107.88
123,47,107.98
124,47,108.11
125,47,91.48
126,47,91.32
127,47,124.35
128,47,124.44
129,47,124.55
130,47,131.75
131,47,131.82
132,47,131.89
133,47,131.97
134,47,132.03
135,47,121.86
136,47,121.97
137,47,122.06
138,47,122.12
139,47,122.14
140,47,140.81
141,47,140.65
142,47,140.45
143,47,140.21
144,47,139.94
145,47,122.52
146,47,122.25
147,47,121.94
148,47,121.59
149,47,121.21
150,47,88.98
151,47,88.97
152,47,115.74
153,47,115.27
154,47,114.79
155,47,100.93
156,47,100.48
157,47,100.03
158,47,99.59
159,47,99.16
160,47,110.96
161,47,110.54
162,47,110.16
163,47,109.79
164,47,109.46
165,47,116.24
166,47,115.96
167,47,115.73
168,47,115.52
169,47,115.35
170,47,125.28
171,47,125.17
172,47,125.09
173,47,125.04
174,47,125.03
175,47,90.07
176,47,90.25
177,47,91.05
178,47,91.14
179,47,91.26
180,47,91.39
181,47,91.53
182,47,91.69
183,47,91.86
184,47,92.05
185,47,102.25
186,47,102.45
187,47,102.66
188,47,102.88
189,47,103.1
190,47,105.33
191,47,105.56
192,47,105.8
193,47,106.04
194,47,106.28
195,47,94.53
196,47,94.77
197,47,95.02
198,47,95.27
199,47,95.52
0,48,96.73
1,48,96.98
2,48,123.84
3,48,124.09
4,48,124.34
5,48,132.6
6,48,132.85
7,48,133.1
8,48,133.34
9,48,133.59
10,48,112.82
11,48,113.06
12,48,113.3
13,48,113.54
14,48,113.77
15,48,125.01
16,48,125.23
17,48,125.46
18,48,125.68
19,48,125.9
20,48,105.06
21,48,105.27
22,48,105.47
23,48,105.66
24,48,105.85
25,48,102.27
26,48,102.44
27,48,126.48
28,48,126.66
29,48,126.84
30,48,142.12
31,48,142.3
32,48,142.48
33,48,142.65
34,48,142.83
35,48,132.87
36,48,133.02
37,48,133.17
38,48,133.32
39,48,133.47
40,48,109.09
41,48,109.17
42,48,109.25
43,48,109.33
44,48,109.39
45,48,123.95
46,48,124.05
47,48,124.15
48,48,124.24
49,48,124.33
50,48,104.75
51,48,104.76
52,48,132.05
53,48,132.17
54,48,132.29
55,48,103.23
56,48,103.18
57,48,103.13
58,48,103.07
59,48,103.0
60,48,131.93
61,48,132.05
62,48,132.17
63,48,132.3
64,48,132.42
65,48,130.23
66,48,130.34
67,48,130.44
68,48,130.55
69,48,130.65
70,48,150.05
71,48,150.32
72,48,150.59
73,48,150.85
74,48,151.11
75,48,103.19
76,48,103.03
77,48,146.75
78,48,146.95
79,48,147.14
80,48,148.63
81,48,148.81
82,48,148.97
83,48,149.13
84,48,149.26
85,48,137.15
86,48,137.17
87,48,137.18
88,48,137.18
89,48,137.15
90,48,124.53
91,48,124.42
92,48,124.29
93,48,124.15
94,48,124.0
95,48,122.41
96,48,122.23
97,48,122.03
98,48,121.82
99,48,121.6
100,48,97.37
101,48,97.12
102,48,138.01
103,48,137.73
104,48,137.43
105,48,105.92
106,48,105.7
107,48,105.49
108,48,105.28
109,48,105.08
110,48,102.12
111,48,101.97
112,48,101.84
113,48,101.73
114,48,101.64
115,48,127.24
116,48,127.03
117,48,126.84
118,48,126.68
119,48,126.55
120,48,108.23
121,48,108.3
122,48,108.41
123,48,108.55
124,48,108.71
125,48,91.34
126,48,91.18
127,48,125.33
128,48,125.45
129,48,125.6
130,48,132.93
131,48,133.03
132,48,133.14
133,48,133.24
134,48,133.34
135,48,123.09
136,48,123.23
137,48,123.34
138,48,123.42
139,48,123.46
140,48,142.29
141,48,142.13
142,48,141.92
143,48,141.67
144,48,141.37
145,48,123.82
146,48,123.53
147,48,123.18
148,48,122.8
149,48,122.37
150,48,88.85
151,48,88.84
152,48,116.73
153,48,116.21
154,48,115.68
155,48,101.71
156,48,101.21
157,48,100.7
158,48,100.2
159,48,99.71
160,48,111.47
161,48,111.0
162,48,110.55
163,48,110.14
164,48,109.75
165,48,116.49
166,48,116.17
167,48,115.88
168,48,115.64
169,48,115.43
170,48,125.33
171,48,125.19
172,48,125.08
173,48,125.01
174,48,124.98
175,48,89.88
176,48,90.06
177,48,90.94
178,48,91.02
179,48,91.12
180,48,91.24
181,48,91.38
182,48,91.53
183,48,91.7
184,48,91.88
185,48,102.08
186,48,102.28
187,48,102.48
188,48,102.7
189,48,102.92
190,48,105.15
191,48,105.38
192,48,105.61
193,48,105.85
194,48,106.1
195,48,94.34
196,48,94.59
197,48,94.84
198,48,95.09
199,48,95.34
0,49,96.54
1,49,96.79
2,49,123.65
3,49,123.9
4,49,124.16
5,49,132.41
6,49,132.66
7,49,132.91
8,49,133.16
9,49,133.4
10,49,112.63
11,49,112.87
12,49,113.11
13,49,113.35
14,49,113.58
15,49,124.82
16,49,125.05
17,49,125.27
18,49,125.49
19,49,125.71
20,49,104.88
21,49,105.08
22,49,105.28
23,49,105.47
24,49,105.66
25,49,102.08
26,49,102.25
27,49,126.31
28,49,126.49
29,49,126.66
30,49,141.96
31,49,142.14
32,49,142.32
33,49,142.5
34,49,142.68
35,49,132.71
36,49,132.87
37,49,133.03
38,49,133.18
39,49,133.33
40,49,108.91
41,49,109.0
42,49,109.08
43,49,109.15
44,49,109.22
45,49,123.82
46,49,123.93
47,49,124.03
48,49,124.13
49,49,124.23
50,49,104.57
51,49,104.57
52,49,132.02
53,49,132.15
54,49,132.29
55,49,103.04
56,49,102.99
57,49,102.94
58,49,102.88
59,49,102.82
60,49,132.01
61,49,132.15
62,49,132.29
63,49,132.44
64,49,132.58
65,49,130.39
66,49,130.51
67,49,130.64
68,49,130.77
69,49,130.9
70,49,150.62
71,49,150.92
72,49,151.23
73,49,151.53
74,49,151.83
75,49,103.05
76,49,102.88
77,49,147.49
78,49,147.73
79,49,147.95
80,49,149.51
81,49,149.72
82,49,149.93
83,49,150.11
84,49,150.28
85,49,137.91
86,49,137.96
87,49,138.0
88,49,138.01
89,49,138.01
90,49,125.09
91,49,124.99
92,49,124.87
93,49,124.74
94,49,124.6
95,49,122.98
96,49,122.8
97,49,122.61
98,49,122.41
99,49,122.19
100,49,97.24
101,49,96.99
102,49,139.06
103,49,138.78
104,49,138.48
105,49,106.15
106,49,105.93
107,49,105.71
108,49,105.51
109,49,105.32
110,49,102.29
111,49,102.15
112,49,102.03
113,49,101.93
114,49,101.86
115,49,128.08
116,49,127.87
117,49,127.69
118,49,127.54
119,49,127.42
120,49,108.74
121,49,108.84
122,49,108.99
123,49,109.16
124,49,109.37
125,49,91.21
126,49,91.05
127,49,126.38
128,49,126.55
129,49,126.73
130,49,134.21
131,49,134.35
132,49,134.49
133,49,134.62
134,49,134.75
135,49,124.4
136,49,124.57
137,49,124.71
138,49,124.82
139,49,124.88
140,49,143.89
141,49,143.71
142,49,143.49
143,49,143.22
144,49,142.9
145,49,125.22
146,49,124.9
147,49,124.52
148,49,124.1
149,49,123.63
150,49,88.73
151,49,88.71
152,49,117.81
153,49,117.23
154,49,116.63
155,49,102.56
156,49,101.99
157,49,101.42
158,49,100.86
159,49,100.3
160,49,112.03
161,49,111.49
162,49,110.98
163,49,110.51
164,49,110.07
165,49,116.76
166,49,116.39
167,49,116.06
168,49,115.78
169,49,115.53
170,49,125.4
171,49,125.23
172,49,125.09
173,49,124.99
174,49,124.93
175,49,89.7
176,49,89.88
177,49,90.83
178,49,90.9
179,49,90.99
180,49,91.1
181,49,91.23
182,49,91.38
183,49,91.54
184,49,91.71
185,49,101.91
186,49,102.1
187,49,102.31
188,49,102.52
189,49,102.74
190,49,104.96
191,49,105.19
192,49,105.43
193,49,105.67
194,49,105.91
195,49,94.15
196,49,94.4
197,49,94.65
198,49,94.9
199,49,95.15
0,50,96.55
1,50,96.81
2,50,97.06
3,50,97.31
4,50,97.56
5,50,97.21
6,50,97.46
7,50,97.71
8,50,97.95
9,50,98.2
10,50,97.44
11,50,97.68
12,50,97.91
13,50,98.14
14,50,98.37
15,50,100.6
16,50,100.83
17,50,101.05
18,50,101.26
19,50,101.47
20,50,100.73
21,50,100.93
22,50,101.13
23,50,101.32
24,50,101.51
25,50,100.88
26,50,101.06
27,50,101.23
28,50,101.39
29,50,101.55
30,50,102.35
31,50,102.5
32,50,102.64
33,50,102.77
34,50,102.9
35,50,102.66
36,50,102.77
37,50,102.87
38,50,102.97
39,50,103.06
40,50,103.24
41,50,103.32
42,50,103.38
43,50,103.44
44,50,103.5
45,50,102.86
46,50,102.9
47,50,102.92
48,50,102.94
49,50,102.95
50,50,104.12
51,50,104.12
52,50,104.12
53,50,104.1
54,50,104.08
55,50,104.1
56,50,104.07
57,50,104.02
58,50,103.97
59,50,103.91
60,50,103.9
61,50,103.83
62,50,103.75
63,50,103.66
64,50,103.57
65,50,102.64
66,50,102.52
67,50,102.4
68,50,102.27
69,50,102.14
70,50,101.87
71,50,101.73
72,50,101.57
73,50,101.41
74,50,101.24
75,50,102.05
76,50,101.88
77,50,101.71
78,50,101.53
79,50,101.35
80,50,101.84
81,50,101.66
82,50,101.46
83,50,101.27
84,50,101.06
85,50,100.57
86,50,100.36
87,50,100.14
88,50,99.92
89,50,99.7
90,50,98.15
91,50,97.91
92,50,97.67
93,50,97.43
94,50,97.18
95,50,96.11
96,50,95.86
97,50,95.61
98,50,95.36
99,50,95.11
100,50,96.74
101,50,96.49
102,50,96.24
103,50,95.99
104,50,95.74
105,50,93.99
106,50,93.74
107,50,93.5
108,50,93.26
109,50,93.02
110,50,93.59
111,50,93.35
112,50,93.12
113,50,92.89
114,50,92.66
115,50,93.44
116,50,93.21
117,50,93.0
118,50,92.78
119,50,92.58
120,50,90.34
121,50,90.17
122,50,90.0
123,50,89.83
124,50,89.68
125,50,90.63
126,50,90.48
127,50,90.34
128,50,90.2
129,50,90.07
130,50,89.94
131,50,89.83
132,50,89.72
133,50,89.61
134,50,89.51
135,50,88.42
136,50,88.34
137,50,88.26
138,50,88.19
139,50,88.13
140,50,88.97
141,50,88.9
142,50,88.84
143,50,88.78
144,50,88.73
145,50,88.19
146,50,88.15
147,50,88.11
148,50,88.08
149,50,88.05
150,50,89.36
151,50,89.33
152,50,89.32
153,50,89.31
154,50,89.3
155,50,88.27
156,50,88.28
157,50,88.3
158,50,88.33
159,50,88.37
160,50,87.8
161,50,87.86
162,50,87.92
163,50,87.99
164,50,88.07
165,50,88.16
166,50,88.26
167,50,88.37
168,50,88.48
169,50,88.61
170,50,89.09
171,50,89.23
172,50,89.38
173,50,89.54
174,50,89.7
175,50,90.77
176,50,90.95
177,50,91.13
178,50,91.32
179,50,91.51
180,50,91.87
181,50,92.07
182,50,92.28
183,50,92.5
184,50,92.72
185,50,93.49
186,50,93.72
187,50,93.95
188,50,94.19
189,50,94.42
190,50,93.21
191,50,93.46
192,50,93.7
193,50,93.95
194,50,94.2
195,50,95.75
196,50,96.0
197,50,96.25
198,50,96.5
199,50,96.75
0,51,96.36
1,51,96.62
2,51,96.87
3,51,97.12
4,51,97.37
5,51,97.02
6,51,97.27
7,51,97.52
8,51,97.76
9,51,98.01
10,51,97.25
11,51,97.49
12,51,97.72
13,51,97.96
14,51,98.19
15,51,100.41
16,51,100.64
17,51,100.86
18,51,101.07
19,51,101.28
20,51,100.54
21,51,100.74
22,51,100.94
23,51,101.13
24,51,101.32
25,51,100.69
26,51,100.87
27,51,101.04
28,51,101.2
29,51,101.36
30,51,102.17
31,51,102.31
32,51,102.45
33,51,102.58
34,51,102.71
35,51,102.47
36,51,102.58
37,51,102.69
38,51,102.78
39,51,102.87
40,51,103.06
41,51,103.13
42,51,103.2
43,51,103.26
44,51,103.31
45,51,102.67
46,51,102.71
47,51,102.73
48,51,102.75
49,51,102.76
50,51,103.94
51,51,103.94
52,51,103.93
53,51,103.92
54,51,103.9
55,51,103.92
56,51,103.89
57,51,103.84
58,51,103.79
59,51,103.74
60,51,103.73
61,51,103.66
62,51,103.58
63,51,103.49
64,51,103.4
65,51,102.46
66,51,102.34
67,51,102.22
68,51,102.1
69,51,101.96
70,51,101.69
71,51,101.55
72,51,101.39
73,51,101.23
74,51,101.07
75,51,101.89
76,51,101.73
77,51,101.56
78,51,101.38
79,51,101.2
80,51,101.71
81,51,101.52
82,51,101.33
83,51,101.14
84,51,100.94
85,51,100.44
86,51,100.23
87,51,100.01
88,51,99.8
89,51,99.57
90,51,97.99
91,51,97.75
92,51,97.51
93,51,97.27
94,51,97.02
95,51,95.93
96,51,95.68
97,51,95.43
98,51,95.18
99,51,94.93
100,51,96.62
101,51,96.36
102,51,96.11
103,51,95.86
104,51,95.61
105,51,93.82
106,51,93.57
107,51,93.33
108,51,93.09
109,51,92.85
110,51,93.44
111,51,93.2
112,51,92.97
113,51,92.74
114,51,92.52
115,51,93.31
116,51,93.09
117,51,92.87
118,51,92.66
119,51,92.46
120,51,90.17
121,51,90.0
122,51,89.83
123,51,89.68
124,51,89.52
125,51,90.5
126,51,90.35
127,51,90.21
128,51,90.07
129,51,89.95
130,51,89.82
131,51,89.71
132,51,89.6
133,51,89.5
134,51,89.4
135,51,88.3
136,51,88.22
137,51,88.15
138,51,88.08
139,51,88.01
140,51,88.86
141,51,88.8
142,51,88.74
143,51,88.68
144,51,88.63
145,51,88.09
146,51,88.04
147,51,88.01
148,51,87.97
149,51,87.94
150,51,89.25
151,51,89.22
152,51,89.2
153,51,89.19
154,51,89.18
155,51,88.14
156,51,88.15
157,51,88.16
158,51,88.19
159,51,88.22
160,51,87.65
161,51,87.7
162,51,87.76
163,51,87.83
164,51,87.91
165,51,88.0
166,51,88.09
167,51,88.2
168,51,88.31
169,51,88.43
170,51,88.92
171,51,89.05
172,51,89.2
173,51,89.35
174,51,89.52
175,51,90.59
176,51,90.76
177,51,90.95
178,51,91.13
179,51,91.33
180,51,91.68
181,51,91.88
182,51,92.09
183,51,92.31
184,51,92.53
185,51,93.3
186,51,93.53
187,51,93.76
188,51,94.0
189,51,94.23
190,51,93.02
191,51,93.27
192,51,93.51
193,51,93.76
194,51,94.01
195,51,95.56
196,51,95.81
197,51,96.06
198,51,96.31
199,51,96.56
0,52,96.17
1,52,96.43
2,52,127.09
3,52,127.34
4,52,127.59
5,52,115.84
6,52,116.09
7,52,116.34
8,52,116.58
9,52,116.83
10,52,97.06
11,52,97.3
12,52,97.53
13,52,97.77
14,52,98.0
15,52,138.28
16,52,138.51
17,52,138.74
18,52,138.97
19,52,139.19
20,52,120.36
21,52,120.57
22,52,120.78
23,52,120.98
24,52,121.18
25,52,100.5
26,52,100.68
27,52,105.63
28,52,105.8
29,52,105.96
30,52,119.25
31,52,119.42
32,52,119.58
33,52,119.74
34,52,119.9
35,52,112.92
36,52,113.05
37,52,113.18
38,52,113.3
39,52,113.42
40,52,115.59
41,52,115.71
42,52,115.82
43,52,115.92
44,52,116.03
45,52,102.49
46,52,102.52
47,52,102.55
48,52,102.56
49,52,102.58
50,52,103.76
51,52,103.76
52,52,126.53
53,52,126.67
54,52,126.82
55,52,128.08
56,52,128.23
57,52,128.39
58,52,128.56
59,52,128.72
60,52,130.05
61,52,130.24
62,52,130.42
63,52,130.61
64,52,130.81
65,52,113.93
66,52,113.94
67,52,113.96
68,52,113.97
69,52,113.99
70,52,111.42
71,52,111.4
72,52,111.37
73,52,111.34
74,52,111.31
75,52,101.74
76,52,101.57
77,52,132.05
78,52,132.22
79,52,132.38
80,52,146.89
81,52,147.17
82,52,147.44
83,52,147.7
84,52,147.94
85,52,142.15
86,52,142.3
87,52,142.43
88,52,142.54
89,52,142.62
90,52,114.69
91,52,114.57
92,52,114.44
93,52,114.29
94,52,114.13
95,52,96.49
96,52,96.27
97,52,96.04
98,52,95.82
99,52,95.6
100,52,96.49
101,52,96.24
102,52,134.85
103,52,134.57
104,52,134.28
105,52,102.3
106,52,102.1
107,52,101.92
108,52,101.75
109,52,101.6
110,52,118.47
111,52,118.26
112,52,118.06
113,52,117.89
114,52,117.75
115,52,138.49
116,52,138.23
117,52,138.0
118,52,137.81
119,52,137.66
120,52,94.93
121,52,95.3
122,52,95.72
123,52,96.18
124,52,96.68
125,52,90.37
126,52,90.23
127,52,120.8
128,52,121.19
129,52,121.6
130,52,122.02
131,52,122.44
132,52,122.87
133,52,123.28
134,52,123.67
135,52,103.51
136,52,104.04
137,52,104.52
138,52,104.93
139,52,105.28
140,52,123.96
141,52,123.99
142,52,123.94
143,52,123.81
144,52,123.61
145,52,113.37
146,52,113.07
147,52,112.7
148,52,112.24
149,52,111.72
150,52,89.14
151,52,89.11
152,52,136.27
153,52,135.42
154,52,134.55
155,52,112.76
156,52,111.96
157,52,111.15
158,52,110.35
159,52,109.56
160,52,96.47
161,52,95.77
162,52,95.11
163,52,94.48
164,52,93.89
165,52,93.35
166,52,92.86
167,52,92.42
168,52,92.02
169,52,91.68
170,52,98.45
171,52,98.19
172,52,97.98
173,52,97.82
174,52,97.7
175,52,90.41
176,52,90.58
177,52,115.63
178,52,115.64
179,52,115.69
180,52,118.76
181,52,118.86
182,52,118.97
183,52,119.11
184,52,119.26
185,52,130.44
186,52,130.62
187,52,130.81
188,52,131.01
189,52,131.22
190,52,102.41
191,52,102.64
192,52,102.87
193,52,103.11
194,52,103.35
195,52,129.6
196,52,129.84
197,52,130.09
198,52,130.34
199,52,130.59
0,53,95.99
1,53,96.24
2,53,126.9
3,53,127.15
4,53,127.4
5,53,115.65
6,53,115.9
7,53,116.15
8,53,116.4
9,53,116.64
10,53,96.87
11,53,97.11
12,53,97.34
13,53,97.58
14,53,97.81
15,53,138.1
16,53,138.33
17,53,138.56
18,53,138.79
19,53,139.01
20,53,120.17
21,53,120.39
22,53,120.59
23,53,120.8
24,53,121.0
25,53,100.32
26,53,100.49
27,53,105.45
28,53,105.62
29,53,105.78
30,53,119.08
31,53,119.25
32,53,119.41
33,53,119.57
34,53,119.73
35,53,112.75
36,53,112.88
37,53,113.01
38,53,113.14
39,53,113.26
40,53,115.44
41,53,115.56
42,53,115.67
43,53,115.78
44,53,115.89
45,53,102.3
46,53,102.33
47,53,102.36
48,53,102.38
49,53,102.39
50,53,103.58
51,53,103.58
52,53,126.51
53,53,126.66
54,53,126.82
55,53,128.11
56,53,128.28
57,53,128.46
58,53,128.64
59,53,128.82
60,53,130.19
61,53,130.39
62,53,130.6
63,53,130.82
64,53,131.04
65,53,113.93
66,53,113.96
67,53,113.99
68,53,114.02
69,53,114.05
70,53,111.45
71,53,111.44
72,53,111.42
73,53,111.41
74,53,111.39
75,53,101.59
76,53,101.42
77,53,132.66
78,53,132.86
79,53,133.06
80,53,147.95
81,53,148.28
82,53,148.6
83,53,148.9
84,53,149.18
85,53,143.27
86,53,143.45
87,53,143.62
88,53,143.75
89,53,143.87
90,53,115.14
91,53,115.03
92,53,114.91
93,53,114.78
94,53,114.64
95,53,96.47
96,53,96.25
97,53,96.03
98,53,95.81
99,53,95.59
100,53,96.37
101,53,96.12
102,53,136.07
103,53,135.79
104,53,135.5
105,53,102.55
106,53,102.36
107,53,102.18
108,53,102.01
109,53,101.87
110,53,119.24
111,53,119.03
112,53,118.83
113,53,118.67
114,53,118.53
115,53,139.84
116,53,139.57
117,53,139.35
118,53,139.16
119,53,139.01
120,53,95.25
121,53,95.67
122,53,96.14
123,53,96.65
124,53,97.22
125,53,90.25
126,53,90.1
127,53,121.98
128,53,122.41
129,53,122.87
130,53,123.35
131,53,123.82
132,53,124.3
133,53,124.76
134,53,125.2
135,53,104.79
136,53,105.37
137,53,105.9
138,53,106.36
139,53,106.75
140,53,125.66
141,53,125.7
142,53,125.65
143,53,125.52
144,53,125.3
145,53,114.96
146,53,114.64
147,53,114.23
148,53,113.74
149,53,113.17
150,53,89.04
151,53,89.01
152,53,137.67
153,53,136.74
154,53,135.78
155,53,113.84
156,53,112.96
157,53,112.07
158,53,111.19
159,53,110.33
160,53,97.14
161,53,96.37
162,53,95.63
163,53,94.94
164,53,94.29
165,53,93.69
166,53,93.14
167,53,92.65
168,53,92.2
169,53,91.82
170,53,98.55
171,53,98.26
172,53,98.01
173,53,97.82
174,53,97.67
175,53,90.23
176,53,90.4
177,53,115.55
178,53,115.55
179,53,115.57
180,53,118.64
181,53,118.72
182,53,118.83
183,53,118.95
184,53,119.1
185,53,130.27
186,53,130.45
187,53,130.63
188,53,130.83
189,53,131.04
190,53,102.23
191,53,102.46
192,53,102.69
193,53,102.92
194,53,103.16
195,53,129.41
196,53,129.66
197,53,129.9
198,53,130.15
199,53,130.4
0,54,95.8
1,54,96.05
2,54,126.71
3,54,126.96
4,54,127.22
5,54,115.46
6,54,115.71
7,54,115.96
8,54,116.21
9,54,116.45
10,54,96.68
11,54,96.92
12,54,97.16
13,54,97.39
14,54,97.62
15,54,137.91
16,54,138.15
17,54,138.38
18,54,138.61
19,54,138.83
20,54,119.99
21,54,120.2
22,54,120.41
23,54,120.62
24,54,120.82
25,54,100.13
26,54,100.3
27,54,105.26
28,54,105.43
29,54,105.59
30,54,118.91
31,54,119.08
32,54,119.25
33,54,119.41
34,54,119.57
35,54,112.58
36,54,112.71
37,54,112.85
38,54,112.97
39,54,113.1
40,54,115.28
41,54,115.41
42,54,115.52
43,54,115.64
44,54,115.75
45,54,102.11
46,54,102.14
47,54,102.17
48,54,102.19
49,54,102.2
50,54,103.4
51,54,103.4
52,54,126.49
53,54,126.66
54,54,126.84
55,54,128.15
56,54,128.34
57,54,128.54
58,54,128.74
59,54,128.94
60,54,130.34
61,54,130.57
62,54,130.81
63,54,131.05
64,54,131.3
65,54,113.95
66,54,114.0
67,54,114.04
68,54,114.08
69,54,114.12
70,54,111.49
71,54,111.5
72,54,111.5
73,54,111.5
74,54,111.49
75,54,101.44
76,54,101.28
77,54,133.32
78,54,133.56
79,54,133.8
80,54,149.1
81,54,149.48
82,54,149.85
83,54,150.19
84,54,150.52
85,54,144.48
86,54,144.7
87,54,144.9
88,54,145.07
89,54,145.22
90,54,115.65
91,54,115.56
92,54,115.45
93,54,115.33
94,54,115.2
95,54,96.47
96,54,96.26
97,54,96.04
98,54,95.83
99,54,95.61
100,54,96.26
101,54,96.01
102,54,137.4
103,54,137.12
104,54,136.82
105,54,102.85
106,54,102.66
107,54,102.48
108,54,102.32
109,54,102.18
110,54,120.08
111,54,119.86
112,54,119.67
113,54,119.5
114,54,119.37
115,54,141.28
116,54,141.01
117,54,140.78
118,54,140.59
119,54,140.44
120,54,95.6
121,54,96.06
122,54,96.58
123,54,97.15
124,54,97.78
125,54,90.13
126,54,89.98
127,54,123.21
128,54,123.69
129,54,124.2
130,54,124.73
131,54,125.26
132,54,125.78
133,54,126.29
134,54,126.78
135,54,106.1
136,54,106.75
137,54,107.33
138,54,107.84
139,54,108.26
140,54,127.41
141,54,127.46
142,54,127.42
143,54,127.28
144,54,127.04
145,54,116.6
146,54,116.25
147,54,115.81
148,54,115.28
149,54,114.66
150,54,88.94
151,54,88.9
152,54,139.11
153,54,138.1
154,54,137.06
155,54,114.96
156,54,113.99
157,54,113.02
158,54,112.07
159,54,111.12
160,54,97.82
161,54,96.98
162,54,96.18
163,54,95.42
164,54,94.7
165,54,94.04
166,54,93.44
167,54,92.89
168,54,92.39
169,54,91.96
170,54,98.66
171,54,98.33
172,54,98.05
173,54,97.83
174,54,97.65
175,54,90.05
176,54,90.22
177,54,115.47
178,54,115.45
179,54,115.46
180,54,118.52
181,54,118.59
182,54,118.68
183,54,118.8
184,54,118.94
185,54,130.11
186,54,130.28
187,54,130.46
188,54,130.66
189,54,130.86
190,54,102.05
191,54,102.28
192,54,102.51
193,54,102.74
194,54,102.98
195,54,129.23
196,54,129.47
197,54,129.72
198,54,129.96
199,54,130.21
0,55,96.01
1,55,96.26
2,55,134.52
3,55,134.78
4,55,135.03
5,55,101.27
6,55,101.52
7,55,101.77
8,55,102.01
9,55,102.26
10,55,116.51
11,55,116.75
12,55,116.99
13,55,117.23
14,55,117.46
15,55,135.73
16,55,135.96
17,55,136.19
18,55,136.42
19,55,136.65
20,55,98.73
21,55,98.93
22,55,99.13
23,55,99.32
24,55,99.51
25,55,101.65
26,55,101.83
27,55,139.39
28,55,139.6
29,55,139.8
30,55,129.88
31,55,130.07
32,55,130.26
33,55,130.45
34,55,130.63
35,55,128.77
36,55,128.95
37,55,129.13
38,55,129.31
39,55,129.49
40,55,108.9
41,55,109.0
42,55,109.1
43,55,109.19
44,55,109.28
45,55,131.66
46,55,131.86
47,55,132.06
48,55,132.27
49,55,132.49
50,55,102.01
51,55,102.0
52,55,102.0
53,55,101.98
54,55,101.96
55,55,119.06
56,55,119.18
57,55,119.31
58,55,119.44
59,55,119.56
60,55,124.51
61,55,124.69
62,55,124.88
63,55,125.08
64,55,125.28
65,55,125.48
66,55,125.69
67,55,125.9
68,55,126.11
69,55,126.33
70,55,145.63
71,55,146.1
72,55,146.58
73,55,147.06
74,55,147.54
75,55,102.24
76,55,102.09
77,55,153.46
78,55,153.98
79,55,154.49
80,55,130.21
81,55,130.41
82,55,130.6
83,55,130.78
84,55,130.94
85,55,149.05
86,55,149.34
87,55,149.61
88,55,149.84
89,55,150.05
90,55,153.62
91,55,153.78
92,55,153.9
93,55,153.99
94,55,154.03
95,55,159.25
96,55,159.22
97,55,159.15
98,55,159.03
99,55,158.86
100,55,93.96
101,55,93.71
102,55,95.06
103,55,94.86
104,55,94.68
105,55,130.98
106,55,130.67
107,55,130.35
108,55,130.04
109,55,129.73
110,55,112.55
111,55,112.39
112,55,112.27
113,55,112.17
114,55,112.11
115,55,154.15
116,55,153.75
117,55,153.4
118,55,153.08
119,55,152.81
120,55,125.04
121,55,125.2
122,55,125.42
123,55,125.69
124,55,126.02
125,55,88.79
126,55,88.66
127,55,100.69
128,55,101.54
129,55,102.41
130,55,112.7
131,55,113.46
132,55,114.2
133,55,114.93
134,55,115.63
135,55,130.15
136,55,130.58
137,55,130.95
138,55,131.24
139,55,131.46
140,55,143.48
141,55,143.39
142,55,143.2
143,55,142.91
144,55,142.53
145,55,136.39
146,55,135.86
147,55,135.23
148,55,134.52
149,55,133.72
150,55,88.41
151,55,88.37
152,55,131.99
153,55,130.94
154,55,129.86
155,55,137.22
156,55,136.07
157,55,134.93
158,55,133.8
159,55,132.7
160,55,98.53
161,55,97.61
162,55,96.73
163,55,95.9
164,55,95.12
165,55,103.58
166,55,102.9
167,55,102.28
168,55,101.72
169,55,101.23
170,55,109.9
171,55,109.52
172,55,109.19
173,55,108.93
174,55,108.71
175,55,89.97
176,55,90.14
177,55,117.4
178,55,117.36
179,55,117.36
180,55,124.41
181,55,124.47
182,55,124.56
183,55,124.67
184,55,124.8
185,55,90.89
186,55,91.06
187,55,91.25
188,55,91.44
189,55,91.65
190,55,120.89
191,55,121.11
192,55,121.33
193,55,121.56
194,55,121.8
195,55,107.04
196,55,107.28
197,55,107.53
198,55,107.77
199,55,108.02
0,56,95.82
1,56,96.08
2,56,134.34
3,56,134.59
4,56,134.85
5,56,101.08
6,56,101.33
7,56,101.58
8,56,101.83
9,56,102.07
10,56,116.33
11,56,116.57
12,56,116.81
13,56,117.05
14,56,117.28
15,56,135.55
16,56,135.78
17,56,136.01
18,56,136.24
19,56,136.47
20,56,98.55
21,56,98.75
22,56,98.94
23,56,99.14
24,56,99.32
25,56,101.47
26,56,101.64
27,56,139.23
28,56,139.44
29,56,139.65
30,56,129.72
31,56,129.92
32,56,130.11
33,56,130.3
34,56,130.49
35,56,128.63
36,56,128.82
37,56,129.0
38,56,129.19
39,56,129.38
40,56,108.74
41,56,108.84
42,56,108.94
43,56,109.03
44,56,109.12
45,56,131.61
46,56,131.82
47,56,132.04
48,56,132.26
49,56,132.49
50,56,101.82
51,56,101.82
52,56,101.82
53,56,101.8
54,56,101.77
55,56,119.04
56,56,119.18
57,56,119.32
58,56,119.46
59,56,119.6
60,56,124.63
61,56,124.84
62,56,125.05
63,56,125.27
64,56,125.49
65,56,125.72
66,56,125.96
67,56,126.2
68,56,126.44
69,56,126.69
70,56,146.41
71,56,146.94
72,56,147.47
73,56,148.0
74,56,148.54
75,56,102.12
76,56,101.98
77,56,154.73
78,56,155.31
79,56,155.89
80,56,131.0
81,56,131.23
82,56,131.46
83,56,131.67
84,56,131.87
85,56,150.55
86,56,150.89
87,56,151.2
88,56,151.48
89,56,151.73
90,56,155.45
91,56,155.64
92,56,155.8
93,56,155.91
94,56,155.97
95,56,161.39
96,56,161.38
97,56,161.32
98,56,161.21
99,56,161.05
100,56,93.79
101,56,93.54
102,56,95.17
103,56,94.98
104,56,94.8
105,56,132.28
106,56,131.97
107,56,131.64
108,56,131.32
109,56,131.0
110,56,113.28
111,56,113.12
112,56,112.99
113,56,112.9
114,56,112.85
115,56,156.12
116,56,155.71
117,56,155.33
118,56,155.0
119,56,154.72
120,56,126.2
121,56,126.39
122,56,126.63
123,56,126.93
124,56,127.29
125,56,88.64
126,56,88.52
127,56,101.49
128,56,102.4
129,56,103.34
130,56,113.9
131,56,114.72
132,56,115.53
133,56,116.31
134,56,117.07
135,56,131.87
136,56,132.33
137,56,132.73
138,56,133.05
139,56,133.29
140,56,145.47
141,56,145.38
142,56,145.18
143,56,144.87
144,56,144.46
145,56,138.23
146,56,137.67
147,56,136.99
148,56,136.23
149,56,135.37
150,56,88.31
151,56,88.27
152,56,133.43
153,56,132.31
154,56,131.15
155,56,138.45
156,56,137.22
157,56,135.98
158,56,134.77
159,56,133.58
160,56,99.23
161,56,98.24
162,56,97.29
163,56,96.39
164,56,95.55
165,56,103.96
166,56,103.22
167,56,102.54
168,56,101.93
169,56,101.39
170,56,110.03
171,56,109.6
172,56,109.24
173,56,108.94
174,56,108.7
175,56,89.79
176,56,89.96
177,56,117.33
178,56,117.27
179,56,117.25
180,56,124.3
181,56,124.34
182,56,124.42
183,56,124.52
184,56,124.64
185,56,90.73
186,56,90.89
187,56,91.07
188,56,91.27
189,56,91.47
190,56,120.71
191,56,120.93
192,56,121.15
193,56,121.38
194,56,121.62
195,56,106.85
196,56,107.09
197,56,107.34
198,56,107.59
199,56,107.84
0,57,95.64
1,57,95.89
2,57,134.16
3,57,134.41
4,57,134.66
5,57,100.9
6,57,101.15
7,57,101.4
8,57,101.64
9,57,101.89
10,57,116.14
11,57,116.39
12,57,116.63
13,57,116.86
14,57,117.1
15,57,135.37
16,57,135.6
17,57,135.84
18,57,136.07
19,57,136.3
20,57,98.36
21,57,98.56
22,57,98.76
23,57,98.95
24,57,99.14
25,57,101.28
26,57,101.46
27,57,139.07
28,57,139.29
29,57,139.5
30,57,129.57
31,57,129.77
32,57,129.96
33,57,130.16
34,57,130.35
35,57,128.5
36,57,128.69
37,57,128.88
38,57,129.07
39,57,129.27
40,57,108.57
41,57,108.68
42,57,108.78
43,57,108.88
44,57,108.97
45,57,131.56
46,57,131.79
47,57,132.02
48,57,132.26
49,57,132.51
50,57,101.64
51,57,101.63
52,57,101.64
53,57,101.62
54,57,101.59
55,57,119.04
56,57,119.19
57,57,119.34
58,57,119.5
59,57,119.66
60,57,124.77
61,57,125.0
62,57,125.24
63,57,125.48
64,57,125.73
65,57,125.99
66,57,126.25
67,57,126.52
68,57,126.8
69,57,127.08
70,57,147.25
71,57,147.83
72,57,148.41
73,57,149.01
74,57,149.6
75,57,102.01
76,57,101.86
77,57,156.09
78,57,156.74
79,57,157.38
80,57,131.84
81,57,132.12
82,57,132.39
83,57,132.64
84,57,132.88
85,57,152.16
86,57,152.55
87,57,152.91
88,57,153.24
89,57,153.53
90,57,157.4
91,57,157.63
92,57,157.82
93,57,157.97
94,57,158.06
95,57,163.68
96,57,163.7
97,57,163.65
98,57,163.56
99,57,163.41
100,57,93.62
101,57,93.37
102,57,95.33
103,57,95.14
104,57,94.96
105,57,133.7
106,57,133.37
107,57,133.03
108,57,132.7
109,57,132.37
110,57,114.07
111,57,113.91
112,57,113.78
113,57,113.69
114,57,113.64
115,57,158.22
116,57,157.78
117,57,157.38
118,57,157.03
119,57,156.72
120,57,127.43
121,57,127.62
122,57,127.89
123,57,128.21
124,57,128.6
125,57,88.5
126,57,88.38
127,57,102.29
128,57,103.28
129,57,104.29
130,57,115.11
131,57,115.99
132,57,116.86
133,57,117.71
134,57,118.52
135,57,133.6
136,57,134.1
137,57,134.53
138,57,134.88
139,57,135.13
140,57,147.48
141,57,147.38
142,57,147.17
143,57,146.84
144,57,146.4
145,57,140.09
146,57,139.48
147,57,138.76
148,57,137.94
149,57,137.02
150,57,88.21
151,57,88.17
152,57,134.88
153,57,133.67
154,57,132.43
155,57,139.69
156,57,138.36
157,57,137.04
158,57,135.74
159,57,134.46
160,57,99.94
161,57,98.87
162,57,97.85
163,57,96.88
164,57,95.97
165,57,104.34
166,57,103.54
167,57,102.8
168,57,102.14
169,57,101.55
170,57,110.16
171,57,109.69
172,57,109.3
173,57,108.96
174,57,108.69
175,57,89.61
176,57,89.78
177,57,117.26
178,57,117.18
179,57,117.15
180,57,124.18
181,57,124.22
182,57,124.28
183,57,124.37
184,57,124.49
185,57,90.56
186,57,90.73
187,57,90.9
188,57,91.1
189,57,91.3
190,57,120.53
191,57,120.75
192,57,120.97
193,57,121.2
194,57,121.44
195,57,106.67
196,57,106.91
197,57,107.16
198,57,107.4
199,57,107.65
0,58,95.46
1,58,95.71
2,58,133.97
3,58,134.23
4,58,134.48
5,58,100.72
6,58,100.96
7,58,101.21
8,58,101.46
9,58,101.7
10,58,115.96
11,58,116.2
12,58,116.44
13,58,116.68
14,58,116.92
15,58,135.19
16,58,135.43
17,58,135.66
18,58,135.89
19,58,136.12
20,58,98.18
21,58,98.38
22,58,98.58
23,58,98.77
24,58,98.95
25,58,101.1
26,58,101.28
27,58,138.92
28,58,139.14
29,58,139.36
30,58,129.42
31,58,129.62
32,58,129.82
33,58,130.02
34,58,130.22
35,58,128.37
36,58,128.56
37,58,128.76
38,58,128.96
39,58,129.16
40,58,108.41
41,58,108.52
42,58,108.63
43,58,108.72
44,58,108.82
45,58,131.53
46,58,131.77
47,58,132.01
48,58,132.27
49,58,132.54
50,58,101.46
51,58,101.45
52,58,101.45
53,58,101.44
54,58,101.41
55,58,119.04
56,58,119.21
57,58,119.38
58,58,119.55
59,58,119.73
60,58,124.92
61,58,125.18
62,58,125.45
63,58,125.72
64,58,126.0
65,58,126.29
66,58,126.58
67,58,126.88
68,58,127.19
69,58,127.5
70,58,148.14
71,58,148.78
72,58,149.43
73,58,150.08
74,58,150.74
75,58,101.9
76,58,101.76
77,58,157.55
78,58,158.26
79,58,158.97
80,58,132.76
81,58,133.08
82,58,133.39
83,58,133.69
84,58,133.97
85,58,153.88
86,58,154.33
87,58,154.74
88,58,155.12
89,58,155.45
90,58,159.49
91,58,159.77
92,58,160.0
93,58,160.17
94,58,160.3
95,58,166.14
96,58,166.17
97,58,166.15
98,58,166.06
99,58,165.92
100,58,93.46
101,58,93.21
102,58,95.54
103,58,95.36
104,58,95.18
105,58,135.23
106,58,134.89
107,58,134.54
108,58,134.18
109,58,133.83
110,58,114.94
111,58,114.77
112,58,114.64
113,58,114.55
114,58,114.5
115,58,160.44
116,58,159.96
117,58,159.54
118,58,159.16
119,58,158.83
120,58,128.71
121,58,128.92
122,58,129.19
123,58,129.54
124,58,129.95
125,58,88.36
126,58,88.24
127,58,103.09
128,58,104.15
129,58,105.23
130,58,116.32
131,58,117.26
132,58,118.19
133,58,119.09
134,58,119.95
135,58,135.34
136,58,135.87
137,58,136.33
138,58,136.7
139,58,136.97
140,58,149.49
141,58,149.38
142,58,149.15
143,58,148.81
144,58,148.34
145,58,141.93
146,58,141.28
147,58,140.52
148,58,139.64
149,58,138.66
150,58,88.12
151,58,88.07
152,58,136.31
153,58,135.03
154,58,133.7
155,58,140.91
156,58,139.5
157,58,138.09
158,58,136.69
159,58,135.33
160,58,100.63
161,58,99.49
162,58,98.4
163,58,97.36
164,58,96.39
165,58,104.71
166,58,103.85
167,58,103.06
168,58,102.35
169,58,101.71
170,58,110.28
171,58,109.78
172,58,109.35
173,58,108.98
174,58,108.68
175,58,89.43
176,58,89.6
177,58,117.18
178,58,117.09
179,58,117.04
180,58,124.06
181,58,124.09
182,58,124.14
183,58,124.23
184,58,124.34
185,58,90.4
186,58,90.56
187,58,90.73
188,58,90.92
189,58,91.12
190,58,120.36
191,58,120.57
192,58,120.8
193,58,121.02
194,58,121.26
195,58,106.49
196,58,106.73
197,58,106.97
198,58,107.22
199,58,107.47
0,59,95.27
1,59,95.53
2,59,133.79
3,59,134.04
4,59,134.3
5,59,100.53
6,59,100.78
7,59,101.03
8,59,101.28
9,59,101.52
10,59,115.78
11,59,116.02
12,59,116.26
13,59,116.5
14,59,116.74
15,59,135.02
16,59,135.25
17,59,135.49
18,59,135.72
19,59,135.95
20,59,98.0
21,59,98.2
22,59,98.39
23,59,98.58
24,59,98.77
25,59,100.92
26,59,101.1
27,59,138.77
28,59,138.99
29,59,139.21
30,59,129.27
31,59,129.47
32,59,129.68
33,59,129.88
34,59,130.09
35,59,128.24
36,59,128.44
37,59,128.65
38,59,128.85
39,59,129.06
40,59,108.26
41,59,108.37
42,59,108.47
43,59,108.57
44,59,108.67
45,59,131.5
46,59,131.75
47,59,132.02
48,59,132.29
49,59,132.57
50,59,101.27
51,59,101.27
52,59,101.28
53,59,101.26
54,59,101.24
55,59,119.05
56,59,119.24
57,59,119.42
58,59,119.62
59,59,119.81
60,59,125.1
61,59,125.38
62,59,125.68
63,59,125.98
64,59,126.29
65,59,126.61
66,59,126.93
67,59,127.27
68,59,127.61
69,59,127.97
70,59,149.09
71,59,149.79
72,59,150.51
73,59,151.22
74,59,151.95
75,59,101.79
76,59,101.66
77,59,159.09
78,59,159.89
79,59,160.67
80,59,133.75
81,59,134.12
82,59,134.48
83,59,134.82
84,59,135.15
85,59,155.73
86,59,156.23
87,59,156.7
88,59,157.13
89,59,157.52
90,59,161.73
91,59,162.05
92,59,162.32
93,59,162.54
94,59,162.69
95,59,168.76
96,59,168.82
97,59,168.81
98,59,168.74
99,59,168.61
100,59,93.3
101,59,93.05
102,59,95.82
103,59,95.63
104,59,95.45
105,59,136.87
106,59,136.52
107,59,136.15
108,59,135.78
109,59,135.41
110,59,115.89
111,59,115.71
112,59,115.57
113,59,115.47
114,59,115.42
115,59,162.78
116,59,162.27
117,59,161.81
118,59,161.39
119,59,161.04
120,59,130.04
121,59,130.26
122,59,130.55
123,59,130.91
124,59,131.34
125,59,88.22
126,59,88.11
127,59,103.89
128,59,105.0
129,59,106.15
130,59,117.52
131,59,118.52
132,59,119.5
133,59,120.46
134,59,121.37
135,59,137.06
136,59,137.62
137,59,138.1
138,59,138.49
139,59,138.77
140,59,151.47
141,59,151.35
142,59,151.11
143,59,150.74
144,59,150.24
145,59,143.73
146,59,143.05
147,59,142.24
148,59,141.31
149,59,140.27
150,59,88.02
151,59,87.97
152,59,137.71
153,59,136.35
154,59,134.94
155,59,142.11
156,59,140.61
157,59,139.11
158,59,137.63
159,59,136.18
160,59,101.3
161,59,100.09
162,59,98.93
163,59,97.83
164,59,96.79
165,59,105.07
166,59,104.15
167,59,103.31
168,59,102.55
169,59,101.87
170,59,110.4
171,59,109.86
172,59,109.4
173,59,109.0
174,59,108.67
175,59,89.26
176,59,89.43
177,59,117.11
178,59,117.0
179,59,116.94
180,59,123.95
181,59,123.96
182,59,124.01
183,59,124.08
184,59,124.19
185,59,90.24
186,59,90.39
187,59,90.57
188,59,90.75
189,59,90.95
190,59,120.19
191,59,120.4
192,59,120.62
193,59,120.85
194,59,121.08
195,59,106.31
196,59,106.55
197,59,106.79
198,59,107.04
199,59,107.29
0,60,94.99
1,60,95.25
2,60,131.61
3,60,131.86
4,60,132.12
5,60,108.36
6,60,108.61
7,60,108.86
8,60,109.1
9,60,109.35
10,60,95.58
11,60,95.81
12,60,96.05
13,60,96.28
14,60,96.51
15,60,132.84
16,60,133.07
17,60,133.31
18,60,133.54
19,60,133.77
20,60,121.94
21,60,122.16
22,60,122.38
23,60,122.59
24,60,122.8
25,60,98.77
26,60,98.95
27,60,99.12
28,60,99.28
29,60,99.44
30,60,140.32
31,60,140.56
32,60,140.8
33,60,141.04
34,60,141.29
35,60,116.76
36,60,116.93
37,60,117.1
38,60,117.26
39,60,117.43
40,60,100.72
41,60,100.79
42,60,100.86
43,60,100.91
44,60,100.97
45,60,131.48
46,60,131.75
47,60,132.03
48,60,132.32
49,60,132.63
50,60,101.43
51,60,101.43
52,60,108.07
53,60,108.13
54,60,108.19
55,60,114.27
56,60,114.4
57,60,114.54
58,60,114.69
59,60,114.83
60,60,125.3
61,60,125.61
62,60,125.93
63,60,126.26
64,60,126.6
65,60,154.86
66,60,155.69
67,60,156.54
68,60,157.41
69,60,158.3
70,60,147.07
71,60,147.79
72,60,148.51
73,60,149.25
74,60,149.99
75,60,101.04
76,60,100.9
77,60,147.12
78,60,147.78
79,60,148.43
80,60,99.2
81,60,99.11
82,60,99.03
83,60,98.94
84,60,98.85
85,60,159.59
86,60,160.18
87,60,160.74
88,60,161.24
89,60,161.7
90,60,98.21
91,60,98.08
92,60,97.94
93,60,97.8
94,60,97.64
95,60,97.48
96,60,97.31
97,60,97.13
98,60,96.94
99,60,96.75
100,60,95.95
101,60,95.7
102,60,152.06
103,60,151.72
104,60,151.35
105,60,165.28
106,60,164.77
107,60,164.23
108,60,163.65
109,60,163.06
110,60,112.95
111,60,112.8
112,60,112.69
113,60,112.62
114,60,112.6
115,60,131.42
116,60,131.29
117,60,131.22
118,60,131.22
119,60,131.29
120,60,163.02
121,60,162.77
122,60,162.58
123,60,162.47
124,60,162.44
125,60,88.49
126,60,88.37
127,60,112.5
128,60,113.55
129,60,114.62
130,60,123.17
131,60,124.14
132,60,125.1
133,60,126.04
134,60,126.93
135,60,156.59
136,60,156.89
137,60,157.12
138,60,157.26
139,60,157.3
140,60,117.84
141,60,118.22
142,60,118.44
143,60,118.5
144,60,118.41
145,60,149.05
146,60,148.28
147,60,147.39
148,60,146.37
149,60,145.23
150,60,87.42
151,60,87.37
152,60,129.12
153,60,127.76
154,60,126.35
155,60,108.7
156,60,107.34
157,60,105.97
158,60,104.61
159,60,103.26
160,60,132.37
161,60,130.95
162,60,129.6
163,60,128.32
164,60,127.11
165,60,96.15
166,60,95.2
167,60,94.33
168,60,93.55
169,60,92.84
170,60,124.75
171,60,124.14
172,60,123.62
173,60,123.17
174,60,122.8
175,60,88.43
176,60,88.6
177,60,103.95
178,60,103.83
179,60,103.77
180,60,128.86
181,60,128.86
182,60,128.89
183,60,128.96
184,60,129.05
185,60,90.08
186,60,90.23
187,60,90.4
188,60,90.58
189,60,90.78
190,60,111.0
191,60,111.22
192,60,111.44
193,60,111.66
194,60,111.9
195,60,131.14
196,60,131.38
197,60,131.62
198,60,131.87
199,60,132.12
0,61,94.81
1,61,95.07
2,61,131.43
3,61,131.69
4,61,131.94
5,61,108.18
6,61,108.43
7,61,108.68
8,61,108.93
9,61,109.17
10,61,95.4
11,61,95.64
12,61,95.87
13,61,96.11
14,61,96.34
15,61,132.66
16,61,132.9
17,61,133.14
18,61,133.37
19,61,133.61
20,61,121.77
21,61,121.99
22,61,122.21
23,61,122.43
24,61,122.64
25,61,98.59
26,61,98.77
27,61,98.94
28,61,99.1
29,61,99.26
30,61,140.2
31,61,140.44
32,61,140.68
33,61,140.93
34,61,141.19
35,61,116.62
36,61,116.79
37,61,116.96
38,61,117.13
39,61,117.3
40,61,100.54
41,61,100.61
42,61,100.68
43,61,100.74
44,61,100.79
45,61,131.47
46,61,131.76
47,61,132.06
48,61,132.37
49,61,132.69
50,61,101.26
51,61,101.26
52,61,107.96
53,61,108.03
54,61,108.1
55,61,114.25
56,61,114.4
57,61,114.55
58,61,114.71
59,61,114.87
60,61,125.51
61,61,125.85
62,61,126.21
63,61,126.57
64,61,126.95
65,61,155.77
66,61,156.67
67,61,157.59
68,61,158.54
69,61,159.5
70,61,148.07
71,61,148.86
72,61,149.65
73,61,150.46
74,61,151.27
75,61,100.93
76,61,100.79
77,61,148.48
78,61,149.2
79,61,149.93
80,61,99.28
81,61,99.22
82,61,99.16
83,61,99.09
84,61,99.02
85,61,161.75
86,61,162.41
87,61,163.03
88,61,163.6
89,61,164.12
90,61,98.52
91,61,98.41
92,61,98.29
93,61,98.16
94,61,98.02
95,61,97.87
96,61,97.71
97,61,97.54
98,61,97.36
99,61,97.17
100,61,95.9
101,61,95.64
102,61,154.44
103,61,154.1
104,61,153.7
105,61,168.11
106,61,167.57
107,61,166.99
108,61,166.38
109,61,165.75
110,61,113.94
111,61,113.77
112,61,113.64
113,61,113.56
114,61,113.53
115,61,132.94
116,61,132.79
117,61,132.7
118,61,132.68
119,61,132.73
120,61,165.38
121,61,165.09
122,61,164.87
123,61,164.73
124,61,164.67
125,61,88.36
126,61,88.25
127,61,113.44
128,61,114.53
129,61,115.65
130,61,124.42
131,61,125.43
132,61,126.43
133,61,127.4
134,61,128.33
135,61,158.55
136,61,158.86
137,61,159.08
138,61,159.22
139,61,159.25
140,61,119.21
141,61,119.6
142,61,119.83
143,61,119.9
144,61,119.81
145,61,150.77
146,61,149.96
147,61,149.01
148,61,147.94
149,61,146.75
150,61,87.32
151,61,87.26
152,61,130.34
153,61,128.92
154,61,127.44
155,61,109.63
156,61,108.21
157,61,106.77
158,61,105.34
159,61,103.92
160,61,133.06
161,61,131.57
162,61,130.15
163,61,128.8
164,61,127.53
165,61,96.45
166,61,95.45
167,61,94.54
168,61,93.71
169,61,92.96
170,61,124.86
171,61,124.22
172,61,123.66
173,61,123.19
174,61,122.79
175,61,88.26
176,61,88.42
177,61,103.86
178,61,103.74
179,61,103.66
180,61,128.74
181,61,128.73
182,61,128.76
183,61,128.82
184,61,128.9
185,61,89.92
186,61,90.07
187,61,90.23
188,61,90.41
189,61,90.61
190,61,110.83
191,61,111.04
192,61,111.26
193,61,111.49
194,61,111.72
195,61,130.97
196,61,131.21
197,61,131.45
198,61,131.69
199,61,131.94
0,62,94.64
1,62,94.89
2,62,131.26
3,62,131.51
4,62,131.77
5,62,108.0
6,62,108.25
7,62,108.5
8,62,108.75
9,62,109.0
10,62,95.22
11,62,95.46
12,62,95.7
13,62,95.93
14,62,96.16
15,62,132.49
16,62,132.73
17,62,132.97
18,62,133.21
19,62,133.44
20,62,121.6
21,62,121.83
22,62,122.04
23,62,122.26
24,62,122.48
25,62,98.42
26,62,98.59
27,62,98.76
28,62,98.92
29,62,99.08
30,62,140.07
31,62,140.32
32,62,140.57
33,62,140.83
34,62,141.09
35,62,116.48
36,62,116.65
37,62,116.83
38,62,117.01
39,62,117.18
40,62,100.36
41,62,100.44
42,62,100.5
43,62,100.56
44,62,100.61
45,62,131.47
46,62,131.77
47,62,132.09
48,62,132.42
49,62,132.76
50,62,101.08
51,62,101.08
52,62,107.86
53,62,107.93
54,62,108.01
55,62,114.24
56,62,114.41
57,62,114.58
58,62,114.75
59,62,114.93
60,62,125.75
61,62,126.12
62,62,126.51
63,62,126.9
64,62,127.32
65,62,156.74
66,62,157.71
67,62,158.7
68,62,159.73
69,62,160.78
70,62,149.14
71,62,149.99
72,62,150.86
73,62,151.74
74,62,152.63
75,62,100.83
76,62,100.69
77,62,149.92
78,62,150.72
79,62,151.52
80,62,99.41
81,62,99.37
82,62,99.33
83,62,99.3
84,62,99.26
85,62,164.04
86,62,164.78
87,62,165.47
88,62,166.11
89,62,166.69
90,62,98.9
91,62,98.81
92,62,98.72
93,62,98.6
94,62,98.48
95,62,98.34
96,62,98.19
97,62,98.03
98,62,97.86
99,62,97.68
100,62,95.86
101,62,95.61
102,62,156.99
103,62,156.63
104,62,156.22
105,62,171.12
106,62,170.55
107,62,169.93
108,62,169.28
109,62,168.6
110,62,115.01
111,62,114.82
112,62,114.67
113,62,114.57
114,62,114.52
115,62,134.54
116,62,134.36
117,62,134.25
118,62,134.2
119,62,134.24
120,62,167.83
121,62,167.49
122,62,167.23
123,62,167.05
124,62,166.95
125,62,88.23
126,62,88.12
127,62,114.35
128,62,115.48
129,62,116.64
130,62,125.62
131,62,126.66
132,62,127.7
133,62,128.7
134,62,129.66
135,62,160.47
136,62,160.76
137,62,160.98
138,62,161.11
139,62,161.12
140,62,120.48
141,62,120.89
142,62,121.13
143,62,121.2
144,62,121.1
145,62,152.4
146,62,151.55
147,62,150.55
148,62,149.42
149,62,148.17
150,62,87.21
151,62,87.16
152,62,131.49
153,62,130.0
154,62,128.45
155,62,110.49
156,62,109.0
157,62,107.5
158,62,106.01
159,62,104.53
160,62,133.71
161,62,132.15
162,62,130.66
163,62,129.24
164,62,127.91
165,62,96.71
166,62,95.67
167,62,94.71
168,62,93.84
169,62,93.06
170,62,124.96
171,62,124.28
172,62,123.7
173,62,123.19
174,62,122.77
175,62,88.09
176,62,88.25
177,62,103.78
178,62,103.63
179,62,103.54
180,62,128.63
181,62,128.61
182,62,128.62
183,62,128.67
184,62,128.76
185,62,89.76
186,62,89.91
187,62,90.07
188,62,90.25
189,62,90.44
190,62,110.67
191,62,110.87
192,62,111.09
193,62,111.32
194,62,111.55
195,62,130.79
196,62,131.03
197,62,131.27
198,62,131.52
199,62,131.76
0,63,94.46
1,63,94.72
2,63,131.08
3,63,131.34
4,63,131.59
5,63,107.83
6,63,108.08
7,63,108.33
8,63,108.58
9,63,108.82
10,63,95.05
11,63,95.29
12,63,95.52
13,63,95.75
14,63,95.98
15,63,132.33
16,63,132.57
17,63,132.81
18,63,133.04
19,63,133.28
20,63,121.44
21,63,121.66
22,63,121.88
23,63,122.1
24,63,122.32
25,63,98.24
26,63,98.42
27,63,98.59
28,63,98.75
29,63,98.91
30,63,139.95
31,63,140.21
32,63,140.46
33,63,140.73
34,63,141.0
35,63,116.34
36,63,116.52
37,63,116.7
38,63,116.88
39,63,117.07
40,63,100.19
41,63,100.26
42,63,100.33
43,63,100.39
44,63,100.44
45,63,131.48
46,63,131.8
47,63,132.13
48,63,132.48
49,63,132.85
50,63,100.91
51,63,100.91
52,63,107.76
53,63,107.84
54,63,107.93
55,63,114.24
56,63,114.42
57,63,114.61
58,63,114.8
59,63,115.0
60,63,126.01
61,63,126.41
62,63,126.83
63,63,127.26
64,63,127.71
65,63,157.75
66,63,158.8
67,63,159.87
68,63,160.98
69,63,162.11
70,63,150.26
71,63,151.19
72,63,152.13
73,63,153.09
74,63,154.06
75,63,100.73
76,63,100.6
77,63,151.45
78,63,152.33
79,63,153.21
80,63,99.58
81,63,99.57
82,63,99.56
83,63,99.56
84,63,99.54
85,63,166.47
86,63,167.29
87,63,168.06
88,63,168.77
89,63,169.43
90,63,99.37
91,63,99.3
92,63,99.23
93,63,99.14
94,63,99.03
95,63,98.91
96,63,98.77
97,63,98.62
98,63,98.46
99,63,98.28
100,63,95.83
101,63,95.58
102,63,159.71
103,63,159.33
104,63,158.9
105,63,174.31
106,63,173.7
107,63,173.04
108,63,172.34
109,63,171.61
110,63,116.17
111,63,115.96
112,63,115.78
113,63,115.66
114,63,115.59
115,63,136.23
116,63,136.02
117,63,135.87
118,63,135.79
119,63,135.8
120,63,170.35
121,63,169.96
122,63,169.64
123,63,169.42
124,63,169.27
125,63,88.11
126,63,88.0
127,63,115.23
128,63,116.38
129,63,117.57
130,63,126.77
131,63,127.84
132,63,128.89
133,63,129.93
134,63,130.91
135,63,162.31
136,63,162.6
137,63,162.8
138,63,162.91
139,63,162.91
140,63,121.63
141,63,122.05
142,63,122.3
143,63,122.37
144,63,122.27
145,63,153.92
146,63,153.02
147,63,151.97
148,63,150.79
149,63,149.49
150,63,87.11
151,63,87.05
152,63,132.53
153,63,130.98
154,63,129.37
155,63,111.26
156,63,109.71
157,63,108.16
158,63,106.6
159,63,105.07
160,63,134.3
161,63,132.67
162,63,131.12
163,63,129.64
164,63,128.26
165,63,96.94
166,63,95.86
167,63,94.86
168,63,93.95
169,63,93.14
170,63,125.05
171,63,124.34
172,63,123.72
173,63,123.19
174,63,122.74
175,63,87.92
176,63,88.08
177,63,103.69
178,63,103.53
179,63,103.43
180,63,128.51
181,63,128.48
182,63,128.49
183,63,128.53
184,63,128.61
185,63,89.6
186,63,89.74
187,63,89.9
188,63,90.08
189,63,90.27
190,63,110.5
191,63,110.71
192,63,110.92
193,63,111.15
194,63,111.38
195,63,130.62
196,63,130.86
197,63,131.1
198,63,131.34
199,63,131.59
0,64,94.29
1,64,94.54
2,64,130.91
3,64,131.17
4,64,131.42
5,64,107.66
6,64,107.91
7,64,108.16
8,64,108.41
9,64,108.65
10,64,94.87
11,64,95.11
12,64,95.35
13,64,95.58
14,64,95.81
15,64,132.16
16,64,132.4
17,64,132.64
18,64,132.88
19,64,133.12
20,64,121.28
21,64,121.5
22,64,121.72
23,64,121.94
24,64,122.16
25,64,98.07
26,64,98.24
27,64,98.41
28,64,98.58
29,64,98.73
30,64,139.84
31,64,140.1
32,64,140.36
33,64,140.64
34,64,140.92
35,64,116.21
36,64,116.39
37,64,116.58
38,64,116.77
39,64,116.95
40,64,100.02
41,64,100.09
42,64,100.16
43,64,100.22
44,64,100.27
45,64,131.49
46,64,131.83
47,64,132.19
48,64,132.56
49,64,132.95
50,64,100.74
51,64,100.74
52,64,107.67
53,64,107.76
54,64,107.85
55,64,114.25
56,64,114.45
57,64,114.65
58,64,114.86
59,64,115.08
60,64,126.28
61,64,126.72
62,64,127.18
63,64,127.65
64,64,128.14
65,64,158.82
66,64,159.94
67,64,161.1
68,64,162.29
69,64,163.52
70,64,151.44
71,64,152.45
72,64,153.47
73,64,154.52
74,64,155.57
75,64,100.64
76,64,100.51
77,64,153.07
78,64,154.04
79,64,155.0
80,64,99.8
81,64,99.82
82,64,99.85
83,64,99.88
84,64,99.9
85,64,169.04
86,64,169.95
87,64,170.8
88,64,171.59
89,64,172.32
90,64,99.92
91,64,99.88
92,64,99.83
93,64,99.76
94,64,99.68
95,64,99.58
96,64,99.46
97,64,99.32
98,64,99.16
99,64,98.99
100,64,95.81
101,64,95.56
102,64,162.6
103,64,162.2
104,64,161.75
105,64,177.69
106,64,177.03
107,64,176.33
108,64,175.57
109,64,174.79
110,64,117.43
111,64,117.19
112,64,116.98
113,64,116.83
114,64,116.73
115,64,138.01
116,64,137.75
117,64,137.55
118,64,137.44
119,64,137.41
120,64,172.96
121,64,172.5
122,64,172.12
123,64,171.83
124,64,171.62
125,64,87.99
126,64,87.88
127,64,116.05
128,64,117.23
129,64,118.45
130,64,127.85
131,64,128.93
132,64,130.01
133,64,131.06
134,64,132.07
135,64,164.07
136,64,164.34
137,64,164.52
138,64,164.61
139,64,164.58
140,64,122.63
141,64,123.07
142,64,123.33
143,64,123.4
144,64,123.29
145,64,155.3
146,64,154.36
147,64,153.27
148,64,152.04
149,64,150.68
150,64,86.99
151,64,86.93
152,64,133.46
153,64,131.85
154,64,130.18
155,64,111.92
156,64,110.33
157,64,108.72
158,64,107.12
159,64,105.53
160,64,134.82
161,64,133.14
162,64,131.52
163,64,130.0
164,64,128.56
165,64,97.13
166,64,96.01
167,64,94.97
168,64,94.03
169,64,93.19
170,64,125.11
171,64,124.37
172,64,123.73
173,64,123.17
174,64,122.7
175,64,87.75
176,64,87.92
177,64,103.59
178,64,103.42
179,64,103.31
180,64,128.39
181,64,128.35
182,64,128.35
183,64,128.39
184,64,128.46
185,64,89.45
186,64,89.58
187,64,89.74
188,64,89.92
189,64,90.1
190,64,110.33
191,64,110.54
192,64,110.75
193,64,110.98
194,64,111.21
195,64,130.45
196,64,130.69
197,64,130.93
198,64,131.17
199,64,131.42
0,65,93.02
1,65,93.27
2,65,108.73
3,65,108.99
4,65,109.24
5,65,114.5
6,65,114.75
7,65,115.0
8,65,115.25
9,65,115.5
10,65,102.72
11,65,102.96
12,65,103.2
13,65,103.44
14,65,103.67
15,65,132.0
16,65,132.24
17,65,132.48
18,65,132.72
19,65,132.96
20,65,103.99
21,65,104.2
22,65,104.41
23,65,104.61
24,65,104.8
25,65,99.57
26,65,99.75
27,65,131.83
28,65,132.06
29,65,132.3
30,65,115.12
31,65,115.31
32,65,115.51
33,65,115.7
34,65,115.89
35,65,106.68
36,65,106.83
37,65,106.97
38,65,107.11
39,65,107.24
40,65,99.85
41,65,99.92
42,65,99.99
43,65,100.05
44,65,100.1
45,65,131.52
46,65,131.88
47,65,132.25
48,65,132.65
49,65,133.06
50,65,100.88
51,65,100.88
52,65,113.68
53,65,113.87
54,65,114.07
55,65,143.65
56,65,144.36
57,65,145.09
58,65,145.86
59,65,146.67
60,65,136.35
61,65,137.01
62,65,137.69
63,65,138.41
64,65,139.15
65,65,115.29
66,65,115.58
67,65,115.88
68,65,116.19
69,65,116.52
70,65,166.33
71,65,167.7
72,65,169.1
73,65,170.52
74,65,171.96
75,65,101.5
76,65,101.39
77,65,174.36
78,65,175.79
79,65,177.2
80,65,178.6
81,65,179.98
82,65,181.33
83,65,182.64
84,65,183.92
85,65,100.38
86,65,100.44
87,65,100.49
88,65,100.52
89,65,100.55
90,65,185.57
91,65,186.31
92,65,186.97
93,65,187.53
94,65,187.98
95,65,115.02
96,65,114.97
97,65,114.89
98,65,114.78
99,65,114.63
100,65,94.2
101,65,93.95
102,65,133.68
103,65,133.36
104,65,133.0
105,65,176.39
106,65,175.72
107,65,174.99
108,65,174.22
109,65,173.41
110,65,149.19
111,65,148.59
112,65,148.01
113,65,147.46
114,65,146.94
115,65,148.67
116,65,148.23
117,65,147.85
118,65,147.55
119,65,147.33
120,65,153.3
121,65,153.15
122,65,153.09
123,65,153.13
124,65,153.26
125,65,89.16
126,65,89.02
127,65,141.71
128,65,142.4
129,65,143.13
130,65,140.56
131,65,141.41
132,65,142.26
133,65,143.09
134,65,143.88
135,65,118.97
136,65,120.13
137,65,121.18
138,65,122.1
139,65,122.88
140,65,123.49
141,65,123.93
142,65,124.19
143,65,124.27
144,65,124.16
145,65,123.86
146,65,123.37
147,65,122.71
148,65,121.87
149,65,120.88
150,65,88.17
151,65,88.09
152,65,159.43
153,65,157.51
154,65,155.54
155,65,151.32
156,65,149.34
157,65,147.37
158,65,145.42
159,65,143.52
160,65,110.72
161,65,109.13
162,65,107.61
163,65,106.16
164,65,104.79
165,65,115.99
166,65,114.75
167,65,113.62
168,65,112.59
169,65,111.66
170,65,112.88
171,65,112.15
172,65,111.5
173,65,110.95
174,65,110.49
175,65,86.88
176,65,87.04
177,65,89.35
178,65,89.19
179,65,89.08
180,65,89.03
181,65,89.01
182,65,89.03
183,65,89.09
184,65,89.18
185,65,113.36
186,65,113.49
187,65,113.64
188,65,113.8
189,65,113.98
190,65,90.14
191,65,90.35
192,65,90.57
193,65,90.79
194,65,91.02
195,65,114.28
196,65,114.51
197,65,114.76
198,65,115.0
199,65,115.25
0,66,92.86
1,66,93.11
2,66,108.57
3,66,108.82
4,66,109.07
5,66,114.33
6,66,114.58
7,66,114.83
8,66,115.08
9,66,115.33
10,66,102.55
11,66,102.79
12,66,103.03
13,66,103.27
14,66,103.5
15,66,131.84
16,66,132.08
17,66,132.33
18,66,132.57
19,66,132.81
20,66,103.83
21,66,104.04
22,66,104.25
23,66,104.45
24,66,104.64
25,66,99.41
26,66,99.59
27,66,131.69
28,66,131.94
29,66,132.18
30,66,114.98
31,66,115.17
32,66,115.37
33,66,115.56
34,66,115.76
35,66,106.53
36,66,106.68
37,66,106.82
38,66,106.96
39,66,107.1
40,66,99.68
41,66,99.76
42,66,99.82
43,66,99.88
44,66,99.94
45,66,131.56
46,66,131.93
47,66,132.33
48,66,132.74
49,66,133.18
50,66,100.72
51,66,100.72
52,66,113.67
53,66,113.87
54,66,114.08
55,66,144.06
56,66,144.81
57,66,145.59
58,66,146.41
59,66,147.27
60,66,136.83
61,66,137.53
62,66,138.27
63,66,139.04
64,66,139.84
65,66,115.53
66,66,115.85
67,66,116.19
68,66,116.54
69,66,116.9
70,66,167.96
71,66,169.44
72,66,170.94
73,66,172.47
74,66,174.02
75,66,101.44
76,66,101.35
77,66,176.73
78,66,178.27
79,66,179.8
80,66,181.32
81,66,182.81
82,66,184.28
83,66,185.72
84,66,187.11
85,66,100.93
86,66,101.03
87,66,101.12
88,66,101.19
89,66,101.26
90,66,189.21
91,66,190.03
92,66,190.76
93,66,191.38
94,66,191.89
95,66,116.42
96,66,116.4
97,66,116.34
98,66,116.23
99,66,116.09
100,66,94.15
101,66,93.9
102,66,135.82
103,66,135.48
104,66,135.1
105,66,179.98
106,66,179.26
107,66,178.48
108,66,177.64
109,66,176.77
110,66,151.69
111,66,151.03
112,66,150.38
113,66,149.76
114,66,149.18
115,66,150.91
116,66,150.4
117,66,149.95
118,66,149.59
119,66,149.3
120,66,155.38
121,66,155.17
122,66,155.05
123,66,155.02
124,66,155.09
125,66,89.07
126,66,88.93
127,66,143.07
128,66,143.73
129,66,144.44
130,66,141.76
131,66,142.59
132,66,143.43
133,66,144.25
134,66,145.02
135,66,119.59
136,66,120.77
137,66,121.84
138,66,122.77
139,66,123.56
140,66,124.18
141,66,124.63
142,66,124.89
143,66,124.97
144,66,124.85
145,66,124.54
146,66,124.04
147,66,123.36
148,66,122.51
149,66,121.49
150,66,88.06
151,66,87.97
152,66,160.28
153,66,158.29
154,66,156.27
155,66,151.98
156,66,149.94
157,66,147.91
158,66,145.92
159,66,143.96
160,66,110.99
161,66,109.37
162,66,107.81
163,66,106.32
164,66,104.92
165,66,116.12
166,66,114.85
167,66,113.69
168,66,112.64
169,66,111.68
170,66,112.88
171,66,112.12
172,66,111.46
173,66,110.9
174,66,110.41
175,66,86.72
176,66,86.88
177,66,89.23
178,66,89.07
179,66,88.95
180,66,88.89
181,66,88.87
182,66,88.89
183,66,88.94
184,66,89.02
185,66,113.21
186,66,113.34
187,66,113.48
188,66,113.64
189,66,113.82
190,66,89.98
191,66,90.18
192,66,90.4
193,66,90.63
194,66,90.86
195,66,114.11
196,66,114.35
197,66,114.59
198,66,114.83
199,66,115.08
0,67,92.69
1,67,92.94
2,67,108.4
3,67,108.66
4,67,108.91
5,67,114.17
6,67,114.42
7,67,114.67
8,67,114.92
9,67,115.17
10,67,102.39
11,67,102.63
12,67,102.87
13,67,103.11
14,67,103.34
15,67,131.69
16,67,131.93
17,67,132.17
18,67,132.42
19,67,132.66
20,67,103.67
21,67,103.88
22,67,104.09
23,67,104.29
24,67,104.48
25,67,99.25
26,67,99.42
27,67,131.56
28,67,131.81
29,67,132.06
30,67,114.84
31,67,115.04
32,67,115.24
33,67,115.44
34,67,115.63
35,67,106.39
36,67,106.54
37,67,106.68
38,67,106.83
39,67,106.97
40,67,99.52
41,67,99.6
42,67,99.66
43,67,99.72
44,67,99.77
45,67,131.6
46,67,132.0
47,67,132.41
48,67,132.85
49,67,133.31
50,67,100.56
51,67,100.56
52,67,113.66
53,67,113.88
54,67,114.11
55,67,144.49
56,67,145.28
57,67,146.12
58,67,146.99
59,67,147.91
60,67,137.33
61,67,138.09
62,67,138.88
63,67,139.71
64,67,140.57
65,67,115.8
66,67,116.15
67,67,116.52
68,67,116.91
69,67,117.32
70,67,169.66
71,67,171.25
72,67,172.87
73,67,174.51
74,67,176.18
75,67,101.4
76,67,101.31
77,67,179.19
78,67,180.86
79,67,182.52
80,67,184.16
81,67,185.78
82,67,187.38
83,67,188.93
84,67,190.45
85,67,101.56
86,67,101.7
87,67,101.84
88,67,101.97
89,67,102.08
90,67,193.03
91,67,193.94
92,67,194.74
93,67,195.43
94,67,196.01
95,67,117.97
96,67,117.97
97,67,117.93
98,67,117.84
99,67,117.7
100,67,94.11
101,67,93.86
102,67,138.12
103,67,137.77
104,67,137.36
105,67,183.76
106,67,182.99
107,67,182.15
108,67,181.25
109,67,180.3
110,67,154.33
111,67,153.6
112,67,152.88
113,67,152.18
114,67,151.52
115,67,153.25
116,67,152.66
117,67,152.13
118,67,151.68
119,67,151.32
120,67,157.52
121,67,157.22
122,67,157.02
123,67,156.93
124,67,156.93
125,67,88.99
126,67,88.85
127,67,144.38
128,67,145.0
129,67,145.67
130,67,142.88
131,67,143.68
132,67,144.49
133,67,145.29
134,67,146.04
135,67,120.06
136,67,121.25
137,67,122.33
138,67,123.27
139,67,124.06
140,67,124.69
141,67,125.14
142,67,125.4
143,67,125.48
144,67,125.36
145,67,125.04
146,67,124.53
147,67,123.84
148,67,122.97
149,67,121.94
150,67,87.94
151,67,87.86
152,67,160.98
153,67,158.94
154,67,156.86
155,67,152.51
156,67,150.42
157,67,148.35
158,67,146.3
159,67,144.3
160,67,111.17
161,67,109.52
162,67,107.93
163,67,106.42
164,67,105.0
165,67,116.2
166,67,114.91
167,67,113.72
168,67,112.64
169,67,111.67
170,67,112.85
171,67,112.08
172,67,111.4
173,67,110.82
174,67,110.33
175,67,86.56
176,67,86.72
177,67,89.11
178,67,88.93
179,67,88.81
180,67,88.75
181,67,88.72
182,67,88.74
183,67,88.79
184,67,88.87
185,67,113.06
186,67,113.18
187,67,113.33
188,67,113.49
189,67,113.66
190,67,89.82
191,67,90.02
192,67,90.24
193,67,90.47
194,67,90.7
195,67,113.95
196,67,114.19
197,67,114.43
198,67,114.67
199,67,114.92
0,68,92.53
1,68,92.78
2,68,108.24
3,68,108.5
4,68,108.75
5,68,114.01
6,68,114.26
7,68,114.51
8,68,114.76
9,68,115.01
10,68,102.23
11,68,102.47
12,68,102.71
13,68,102.95
14,68,103.18
15,68,131.53
16,68,131.78
17,68,132.02
18,68,132.27
19,68,132.51
20,68,103.51
21,68,103.72
22,68,103.93
23,68,104.13
24,68,104.33
25,68,99.09
26,68,99.27
27,68,131.44
28,68,131.69
29,68,131.95
30,68,114.7
31,68,114.9
32,68,115.11
33,68,115.31
34,68,115.51
35,68,106.25
36,68,106.4
37,68,106.55
38,68,106.69
39,68,106.84
40,68,99.36
41,68,99.44
42,68,99.5
43,68,99.56
44,68,99.62
45,68,131.65
46,68,132.07
47,68,132.51
48,68,132.97
49,68,133.46
50,68,100.41
51,68,100.41
52,68,113.66
53,68,113.9
54,68,114.14
55,68,144.93
56,68,145.78
57,68,146.66
58,68,147.59
59,68,148.57
60,68,137.86
61,68,138.67
62,68,139.52
63,68,140.4
64,68,141.32
65,68,116.08
66,68,116.48
67,68,116.89
68,68,117.32
69,68,117.77
70,68,171.43
71,68,173.13
72,68,174.86
73,68,176.63
74,68,178.42
75,68,101.36
76,68,101.28
77,68,181.77
78,68,183.56
79,68,185.35
80,68,187.13
81,68,188.88
82,68,190.61
83,68,192.3
84,68,193.94
85,68,102.28
86,68,102.48
87,68,102.67
88,68,102.85
89,68,103.01
90,68,197.04
91,68,198.04
92,68,198.93
93,68,199.69
94,68,200.33
95,68,119.67
96,68,119.69
97,68,119.67
98,68,119.59
99,68,119.46
100,68,94.08
101,68,93.83
102,68,140.59
103,68,140.21
104,68,139.78
105,68,187.74
106,68,186.91
107,68,186.0
108,68,185.03
109,68,184.0
110,68,157.11
111,68,156.3
112,68,155.5
113,68,154.72
114,68,153.97
115,68,155.69
116,68,155.0
117,68,154.39
118,68,153.85
119,68,153.4
120,68,159.7
121,68,159.31
122,68,159.03
123,68,158.84
124,68,158.76
125,68,88.9
126,68,88.76
127,68,145.65
128,68,146.21
129,68,146.83
130,68,143.91
131,68,144.67
132,68,145.44
133,68,146.2
134,68,146.92
135,68,120.38
136,68,121.57
137,68,122.65
138,68,123.59
139,68,124.38
140,68,125.01
141,68,125.46
142,68,125.72
143,68,125.79
144,68,125.67
145,68,125.34
146,68,124.83
147,68,124.13
148,68,123.24
149,68,122.2
150,68,87.82
151,68,87.73
152,68,161.53
153,68,159.44
154,68,157.32
155,68,152.91
156,68,150.78
157,68,148.67
158,68,146.58
159,68,144.55
160,68,111.26
161,68,109.59
162,68,107.98
163,68,106.45
164,68,105.01
165,68,116.22
166,68,114.91
167,68,113.7
168,68,112.61
169,68,111.62
170,68,112.79
171,68,112.01
172,68,111.32
173,68,110.73
174,68,110.23
175,68,86.4
176,68,86.56
177,68,88.97
178,68,88.79
179,68,88.67
180,68,88.6
181,68,88.57
182,68,88.59
183,68,88.64
184,68,88.72
185,68,112.91
186,68,113.03
187,68,113.17
188,68,113.33
189,68,113.51
190,68,89.66
191,68,89.86
192,68,90.08
193,68,90.31
194,68,90.54
195,68,113.79
196,68,114.03
197,68,114.27
198,68,114.51
199,68,114.76
0,69,92.37
1,69,92.63
2,69,108.09
3,69,108.34
4,69,108.59
5,69,113.85
6,69,114.1
7,69,114.36
8,69,114.61
9,69,114.86
10,69,102.08
11,69,102.32
12,69,102.56
13,69,102.79
14,69,103.03
15,69,131.38
16,69,131.63
17,69,131.88
18,69,132.13
19,69,132.37
20,69,103.36
21,69,103.57
22,69,103.78
23,69,103.98
24,69,104.18
25,69,98.93
26,69,99.11
27,69,131.32
28,69,131.58
29,69,131.84
30,69,114.57
31,69,114.78
32,69,114.98
33,69,115.19
34,69,115.4
35,69,106.11
36,69,106.26
37,69,106.42
38,69,106.56
39,69,106.71
40,69,99.2
41,69,99.28
42,69,99.35
43,69,99.41
44,69,99.46
45,69,131.71
46,69,132.15
47,69,132.61
48,69,133.1
49,69,133.61
50,69,100.25
51,69,100.26
52,69,113.67
53,69,113.92
54,69,114.18
55,69,145.39
56,69,146.29
57,69,147.23
58,69,148.22
59,69,149.26
60,69,138.41
61,69,139.27
62,69,140.18
63,69,141.12
64,69,142.11
65,69,116.39
66,69,116.82
67,69,117.28
68,69,117.75
69,69,118.25
70,69,173.26
71,69,175.08
72,69,176.93
73,69,178.83
74,69,180.75
75,69,101.33
76,69,101.26
77,69,184.44
78,69,186.37
79,69,188.3
80,69,190.22
81,69,192.11
82,69,193.98
83,69,195.81
84,69,197.58
85,69,103.1
86,69,103.36
87,69,103.61
88,69,103.84
89,69,104.06
90,69,201.24
91,69,202.34
92,69,203.31
93,69,204.16
94,69,204.86
95,69,121.51
96,69,121.57
97,69,121.57
98,69,121.5
99,69,121.38
100,69,94.07
101,69,93.81
102,69,143.23
103,69,142.83
104,69,142.36
105,69,191.92
106,69,191.02
107,69,190.04
108,69,188.98
109,69,187.86
110,69,160.04
111,69,159.14
112,69,158.25
113,69,157.37
114,69,156.53
115,69,158.22
116,69,157.44
117,69,156.72
118,69,156.09
119,69,155.53
120,69,161.93
121,69,161.44
122,69,161.05
123,69,160.77
124,69,160.59
125,69,88.82
126,69,88.67
127,69,146.86
128,69,147.36
129,69,147.91
130,69,144.84
131,69,145.56
132,69,146.28
133,69,146.99
134,69,147.67
135,69,120.53
136,69,121.72
137,69,122.79
138,69,123.73
139,69,124.51
140,69,125.14
141,69,125.58
142,69,125.84
143,69,125.91
144,69,125.78
145,69,125.45
146,69,124.93
147,69,124.22
148,69,123.33
149,69,122.27
150,69,87.7
151,69,87.61
152,69,161.91
153,69,159.79
154,69,157.63
155,69,153.17
156,69,151.01
157,69,148.86
158,69,146.75
159,69,144.69
160,69,111.25
161,69,109.56
162,69,107.94
163,69,106.4
164,69,104.95
165,69,116.18
166,69,114.86
167,69,113.64
168,69,112.54
169,69,111.54
170,69,112.7
171,69,111.91
172,69,111.21
173,69,110.62
174,69,110.11
175,69,86.24
176,69,86.4
177,69,88.83
178,69,88.65
179,69,88.52
180,69,88.45
181,69,88.42
182,69,88.43
183,69,88.48
184,69,88.56
185,69,112.76
186,69,112.88
187,69,113.02
188,69,113.18
189,69,113.36
190,69,89.5
191,69,89.71
192,69,89.92
193,69,90.15
194,69,90.38
195,69,113.63
196,69,113.87
197,69,114.11
198,69,114.35
199,69,114.6
0,70,91.42
1,70,91.67
2,70,91.92
3,70,92.18
4,70,92.43
5,70,112.7
6,70,112.95
7,70,113.2
8,70,113.45
9,70,113.7
10,70,123.97
11,70,124.22
12,70,124.47
13,70,124.72
14,70,124.96
15,70,95.07
16,70,95.29
17,70,95.51
18,70,95.73
19,70,95.94
20,70,126.42
21,70,126.67
22,70,126.91
23,70,127.15
24,70,127.39
25,70,97.1
26,70,97.27
27,70,97.44
28,70,97.61
29,70,97.76
30,70,139.23
31,70,139.54
32,70,139.86
33,70,140.19
34,70,140.53
35,70,98.57
36,70,98.68
37,70,98.78
38,70,98.88
39,70,98.97
40,70,138.57
41,70,139.01
42,70,139.48
43,70,139.97
44,70,140.49
45,70,141.04
46,70,141.62
47,70,142.23
48,70,142.89
49,70,143.57
50,70,101.91
51,70,101.95
52,70,151.04
53,70,151.99
54,70,152.99
55,70,132.24
56,70,132.91
57,70,133.62
58,70,134.35
59,70,135.13
60,70,143.53
61,70,144.56
62,70,145.63
63,70,146.75
64,70,147.92
65,70,132.08
66,70,132.92
67,70,133.81
68,70,134.72
69,70,135.67
70,70,169.37
71,70,171.18
72,70,173.02
73,70,174.9
74,70,176.82
75,70,100.12
76,70,100.03
77,70,162.4
78,70,163.96
79,70,165.52
80,70,171.86
81,70,173.5
82,70,175.11
83,70,176.7
84,70,178.24
85,70,156.24
86,70,157.33
87,70,158.37
88,70,159.36
89,70,160.28
90,70,202.85
91,70,204.02
92,70,205.06
93,70,205.97
94,70,206.73
95,70,187.11
96,70,187.48
97,70,187.71
98,70,187.8
99,70,187.76
100,70,96.25
101,70,96.0
102,70,189.74
103,70,189.16
104,70,188.47
105,70,141.67
106,70,141.07
107,70,140.42
108,70,139.74
109,70,139.04
110,70,127.33
111,70,126.76
112,70,126.21
113,70,125.71
114,70,125.26
115,70,199.42
116,70,197.9
117,70,196.43
118,70,195.01
119,70,193.66
120,70,145.4
121,70,145.17
122,70,145.04
123,70,145.03
124,70,145.12
125,70,87.69
126,70,87.56
127,70,127.84
128,70,128.72
129,70,129.67
130,70,188.89
131,70,188.51
132,70,188.17
133,70,187.84
134,70,187.5
135,70,120.52
136,70,121.69
137,70,122.75
138,70,123.68
139,70,124.45
140,70,125.07
141,70,125.51
142,70,125.76
143,70,125.82
144,70,125.68
145,70,178.81
146,70,177.28
147,70,175.62
148,70,173.84
149,70,171.94
150,70,87.32
151,70,87.23
152,70,157.38
153,70,155.29
154,70,153.16
155,70,122.4
156,70,120.57
157,70,118.73
158,70,116.89
159,70,115.08
160,70,139.43
161,70,137.52
162,70,135.69
163,70,133.96
164,70,132.33
165,70,138.17
166,70,136.73
167,70,135.41
168,70,134.2
169,70,133.11
170,70,106.41
171,70,105.63
172,70,104.95
173,70,104.36
174,70,103.87
175,70,87.26
176,70,87.41
177,70,111.96
178,70,111.74
179,70,111.59
180,70,128.63
181,70,128.56
182,70,128.53
183,70,128.55
184,70,128.6
185,70,113.62
186,70,113.73
187,70,113.87
188,70,114.03
189,70,114.21
190,70,113.39
191,70,113.59
192,70,113.81
193,70,114.02
194,70,114.25
195,70,128.49
196,70,128.73
197,70,128.97
198,70,129.21
199,70,129.45
0,71,91.27
1,71,91.52
2,71,91.77
3,71,92.03
4,71,92.28
5,71,112.55
6,71,112.8
7,71,113.05
8,71,113.3
9,71,113.55
10,71,123.83
11,71,124.08
12,71,124.32
13,71,124.57
14,71,124.82
15,71,94.92
16,71,95.14
17,71,95.36
18,71,95.58
19,71,95.79
20,71,126.29
21,71,126.53
22,71,126.78
23,71,127.02
24,71,127.27
25,71,96.95
26,71,97.12
27,71,97.29
28,71,97.46
29,71,97.61
30,71,139.15
31,71,139.46
32,71,139.79
33,71,140.13
34,71,140.48
35,71,98.42
36,71,98.53
37,71,98.63
38,71,98.73
39,71,98.82
40,71,138.59
41,71,139.06
42,71,139.54
43,71,140.06
44,71,140.6
45,71,141.18
46,71,141.79
47,71,142.43
48,71,143.11
49,71,143.84
50,71,101.79
51,71,101.83
52,71,151.48
53,71,152.48
54,71,153.54
55,71,132.56
56,71,133.27
57,71,134.01
58,71,134.79
59,71,135.62
60,71,144.2
61,71,145.29
62,71,146.43
63,71,147.62
64,71,148.87
65,71,132.75
66,71,133.66
67,71,134.61
68,71,135.59
69,71,136.62
70,71,171.18
71,71,173.11
72,71,175.08
73,71,177.09
74,71,179.14
75,71,100.08
76,71,99.99
77,71,164.58
78,71,166.26
79,71,167.94
80,71,174.56
81,71,176.33
82,71,178.08
83,71,179.8
84,71,181.47
85,71,158.88
86,71,160.08
87,71,161.23
88,71,162.31
89,71,163.33
90,71,207.33
91,71,208.61
92,71,209.75
93,71,210.74
94,71,211.58
95,71,191.36
96,71,191.77
97,71,192.04
98,71,192.16
99,71,192.13
100,71,96.33
101,71,96.08
102,71,194.17
103,71,193.56
104,71,192.81
105,71,144.45
106,71,143.79
107,71,143.08
108,71,142.33
109,71,141.56
110,71,129.41
111,71,128.75
112,71,128.12
113,71,127.53
114,71,126.99
115,71,203.34
116,71,201.66
117,71,200.03
118,71,198.45
119,71,196.95
120,71,147.18
121,71,146.83
122,71,146.6
123,71,146.48
124,71,146.46
125,71,87.58
126,71,87.45
127,71,128.43
128,71,129.24
129,71,130.12
130,71,190.64
131,71,190.14
132,71,189.67
133,71,189.22
134,71,188.77
135,71,120.35
136,71,121.5
137,71,122.53
138,71,123.44
139,71,124.2
140,71,124.8
141,71,125.23
142,71,125.47
143,71,125.52
144,71,125.38
145,71,179.18
146,71,177.6
147,71,175.89
148,71,174.06
149,71,172.12
150,71,87.18
151,71,87.09
152,71,157.4
153,71,155.29
154,71,153.14
155,71,122.19
156,71,120.35
157,71,118.51
158,71,116.68
159,71,114.88
160,71,139.34
161,71,137.42
162,71,135.58
163,71,133.84
164,71,132.21
165,71,138.07
166,71,136.62
167,71,135.29
168,71,134.08
169,71,132.99
170,71,106.25
171,71,105.47
172,71,104.79
173,71,104.21
174,71,103.71
175,71,87.11
176,71,87.26
177,71,111.81
178,71,111.6
179,71,111.44
180,71,128.49
181,71,128.42
182,71,128.39
183,71,128.4
184,71,128.45
185,71,113.47
186,71,113.59
187,71,113.73
188,71,113.88
189,71,114.06
190,71,113.24
191,71,113.45
192,71,113.66
193,71,113.88
194,71,114.1
195,71,128.35
196,71,128.58
197,71,128.82
198,71,129.06
199,71,129.3
0,72,91.12
1,72,91.38
2,72,91.63
3,72,91.88
4,72,92.13
5,72,112.4
6,72,112.66
7,72,112.91
8,72,113.16
9,72,113.41
10,72,123.68
11,72,123.93
12,72,124.18
13,72,124.43
14,72,124.68
15,72,94.77
16,72,94.99
17,72,95.21
18,72,95.43
19,72,95.64
20,72,126.16
21,72,126.4
22,72,126.65
23,72,126.9
24,72,127.15
25,72,96.8
26,72,96.98
27,72,97.15
28,72,97.31
29,72,97.47
30,72,139.07
31,72,139.39
32,72,139.73
33,72,140.08
34,72,140.44
35,72,98.27
36,72,98.38
37,72,98.49
38,72,98.59
39,72,98.67
40,72,138.63
41,72,139.11
42,72,139.61
43,72,140.15
44,72,140.72
45,72,141.32
46,72,141.96
47,72,142.63
48,72,143.35
49,72,144.11
50,72,101.67
51,72,101.71
52,72,151.93
53,72,152.99
54,72,154.1
55,72,132.88
56,72,133.63
57,72,134.42
58,72,135.25
59,72,136.12
60,72,144.89
61,72,146.04
62,72,147.25
63,72,148.52
64,72,149.84
65,72,133.44
66,72,134.42
67,72,135.44
68,72,136.5
69,72,137.6
70,72,173.04
71,72,175.09
72,72,177.19
73,72,179.34
74,72,181.53
75,72,100.04
76,72,99.95
77,72,166.83
78,72,168.65
79,72,170.47
80,72,177.36
81,72,179.27
82,72,181.16
83,72,183.02
84,72,184.84
85,72,161.64
86,72,162.96
87,72,164.22
88,72,165.42
89,72,166.54
90,72,212.0
91,72,213.38
92,72,214.62
93,72,215.71
94,72,216.62
95,72,195.8
96,72,196.27
97,72,196.58
98,72,196.72
99,72,196.7
100,72,96.43
101,72,96.17
102,72,198.79
103,72,198.14
104,72,197.34
105,72,147.4
106,72,146.68
107,72,145.9
108,72,145.07
109,72,144.21
110,72,131.62
111,72,130.87
112,72,130.15
113,72,129.46
114,72,128.81
115,72,207.37
116,72,205.53
117,72,203.72
118,72,201.97
119,72,200.3
120,72,148.99
121,72,148.52
122,72,148.16
123,72,147.92
124,72,147.79
125,72,87.48
126,72,87.34
127,72,128.95
128,72,129.68
129,72,130.48
130,72,192.31
131,72,191.66
132,72,191.06
133,72,190.48
134,72,189.91
135,72,120.02
136,72,121.13
137,72,122.14
138,72,123.02
139,72,123.76
140,72,124.34
141,72,124.75
142,72,124.98
143,72,125.02
144,72,124.87
145,72,179.36
146,72,177.72
147,72,175.97
148,72,174.1
149,72,172.12
150,72,87.04
151,72,86.94
152,72,157.25
153,72,155.13
154,72,152.97
155,72,121.83
156,72,120.01
157,72,118.17
158,72,116.35
159,72,114.56
160,72,139.14
161,72,137.22
162,72,135.39
163,72,133.66
164,72,132.03
165,72,137.91
166,72,136.46
167,72,135.13
168,72,133.93
169,72,132.84
170,72,106.06
171,72,105.29
172,72,104.61
173,72,104.03
174,72,103.54
175,72,86.96
176,72,87.12
177,72,111.66
178,72,111.44
179,72,111.29
180,72,128.34
181,72,128.27
182,72,128.25
183,72,128.26
184,72,128.31
185,72,113.32
186,72,113.44
187,72,113.58
188,72,113.74
189,72,113.91
190,72,113.1
191,72,113.3
192,72,113.51
193,72,113.73
194,72,113.96
195,72,128.2
196,72,128.44
197,72,128.67
198,72,128.91
199,72,129.16
0,73,90.98
1,73,91.23
2,73,91.49
3,73,91.74
4,73,91.99
5,73,112.26
6,73,112.52
7,73,112.77
8,73,113.02
9,73,113.27
10,73,123.54
11,73,123.79
12,73,124.05
13,73,124.3
14,73,124.54
15,73,94.63
16,73,94.85
17,73,95.07
18,73,95.29
19,73,95.5
20,73,126.03
21,73,126.28
22,73,126.52
23,73,126.77
24,73,127.03
25,73,96.66
26,73,96.83
27,73,97.0
28,73,97.17
29,73,97.32
30,73,139.0
31,73,139.33
32,73,139.67
33,73,140.03
34,73,140.41
35,73,98.13
36,73,98.24
37,73,98.35
38,73,98.44
39,73,98.53
40,73,138.67
41,73,139.17
42,73,139.69
43,73,140.25
44,73,140.85
45,73,141.47
46,73,142.14
47,73,142.85
48,73,143.6
49,73,144.39
50,73,101.55
51,73,101.59
52,73,152.4
53,73,153.5
54,73,154.68
55,73,133.22
56,73,134.01
57,73,134.84
58,73,135.72
59,73,136.64
60,73,145.59
61,73,146.81
62,73,148.1
63,73,149.44
64,73,150.84
65,73,134.16
66,73,135.21
67,73,136.3
68,73,137.43
69,73,138.62
70,73,174.95
71,73,177.13
72,73,179.36
73,73,181.65
74,73,183.98
75,73,100.01
76,73,99.93
77,73,169.17
78,73,171.12
79,73,173.08
80,73,180.26
81,73,182.32
82,73,184.36
83,73,186.36
84,73,188.33
85,73,164.54
86,73,165.98
87,73,167.36
88,73,168.67
89,73,169.9
90,73,216.83
91,73,218.33
92,73,219.68
93,73,220.86
94,73,221.86
95,73,200.43
96,73,200.95
97,73,201.3
98,73,201.47
99,73,201.47
100,73,96.54
101,73,96.28
102,73,203.61
103,73,202.92
104,73,202.06
105,73,150.52
106,73,149.73
107,73,148.87
108,73,147.96
109,73,147.01
110,73,133.95
111,73,133.11
112,73,132.28
113,73,131.48
114,73,130.73
115,73,211.5
116,73,209.48
117,73,207.5
118,73,205.57
119,73,203.71
120,73,150.83
121,73,150.22
122,73,149.73
123,73,149.35
124,73,149.09
125,73,87.37
126,73,87.23
127,73,129.42
128,73,130.05
129,73,130.75
130,73,193.89
131,73,193.09
132,73,192.34
133,73,191.62
134,73,190.91
135,73,119.53
136,73,120.6
137,73,121.57
138,73,122.42
139,73,123.13
140,73,123.69
141,73,124.08
142,73,124.3
143,73,124.33
144,73,124.17
145,73,179.34
146,73,177.66
147,73,175.86
148,73,173.95
149,73,171.95
150,73,86.89
151,73,86.79
152,73,156.95
153,73,154.82
154,73,152.65
155,73,121.33
156,73,119.53
157,73,117.71
158,73,115.91
159,73,114.14
160,73,138.85
161,73,136.94
162,73,135.12
163,73,133.4
164,73,131.78
165,73,137.69
166,73,136.25
167,73,134.93
168,73,133.73
169,73,132.65
170,73,105.84
171,73,105.08
172,73,104.41
173,73,103.84
174,73,103.36
175,73,86.81
176,73,86.97
177,73,111.5
178,73,111.29
179,73,111.14
180,73,128.2
181,73,128.13
182,73,128.1
183,73,128.12
184,73,128.17
185,73,113.18
186,73,113.3
187,73,113.44
188,73,113.6
189,73,113.77
190,73,112.96
191,73,113.16
192,73,113.37
193,73,113.59
194,73,113.81
195,73,128.06
196,73,128.29
197,73,128.53
198,73,128.77
199,73,129.02
0,74,90.84
1,74,91.09
2,74,91.35
3,74,91.6
4,74,91.85
5,74,112.12
6,74,112.38
7,74,112.63
8,74,112.88
9,74,113.13
10,74,123.41
11,74,123.66
12,74,123.91
13,74,124.16
14,74,124.41
15,74,94.49
16,74,94.71
17,74,94.93
18,74,95.15
19,74,95.36
20,74,125.9
21,74,126.15
22,74,126.41
23,74,126.66
24,74,126.91
25,74,96.52
26,74,96.7
27,74,96.87
28,74,97.03
29,74,97.19
30,74,138.92
31,74,139.26
32,74,139.62
33,74,139.99
34,74,140.38
35,74,97.99
36,74,98.1
37,74,98.21
38,74,98.31
39,74,98.4
40,74,138.71
41,74,139.23
42,74,139.78
43,74,140.36
44,74,140.98
45,74,141.63
46,74,142.33
47,74,143.07
48,74,143.85
49,74,144.68
50,74,101.44
51,74,101.48
52,74,152.87
53,74,154.03
54,74,155.26
55,74,133.57
56,74,134.4
57,74,135.28
58,74,136.2
59,74,137.18
60,74,146.31
61,74,147.6
62,74,148.96
63,74,150.37
64,74,151.86
65,74,134.91
66,74,136.02
67,74,137.18
68,74,138.4
69,74,139.67
70,74,176.89
71,74,179.21
72,74,181.59
73,74,184.02
74,74,186.5
75,74,99.98
76,74,99.91
77,74,171.58
78,74,173.67
79,74,175.78
80,74,183.25
81,74,185.46
82,74,187.66
83,74,189.82
84,74,191.94
85,74,167.55
86,74,169.12
87,74,170.63
88,74,172.06
89,74,173.41
90,74,221.82
91,74,223.45
92,74,224.91
93,74,226.19
94,74,227.28
95,74,205.25
96,74,205.82
97,74,206.21
98,74,206.41
99,74,206.42
100,74,96.66
101,74,96.4
102,74,208.61
103,74,207.87
104,74,206.96
105,74,153.79
106,74,152.93
107,74,152.0
108,74,150.99
109,74,149.94
110,74,136.42
111,74,135.47
112,74,134.53
113,74,133.62
114,74,132.74
115,74,215.74
116,74,213.53
117,74,211.35
118,74,209.23
119,74,207.17
120,74,152.7
121,74,151.94
122,74,151.3
123,74,150.78
124,74,150.38
125,74,87.27
126,74,87.13
127,74,129.82
128,74,130.35
129,74,130.95
130,74,195.39
131,74,194.42
132,74,193.51
133,74,192.63
134,74,191.78
135,74,118.89
136,74,119.91
137,74,120.84
138,74,121.65
139,74,122.33
140,74,122.86
141,74,123.23
142,74,123.43
143,74,123.45
144,74,123.29
145,74,179.15
146,74,177.42
147,74,175.58
148,74,173.64
149,74,171.6
150,74,86.73
151,74,86.64
152,74,156.49
153,74,154.36
154,74,152.2
155,74,120.7
156,74,118.92
157,74,117.14
158,74,115.37
159,74,113.62
160,74,138.47
161,74,136.58
162,74,134.78
163,74,133.07
164,74,131.47
165,74,137.42
166,74,135.99
167,74,134.69
168,74,133.5
169,74,132.43
170,74,105.59
171,74,104.85
172,74,104.19
173,74,103.63
174,74,103.16
175,74,86.67
176,74,86.83
177,74,111.33
178,74,111.12
179,74,110.98
180,74,128.05
181,74,127.98
182,74,127.96
183,74,127.98
184,74,128.03
185,74,113.04
186,74,113.16
187,74,113.3
188,74,113.45
189,74,113.63
190,74,112.82
191,74,113.02
192,74,113.23
193,74,113.45
194,74,113.67
195,74,127.92
196,74,128.16
197,74,128.39
198,74,128.64
199,74,128.88
0,75,90.96
1,75,91.21
2,75,91.46
3,75,91.71
4,75,91.97
5,75,91.97
6,75,92.21
7,75,92.46
8,75,92.71
9,75,92.95
10,75,93.54
11,75,93.78
12,75,94.02
13,75,94.25
14,75,94.48
15,75,95.56
16,75,95.79
17,75,96.01
18,75,96.22
19,75,96.44
20,75,97.15
21,75,97.35
22,75,97.55
23,75,97.75
24,75,97.94
25,75,96.64
26,75,96.82
27,75,96.99
28,75,97.15
29,75,97.31
30,75,97.93
31,75,98.08
32,75,98.22
33,75,98.36
34,75,98.48
35,75,98.71
36,75,98.83
37,75,98.94
38,75,99.04
39,75,99.14
40,75,98.33
41,75,98.4
42,75,98.47
43,75,98.53
44,75,98.58
45,75,99.1
46,75,99.14
47,75,99.18
48,75,99.2
49,75,99.22
50,75,98.71
51,75,98.71
52,75,98.7
53,75,98.68
54,75,98.65
55,75,101.02
56,75,101.04
57,75,101.05
58,75,101.06
59,75,101.06
60,75,99.66
61,75,99.62
62,75,99.57
63,75,99.52
64,75,99.47
65,75,99.69
66,75,99.64
67,75,99.58
68,75,99.51
69,75,99.45
70,75,99.05
71,75,98.97
72,75,98.89
73,75,98.8
74,75,98.71
75,75,100.09
76,75,100.03
77,75,99.96
78,75,99.89
79,75,99.82
80,75,101.12
81,75,101.06
82,75,101.0
83,75,100.94
84,75,100.86
85,75,95.04
86,75,94.86
87,75,94.68
88,75,94.49
89,75,94.3
90,75,95.88
91,75,95.7
92,75,95.51
93,75,95.31
94,75,95.11
95,75,94.39
96,75,94.16
97,75,93.94
98,75,93.7
99,75,93.46
100,75,93.21
101,75,92.95
102,75,92.69
103,75,92.43
104,75,92.16
105,75,91.38
106,75,91.11
107,75,90.83
108,75,90.56
109,75,90.28
110,75,92.73
111,75,92.42
112,75,92.12
113,75,91.82
114,75,91.52
115,75,92.41
116,75,92.1
117,75,91.8
118,75,91.5
119,75,91.22
120,75,88.38
121,75,88.16
122,75,87.96
123,75,87.77
124,75,87.58
125,75,86.1
126,75,85.97
127,75,85.86
128,75,85.75
129,75,85.65
130,75,89.46
131,75,89.28
132,75,89.1
133,75,88.94
134,75,88.78
135,75,86.52
136,75,86.43
137,75,86.35
138,75,86.27
139,75,86.19
140,75,86.35
141,75,86.27
142,75,86.19
143,75,86.11
144,75,86.02
145,75,86.3
146,75,86.21
147,75,86.12
148,75,86.04
149,75,85.95
150,75,85.48
151,75,85.41
152,75,85.34
153,75,85.28
154,75,85.22
155,75,84.22
156,75,84.19
157,75,84.16
158,75,84.14
159,75,84.13
160,75,86.13
161,75,86.12
162,75,86.12
163,75,86.13
164,75,86.15
165,75,85.23
166,75,85.28
167,75,85.35
168,75,85.43
169,75,85.52
170,75,86.09
171,75,86.2
172,75,86.32
173,75,86.45
174,75,86.59
175,75,86.54
176,75,86.7
177,75,86.86
178,75,87.04
179,75,87.23
180,75,86.86
181,75,87.06
182,75,87.27
183,75,87.48
184,75,87.69
185,75,87.66
186,75,87.89
187,75,88.12
188,75,88.35
189,75,88.58
190,75,89.27
191,75,89.52
192,75,89.76
193,75,90.01
194,75,90.25
195,75,90.45
196,75,90.7
197,75,90.95
198,75,91.21
199,75,91.46
0,76,90.83
1,76,91.08
2,76,91.33
3,76,91.58
4,76,91.84
5,76,91.83
6,76,92.08
7,76,92.33
8,76,92.58
9,76,92.82
10,76,93.41
11,76,93.65
12,76,93.89
13,76,94.12
14,76,94.35
15,76,95.43
16,76,95.66
17,76,95.88
18,76,96.09
19,76,96.31
20,76,97.02
21,76,97.23
22,76,97.43
23,76,97.62
24,76,97.81
25,76,96.51
26,76,96.69
27,76,96.86
28,76,97.02
29,76,97.18
30,76,97.8
31,76,97.95
32,76,98.09
33,76,98.23
34,76,98.36
35,76,98.59
36,76,98.7
37,76,98.81
38,76,98.92
39,76,99.01
40,76,98.2
41,76,98.27
42,76,98.34
43,76,98.4
44,76,98.45
45,76,98.97
46,76,99.01
47,76,99.05
48,76,99.08
49,76,99.1
50,76,98.58
51,76,98.58
52,76,98.57
53,76,98.55
54,76,98.52
55,76,100.92
56,76,100.94
57,76,100.96
58,76,100.97
59,76,100.97
60,76,99.55
61,76,99.52
62,76,99.47
63,76,99.43
64,76,99.37
65,76,99.61
66,76,99.56
67,76,99.5
68,76,99.44
69,76,99.38
70,76,98.98
71,76,98.91
72,76,98.83
73,76,98.74
74,76,98.66
75,76,100.08
76,76,100.02
77,76,99.97
78,76,99.9
79,76,99.84
80,76,101.18
81,76,101.14
82,76,101.09
83,76,101.03
84,76,100.97
85,76,95.0
86,76,94.82
87,76,94.64
88,76,94.46
89,76,94.27
90,76,95.91
91,76,95.73
92,76,95.55
93,76,95.35
94,76,95.15
95,76,94.42
96,76,94.2
97,76,93.97
98,76,93.74
99,76,93.5
100,76,93.25
101,76,92.99
102,76,92.73
103,76,92.46
104,76,92.19
105,76,91.4
106,76,91.12
107,76,90.84
108,76,90.56
109,76,90.28
110,76,92.8
111,76,92.49
112,76,92.18
113,76,91.87
114,76,91.56
115,76,92.48
116,76,92.16
117,76,91.85
118,76,91.54
119,76,91.24
120,76,88.32
121,76,88.1
122,76,87.89
123,76,87.69
124,76,87.5
125,76,85.98
126,76,85.84
127,76,85.72
128,76,85.61
129,76,85.51
130,76,89.39
131,76,89.2
132,76,89.02
133,76,88.85
134,76,88.68
135,76,86.37
136,76,86.28
137,76,86.2
138,76,86.11
139,76,86.03
140,76,86.19
141,76,86.11
142,76,86.02
143,76,85.94
144,76,85.86
145,76,86.13
146,76,86.04
147,76,85.95
148,76,85.87
149,76,85.78
150,76,85.31
151,76,85.24
152,76,85.17
153,76,85.11
154,76,85.05
155,76,84.05
156,76,84.02
157,76,84.0
158,76,83.98
159,76,83.97
160,76,85.98
161,76,85.97
162,76,85.97
163,76,85.98
164,76,86.01
165,76,85.08
166,76,85.14
167,76,85.21
168,76,85.29
169,76,85.38
170,76,85.95
171,76,86.06
172,76,86.18
173,76,86.31
174,76,86.45
175,76,86.4
176,76,86.56
177,76,86.73
178,76,86.91
179,76,87.09
180,76,86.73
181,76,86.93
182,76,87.13
183,76,87.35
184,76,87.56
185,76,87.53
186,76,87.76
187,76,87.98
188,76,88.22
189,76,88.45
190,76,89.14
191,76,89.39
192,76,89.63
193,76,89.88
194,76,90.12
195,76,90.32
196,76,90.57
197,76,90.82
198,76,91.08
199,76,91.33
0,77,90.7
1,77,90.95
2,77,95.96
3,77,96.21
4,77,96.47
5,77,91.71
6,77,91.96
7,77,92.21
8,77,92.45
9,77,92.69
10,77,99.96
11,77,100.2
12,77,100.44
13,77,100.68
14,77,100.91
15,77,118.25
16,77,118.5
17,77,118.75
18,77,118.99
19,77,119.24
20,77,129.61
21,77,129.87
22,77,130.14
23,77,130.41
24,77,130.68
25,77,96.39
26,77,96.56
27,77,101.63
28,77,101.82
29,77,102.0
30,77,111.57
31,77,111.8
32,77,112.02
33,77,112.25
34,77,112.47
35,77,114.86
36,77,115.12
37,77,115.38
38,77,115.65
39,77,115.93
40,77,98.09
41,77,98.17
42,77,98.24
43,77,98.31
44,77,98.37
45,77,108.14
46,77,108.35
47,77,108.57
48,77,108.79
49,77,109.03
50,77,98.46
51,77,98.46
52,77,98.69
53,77,98.73
54,77,98.77
55,77,148.09
56,77,149.39
57,77,150.77
58,77,152.22
59,77,153.75
60,77,126.41
61,77,127.29
62,77,128.23
63,77,129.22
64,77,130.26
65,77,137.24
66,77,138.58
67,77,139.98
68,77,141.45
69,77,142.98
70,77,137.82
71,77,139.3
72,77,140.85
73,77,142.45
74,77,144.12
75,77,100.08
76,77,100.03
77,77,181.88
78,77,184.51
79,77,187.15
80,77,218.77
81,77,222.04
82,77,225.28
83,77,228.47
84,77,231.6
85,77,113.48
86,77,114.43
87,77,115.37
88,77,85.29
89,77,85.06
90,77,84.82
91,77,84.57
92,77,84.33
93,77,84.08
94,77,83.83
95,77,83.58
96,77,83.33
97,77,83.08
98,77,82.83
99,77,82.58
100,77,82.33
101,77,93.04
102,77,149.03
103,77,148.42
104,77,147.67
105,77,136.16
106,77,135.27
107,77,134.29
108,77,133.25
109,77,132.16
110,77,188.5
111,77,186.62
112,77,184.69
113,77,182.72
114,77,180.75
115,77,203.86
116,77,201.48
117,77,199.14
118,77,196.84
119,77,194.63
120,77,138.65
121,77,137.83
122,77,137.13
123,77,136.55
124,77,136.11
125,77,85.86
126,77,85.72
127,77,109.29
128,77,110.0
129,77,110.79
130,77,192.81
131,77,191.47
132,77,190.19
133,77,188.98
134,77,187.81
135,77,142.86
136,77,142.95
137,77,142.98
138,77,142.95
139,77,142.83
140,77,147.58
141,77,147.12
142,77,146.54
143,77,145.84
144,77,145.01
145,77,151.34
146,77,150.09
147,77,148.72
148,77,147.25
149,77,145.67
150,77,85.14
151,77,85.07
152,77,132.92
153,77,131.2
154,77,129.44
155,77,108.53
156,77,107.02
157,77,105.5
158,77,103.98
159,77,102.48
160,77,141.33
161,77,139.49
162,77,137.73
163,77,136.08
164,77,134.54
165,77,113.83
166,77,112.64
167,77,111.54
168,77,110.55
169,77,109.66
170,77,118.22
171,77,117.48
172,77,116.84
173,77,116.28
174,77,115.81
175,77,86.27
176,77,86.43
177,77,110.79
178,77,110.61
179,77,110.48
180,77,99.29
181,77,99.27
182,77,99.29
183,77,99.35
184,77,99.44
185,77,94.52
186,77,94.66
187,77,94.82
188,77,94.99
189,77,95.18
190,77,104.4
191,77,104.61
192,77,104.82
193,77,105.04
194,77,105.27
195,77,104.5
196,77,104.74
197,77,104.98
198,77,105.23
199,77,105.48
0,78,90.58
1,78,90.83
2,78,95.84
3,78,96.09
4,78,96.34
5,78,91.59
6,78,91.84
7,78,92.08
8,78,92.33
9,78,92.57
10,78,99.84
11,78,100.08
12,78,100.32
13,78,100.56
14,78,100.79
15,78,118.14
16,78,118.39
17,78,118.63
18,78,118.88
19,78,119.12
20,78,129.5
21,78,129.77
22,78,130.04
23,78,130.31
24,78,130.59
25,78,96.27
26,78,96.44
27,78,101.52
28,78,101.7
29,78,101.88
30,78,111.48
31,78,111.7
32,78,111.93
33,78,112.16
34,78,112.39
35,78,114.79
36,78,115.05
37,78,115.32
38,78,115.59
39,78,115.88
40,78,97.97
41,78,98.05
42,78,98.12
43,78,98.19
44,78,98.25
45,78,108.08
46,78,108.3
47,78,108.53
48,78,108.77
49,78,109.02
50,78,98.34
51,78,98.34
52,78,98.6
53,78,98.64
54,78,98.68
55,78,148.63
56,78,149.99
57,78,151.42
58,78,152.94
59,78,154.54
60,78,126.83
61,78,127.76
62,78,128.74
63,78,129.79
64,78,130.89
65,78,138.05
66,78,139.46
67,78,140.95
68,78,142.5
69,78,144.13
70,78,138.93
71,78,140.51
72,78,142.16
73,78,143.88
74,78,145.66
75,78,100.08
76,78,100.04
77,78,184.58
78,78,187.37
79,78,190.18
80,78,222.69
81,78,226.16
82,78,229.6
83,78,232.99
84,78,236.31
85,78,115.25
86,78,85.64
87,78,85.41
88,78,85.17
89,78,84.93
90,78,84.69
91,78,84.45
92,78,84.21
93,78,83.96
94,78,83.71
95,78,83.46
96,78,83.21
97,78,82.96
98,78,82.71
99,78,82.46
100,78,82.2
101,78,81.95
102,78,81.7
103,78,81.45
104,78,151.11
105,78,139.25
106,78,138.27
107,78,137.2
108,78,136.06
109,78,134.85
110,78,192.61
111,78,190.56
112,78,188.46
113,78,186.33
114,78,184.17
115,78,207.74
116,78,205.15
117,78,202.59
118,78,200.09
119,78,197.65
120,78,140.14
121,78,139.15
122,78,138.27
123,78,137.53
124,78,136.91
125,78,85.74
126,78,85.6
127,78,109.03
128,78,109.62
129,78,110.29
130,78,193.86
131,78,192.32
132,78,190.86
133,78,189.46
134,78,188.12
135,78,142.23
136,78,142.21
137,78,142.15
138,78,142.02
139,78,141.83
140,78,146.58
141,78,146.06
142,78,145.43
143,78,144.69
144,78,143.83
145,78,150.23
146,78,148.95
147,78,147.58
148,78,146.1
149,78,144.53
150,78,84.96
151,78,84.9
152,78,131.79
153,78,130.11
154,78,128.39
155,78,107.41
156,78,105.96
157,78,104.5
158,78,103.04
159,78,101.6
160,78,140.67
161,78,138.87
162,78,137.16
163,78,135.55
164,78,134.04
165,78,113.32
166,78,112.17
167,78,111.12
168,78,110.16
169,78,109.3
170,78,117.91
171,78,117.19
172,78,116.57
173,78,116.04
174,78,115.59
175,78,86.15
176,78,86.31
177,78,110.6
178,78,110.43
179,78,110.32
180,78,99.12
181,78,99.12
182,78,99.14
183,78,99.21
184,78,99.3
185,78,94.38
186,78,94.52
187,78,94.68
188,78,94.86
189,78,95.05
190,78,104.27
191,78,104.48
192,78,104.7
193,78,104.92
194,78,105.15
195,78,104.38
196,78,104.62
197,78,104.86
198,78,105.11
199,78,105.35
0,79,90.46
1,79,90.72
2,79,95.72
3,79,95.98
4,79,96.23
5,79,91.47
6,79,91.72
7,79,91.97
8,79,92.21
9,79,92.46
10,79,99.72
11,79,99.96
12,79,100.2
13,79,100.44
14,79,100.68
15,79,118.03
16,79,118.28
17,79,118.52
18,79,118.77
19,79,119.02
20,79,129.4
21,79,129.67
22,79,129.94
23,79,130.22
24,79,130.5
25,79,96.15
26,79,96.33
27,79,101.41
28,79,101.59
29,79,101.77
30,79,111.38
31,79,111.61
32,79,111.84
33,79,112.07
34,79,112.31
35,79,114.72
36,79,114.99
37,79,115.26
38,79,115.54
39,79,115.84
40,79,97.86
41,79,97.94
42,79,98.01
43,79,98.08
44,79,98.14
45,79,108.04
46,79,108.26
47,79,108.5
48,79,108.75
49,79,109.01
50,79,98.22
51,79,98.22
52,79,98.51
53,79,98.56
54,79,98.61
55,79,149.17
56,79,150.58
57,79,152.08
58,79,153.66
59,79,155.33
60,79,127.24
61,79,128.22
62,79,129.26
63,79,130.37
64,79,131.53
65,79,138.87
66,79,140.36
67,79,141.92
68,79,143.57
69,79,145.3
70,79,140.05
71,79,141.74
72,79,143.49
73,79,145.32
74,79,147.22
75,79,100.09
76,79,100.06
77,79,187.3
78,79,190.26
79,79,193.25
80,79,226.65
81,79,230.32
82,79,233.96
83,79,237.55
84,79,85.97
85,79,85.75
86,79,85.52
87,79,85.29
88,79,85.05
89,79,84.82
90,79,84.58
91,79,84.33
92,79,84.09
93,79,83.84
94,79,83.6
95,79,83.35
96,79,83.1
97,79,82.84
98,79,82.59
99,79,82.34
100,79,82.09
101,79,81.83
102,79,81.58
103,79,81.33
104,79,81.08
105,79,80.83
106,79,141.39
107,79,140.23
108,79,138.98
109,79,137.65
110,79,196.79
111,79,194.58
112,79,192.31
113,79,189.99
114,79,187.65
115,79,211.67
116,79,208.86
117,79,206.08
118,79,203.36
119,79,200.69
120,79,141.66
121,79,140.48
122,79,139.43
123,79,138.5
124,79,137.71
125,79,85.63
126,79,85.48
127,79,108.76
128,79,109.2
129,79,109.74
130,79,194.84
131,79,193.1
132,79,191.44
133,79,189.86
134,79,188.34
135,79,141.51
136,79,141.38
137,79,141.21
138,79,141.0
139,79,140.72
140,79,145.48
141,79,144.9
142,79,144.21
143,79,143.43
144,79,142.54
145,79,149.0
146,79,147.71
147,79,146.32
148,79,144.85
149,79,143.29
150,79,84.79
151,79,84.72
152,79,130.57
153,79,128.93
154,79,127.26
155,79,106.21
156,79,104.82
157,79,103.42
158,79,102.03
159,79,100.66
160,79,139.95
161,79,138.2
162,79,136.54
163,79,134.97
164,79,133.51
165,79,112.79
166,79,111.68
167,79,110.67
168,79,109.75
169,79,108.92
170,79,117.58
171,79,116.89
172,79,116.29
173,79,115.78
174,79,115.35
175,79,86.02
176,79,86.19
177,79,110.41
178,79,110.26
179,79,110.15
180,79,98.96
181,79,98.96
182,79,99.0
183,79,99.06
184,79,99.16
185,79,94.25
186,79,94.39
187,79,94.56
188,79,94.73
189,79,94.92
190,79,104.15
191,79,104.36
192,79,104.58
193,79,104.8
194,79,105.03
195,79,104.26
196,79,104.5
197,79,104.75
198,79,104.99
199,79,105.24
0,80,91.85
1,80,92.11
2,80,125.64
3,80,125.9
4,80,126.16
5,80,120.41
6,80,120.66
7,80,120.92
8,80,121.17
9,80,121.43
10,80,125.7
11,80,125.96
12,80,126.21
13,80,126.47
14,80,126.73
15,80,117.92
16,80,118.17
17,80,118.42
18,80,118.67
19,80,118.92
20,80,110.04
21,80,110.27
22,80,110.5
23,80,110.73
24,80,110.96
25,80,96.5
26,80,96.68
27,80,110.61
28,80,110.84
29,80,111.07
30,80,114.44
31,80,114.69
32,80,114.95
33,80,115.21
34,80,115.47
35,80,97.26
36,80,97.37
37,80,97.47
38,80,97.57
39,80,97.66
40,80,111.52
41,80,111.78
42,80,112.06
43,80,112.34
44,80,112.64
45,80,121.62
46,80,122.1
47,80,122.61
48,80,123.16
49,80,123.73
50,80,98.66
51,80,98.67
52,80,109.9
53,80,110.24
54,80,110.6
55,80,152.8
56,80,154.36
57,80,156.0
58,80,157.74
59,80,159.57
60,80,125.89
61,80,126.86
62,80,127.9
63,80,129.0
64,80,130.17
65,80,166.55
66,80,168.94
67,80,171.43
68,80,174.03
69,80,176.73
70,80,167.55
71,80,170.11
72,80,172.75
73,80,175.48
74,80,178.3
75,80,98.31
76,80,98.24
77,80,152.39
78,80,154.6
79,80,156.84
80,80,180.88
81,80,183.66
82,80,86.3
83,80,86.08
84,80,85.86
85,80,85.64
86,80,85.41
87,80,85.18
88,80,84.94
89,80,84.71
90,80,84.47
91,80,84.22
92,80,83.98
93,80,83.73
94,80,83.48
95,80,83.23
96,80,82.98
97,80,82.73
98,80,82.48
99,80,82.23
100,80,81.98
101,80,81.72
102,80,81.47
103,80,81.22
104,80,80.97
105,80,80.72
106,80,80.47
107,80,80.22
108,80,197.98
109,80,195.92
110,80,241.15
111,80,238.25
112,80,235.22
113,80,232.11
114,80,228.94
115,80,161.66
116,80,159.64
117,80,157.68
118,80,155.79
119,80,154.0
120,80,109.76
121,80,109.17
122,80,108.72
123,80,108.41
124,80,108.23
125,80,85.53
126,80,85.37
127,80,108.46
128,80,108.76
129,80,109.16
130,80,179.47
131,80,177.99
132,80,176.6
133,80,175.28
134,80,174.02
135,80,164.78
136,80,163.82
137,80,162.87
138,80,161.9
139,80,160.9
140,80,161.6
141,80,160.45
142,80,159.25
143,80,157.98
144,80,156.64
145,80,114.49
146,80,114.01
147,80,113.41
148,80,112.68
149,80,111.83
150,80,83.54
151,80,83.5
152,80,108.7
153,80,107.5
154,80,106.24
155,80,151.2
156,80,149.14
157,80,147.13
158,80,145.17
159,80,143.28
160,80,110.86
161,80,109.49
162,80,108.17
163,80,106.93
164,80,105.76
165,80,117.62
166,80,116.52
167,80,115.51
168,80,114.6
169,80,113.78
170,80,89.04
171,80,88.52
172,80,88.07
173,80,87.69
174,80,87.38
175,80,85.7
176,80,85.87
177,80,106.15
178,80,106.01
179,80,105.93
180,80,100.82
181,80,100.83
182,80,100.87
183,80,100.94
184,80,101.04
185,80,116.25
186,80,116.38
187,80,116.53
188,80,116.7
189,80,116.88
190,80,109.05
191,80,109.26
192,80,109.47
193,80,109.7
194,80,109.93
195,80,89.13
196,80,89.37
197,80,89.62
198,80,89.87
199,80,90.11
0,81,91.75
1,81,92.0
2,81,125.53
3,81,125.79
4,81,126.05
5,81,120.3
6,81,120.56
7,81,120.81
8,81,121.07
9,81,121.33
10,81,125.6
11,81,125.85
12,81,126.11
13,81,126.37
14,81,126.63
15,81,117.82
16,81,118.07
17,81,118.32
18,81,118.57
19,81,118.82
20,81,109.94
21,81,110.17
22,81,110.4
23,81,110.63
24,81,110.86
25,81,96.39
26,81,96.57
27,81,110.52
28,81,110.75
29,81,110.98
30,81,114.37
31,81,114.62
32,81,114.88
33,81,115.14
34,81,115.41
35,81,97.15
36,81,97.26
37,81,97.37
38,81,97.47
39,81,97.56
40,81,111.47
41,81,111.74
42,81,112.02
43,81,112.32
44,81,112.62
45,81,121.66
46,81,122.16
47,81,122.69
48,81,123.26
49,81,123.85
50,81,98.56
51,81,98.57
52,81,109.94
53,81,110.29
54,81,110.67
55,81,153.37
56,81,154.98
57,81,156.69
58,81,158.5
59,81,160.4
60,81,126.28
61,81,127.31
62,81,128.4
63,81,129.56
64,81,130.79
65,81,167.82
66,81,170.31
67,81,172.92
68,81,175.64
69,81,178.47
70,81,169.2
71,81,171.88
72,81,174.66
73,81,177.54
74,81,180.5
75,81,98.3
76,81,98.23
77,81,154.35
78,81,156.69
79,81,159.09
80,81,86.61
81,81,86.41
82,81,86.19
83,81,85.98
84,81,85.76
85,81,85.53
86,81,85.3
87,81,85.07
88,81,84.84
89,81,84.6
90,81,84.36
91,81,84.12
92,81,83.87
93,81,83.63
94,81,83.38
95,81,83.13
96,81,82.88
97,81,82.63
98,81,82.37
99,81,82.12
100,81,81.87
101,81,81.62
102,81,81.36
103,81,81.11
104,81,80.86
105,81,80.61
106,81,80.36
107,81,80.12
108,81,79.87
109,81,200.2
110,81,246.39
111,81,243.29
112,81,240.07
113,81,236.75
114,81,233.36
115,81,164.39
116,81,162.18
117,81,160.02
118,81,157.94
119,81,155.94
120,81,110.58
121,81,109.82
122,81,109.2
123,81,108.72
124,81,108.38
125,81,85.42
126,81,85.26
127,81,108.15
128,81,108.3
129,81,108.56
130,81,180.02
131,81,178.35
132,81,176.77
133,81,175.27
134,81,173.85
135,81,164.32
136,81,163.22
137,81,162.14
138,81,161.05
139,81,159.95
140,81,160.57
141,81,159.35
142,81,158.07
143,81,156.75
144,81,155.36
145,81,112.73
146,81,112.26
147,81,111.68
148,81,110.98
149,81,110.17
150,81,83.36
151,81,83.32
152,81,107.19
153,81,106.05
154,81,104.86
155,81,150.16
156,81,148.15
157,81,146.18
158,81,144.28
159,81,142.44
160,81,109.96
161,81,108.65
162,81,107.4
163,81,106.22
164,81,105.11
165,81,117.05
166,81,116.0
167,81,115.04
168,81,114.17
169,81,113.39
170,81,88.65
171,81,88.17
172,81,87.75
173,81,87.4
174,81,87.12
175,81,85.59
176,81,85.75
177,81,105.96
178,81,105.83
179,81,105.76
180,81,100.67
181,81,100.68
182,81,100.73
183,81,100.81
184,81,100.91
185,81,116.13
186,81,116.26
187,81,116.42
188,81,116.59
189,81,116.77
190,81,108.94
191,81,109.15
192,81,109.36
193,81,109.59
194,81,109.82
195,81,89.02
196,81,89.27
197,81,89.51
198,81,89.76
199,81,90.01
0,82,91.64
1,82,91.9
2,82,125.43
3,82,125.69
4,82,125.95
5,82,120.2
6,82,120.46
7,82,120.71
8,82,120.97
9,82,121.23
10,82,125.5
11,82,125.76
12,82,126.01
13,82,126.27
14,82,126.53
15,82,117.72
16,82,117.97
17,82,118.22
18,82,118.48
19,82,118.73
20,82,109.84
21,82,110.08
22,82,110.31
23,82,110.54
24,82,110.77
25,82,96.29
26,82,96.47
27,82,110.44
28,82,110.67
29,82,110.9
30,82,114.29
31,82,114.55
32,82,114.81
33,82,115.07
34,82,115.35
35,82,97.05
36,82,97.16
37,82,97.27
38,82,97.36
39,82,97.46
40,82,111.43
41,82,111.7
42,82,111.99
43,82,112.29
44,82,112.61
45,82,121.71
46,82,122.23
47,82,122.77
48,82,123.35
49,82,123.97
50,82,98.46
51,82,98.47
52,82,109.97
53,82,110.35
54,82,110.74
55,82,153.93
56,82,155.6
57,82,157.37
58,82,159.24
59,82,161.22
60,82,126.68
61,82,127.75
62,82,128.89
63,82,130.11
64,82,131.41
65,82,169.08
66,82,171.68
67,82,174.4
68,82,177.23
69,82,180.19
70,82,170.83
71,82,173.65
72,82,176.56
73,82,179.58
74,82,182.7
75,82,98.28
76,82,98.23
77,82,156.31
78,82,158.8
79,82,86.72
80,82,86.51
81,82,86.3
82,82,86.09
83,82,85.87
84,82,85.65
85,82,85.43
86,82,85.2
87,82,84.97
88,82,84.73
89,82,84.5
90,82,84.26
91,82,84.01
92,82,83.77
93,82,83.52
94,82,83.28
95,82,83.03
96,82,82.78
97,82,82.52
98,82,82.27
99,82,82.02
100,82,81.77
101,82,81.51
102,82,81.26
103,82,81.01
104,82,80.76
105,82,80.51
106,82,80.26
107,82,80.02
108,82,79.77
109,82,79.53
110,82,79.29
111,82,248.34
112,82,244.92
113,82,241.39
114,82,237.78
115,82,167.14
116,82,164.74
117,82,162.38
118,82,160.1
119,82,157.9
120,82,111.42
121,82,110.49
122,82,109.7
123,82,109.05
124,82,108.54
125,82,85.33
126,82,85.15
127,82,107.83
128,82,107.83
129,82,107.95
130,82,180.53
131,82,178.66
132,82,176.89
133,82,175.22
134,82,173.62
135,82,163.8
136,82,162.56
137,82,161.35
138,82,160.15
139,82,158.94
140,82,159.49
141,82,158.18
142,82,156.84
143,82,155.45
144,82,154.02
145,82,110.92
146,82,110.47
147,82,109.91
148,82,109.24
149,82,108.47
150,82,83.18
151,82,83.14
152,82,105.65
153,82,104.57
154,82,103.45
155,82,149.08
156,82,147.12
157,82,145.2
158,82,143.35
159,82,141.57
160,82,109.04
161,82,107.79
162,82,106.61
163,82,105.49
164,82,104.44
165,82,116.47
166,82,115.47
167,82,114.56
168,82,113.73
169,82,113.0
170,82,88.26
171,82,87.81
172,82,87.43
173,82,87.11
174,82,86.85
175,82,85.48
176,82,85.65
177,82,105.76
178,82,105.66
179,82,105.6
180,82,100.51
181,82,100.53
182,82,100.59
183,82,100.68
184,82,100.78
185,82,116.01
186,82,116.15
187,82,116.31
188,82,116.48
189,82,116.66
190,82,108.83
191,82,109.04
192,82,109.26
193,82,109.48
194,82,109.71
195,82,88.92
196,82,89.16
197,82,89.41
198,82,89.66
199,82,89.9
0,83,91.55
1,83,91.8
2,83,125.34
3,83,125.6
4,83,125.86
5,83,120.1
6,83,120.36
7,83,120.62
8,83,120.88
9,83,121.13
10,83,125.4
11,83,125.66
12,83,125.92
13,83,126.18
14,83,126.44
15,83,117.63
16,83,117.88
17,83,118.13
18,83,118.39
19,83,118.64
20,83,109.75
21,83,109.99
22,83,110.22
23,83,110.45
24,83,110.69
25,83,96.2
26,83,96.37
27,83,110.35
28,83,110.59
29,83,110.82
30,83,114.22
31,83,114.48
32,83,114.74
33,83,115.01
34,83,115.29
35,83,96.95
36,83,97.06
37,83,97.17
38,83,97.27
39,83,97.36
40,83,111.39
41,83,111.67
42,83,111.97
43,83,112.27
44,83,112.6
45,83,121.76
46,83,122.29
47,83,122.86
48,83,123.45
49,83,124.09
50,83,98.37
51,83,98.38
52,83,110.02
53,83,110.4
54,83,110.82
55,83,154.48
56,83,156.21
57,83,158.04
58,83,159.97
59,83,162.02
60,83,127.07
61,83,128.19
62,83,129.39
63,83,130.66
64,83,132.02
65,83,170.32
66,83,173.02
67,83,175.85
68,83,178.81
69,83,181.89
70,83,172.45
71,83,175.39
72,83,178.45
73,83,181.61
74,83,184.88
75,83,98.28
76,83,98.23
77,83,87.01
78,83,86.82
79,83,86.62
80,83,86.42
81,83,86.21
82,83,85.99
83,83,85.78
84,83,85.56
85,83,85.33
86,83,85.1
87,83,84.87
88,83,84.64
89,83,84.4
90,83,84.16
91,83,83.92
92,83,83.67
93,83,83.43
94,83,83.18
95,83,82.93
96,83,82.68
97,83,82.43
98,83,82.17
99,83,81.92
100,83,81.67
101,83,81.42
102,83,81.17
103,83,80.91
104,83,80.66
105,83,80.41
106,83,80.17
107,83,79.92
108,83,79.67
109,83,79.43
110,83,79.19
111,83,78.95
112,83,249.73
113,83,245.99
114,83,242.16
115,83,169.9
116,83,167.3
117,83,164.74
118,83,162.25
119,83,159.85
120,83,112.28
121,83,111.18
122,83,110.21
123,83,109.39
124,83,108.71
125,83,85.24
126,83,85.05
127,83,107.51
128,83,107.36
129,83,107.33
130,83,181.0
131,83,178.93
132,83,176.97
133,83,175.11
134,83,173.34
135,83,163.24
136,83,161.86
137,83,160.52
138,83,159.2
139,83,157.88
140,83,158.36
141,83,156.97
142,83,155.56
143,83,154.12
144,83,152.64
145,83,109.08
146,83,108.65
147,83,108.11
148,83,107.47
149,83,106.74
150,83,83.0
151,83,82.97
152,83,104.08
153,83,103.07
154,83,102.02
155,83,147.98
156,83,146.06
157,83,144.21
158,83,142.41
159,83,140.69
160,83,108.1
161,83,106.93
162,83,105.81
163,83,104.75
164,83,103.77
165,83,115.88
166,83,114.93
167,83,114.07
168,83,113.29
169,83,112.6
170,83,87.87
171,83,87.46
172,83,87.11
173,83,86.82
174,83,86.59
175,83,85.38
176,83,85.55
177,83,105.58
178,83,105.49
179,83,105.44
180,83,100.36
181,83,100.39
182,83,100.46
183,83,100.55
184,83,100.66
185,83,115.9
186,83,116.04
187,83,116.2
188,83,116.37
189,83,116.56
190,83,108.73
191,83,108.94
192,83,109.16
193,83,109.38
194,83,109.62
195,83,88.82
196,83,89.06
197,83,89.31
198,83,89.56
199,83,89.81
0,84,91.46
1,84,91.71
2,84,125.25
3,84,125.51
4,84,125.76
5,84,120.01
6,84,120.27
7,84,120.53
8,84,120.79
9,84,121.04
10,84,125.32
11,84,125.58
12,84,125.83
13,84,126.09
14,84,126.36
15,84,117.55
16,84,117.8
17,84,118.05
18,84,118.3
19,84,118.56
20,84,109.67
21,84,109.9
22,84,110.14
23,84,110.37
24,84,110.61
25,84,96.1
26,84,96.28
27,84,110.28
28,84,110.51
29,84,110.75
30,84,114.15
31,84,114.42
32,84,114.68
33,84,114.96
34,84,115.24
35,84,96.86
36,84,96.97
37,84,97.08
38,84,97.18
39,84,97.27
40,84,111.35
41,84,111.64
42,84,111.94
43,84,112.26
44,84,112.59
45,84,121.81
46,84,122.36
47,84,122.94
48,84,123.55
49,84,124.21
50,84,98.29
51,84,98.3
52,84,110.06
53,84,110.46
54,84,110.89
55,84,155.01
56,84,156.8
57,84,158.69
58,84,160.69
59,84,162.8
60,84,127.46
61,84,128.63
62,84,129.87
63,84,131.2
64,84,132.62
65,84,171.53
66,84,174.34
67,84,177.28
68,84,180.35
69,84,183.56
70,84,174.04
71,84,177.11
72,84,180.3
73,84,183.61
74,84,187.02
75,84,98.27
76,84,87.11
77,84,86.92
78,84,86.73
79,84,86.53
80,84,86.32
81,84,86.12
82,84,85.9
83,84,85.69
84,84,85.47
85,84,85.24
86,84,85.01
87,84,84.78
88,84,84.55
89,84,84.31
90,84,84.07
91,84,83.83
92,84,83.58
93,84,83.33
94,84,83.09
95,84,82.84
96,84,82.59
97,84,82.34
98,84,82.08
99,84,81.83
100,84,81.58
101,84,81.33
102,84,81.07
103,84,80.82
104,84,80.57
105,84,80.32
106,84,80.07
107,84,79.83
108,84,79.58
109,84,79.34
110,84,79.1
111,84,78.86
112,84,78.63
113,84,250.53
114,84,246.48
115,84,172.64
116,84,169.84
117,84,167.09
118,84,164.39
119,84,161.78
120,84,113.16
121,84,111.88
122,84,110.74
123,84,109.74
124,84,108.89
125,84,85.15
126,84,84.96
127,84,107.19
128,84,106.89
129,84,106.71
130,84,181.43
131,84,179.16
132,84,177.01
133,84,174.98
134,84,173.04
135,84,162.65
136,84,161.13
137,84,159.66
138,84,158.22
139,84,156.8
140,84,157.21
141,84,155.74
142,84,154.26
143,84,152.76
144,84,151.23
145,84,107.24
146,84,106.82
147,84,106.3
148,84,105.69
149,84,105.0
150,84,82.83
151,84,82.8
152,84,102.5
153,84,101.56
154,84,100.58
155,84,146.86
156,84,145.0
157,84,143.2
158,84,141.46
159,84,139.8
160,84,107.16
161,84,106.06
162,84,105.01
163,84,104.02
164,84,103.09
165,84,115.3
166,84,114.4
167,84,113.59
168,84,112.85
169,84,112.2
170,84,87.48
171,84,87.11
172,84,86.79
173,84,86.53
174,84,86.33
175,84,85.28
176,84,85.45
177,84,105.39
178,84,105.32
179,84,105.28
180,84,100.21
181,84,100.26
182,84,100.33
183,84,100.43
184,84,100.55
185,84,115.79
186,84,115.94
187,84,116.1
188,84,116.27
189,84,116.46
190,84,108.63
191,84,108.84
192,84,109.06
193,84,109.29
194,84,109.52
195,84,88.73
196,84,88.97
197,84,89.22
198,84,89.46
199,84,89.71
0,85,90.82
1,85,91.07
2,85,114.15
3,85,114.41
4,85,114.66
5,85,122.93
6,85,123.19
7,85,123.45
8,85,123.71
9,85,123.97
10,85,118.2
11,85,118.46
12,85,118.72
13,85,118.97
14,85,119.23
15,85,101.33
16,85,101.57
17,85,101.8
18,85,102.02
19,85,102.25
20,85,122.8
21,85,123.07
22,85,123.34
23,85,123.61
24,85,123.89
25,85,96.69
26,85,96.87
27,85,123.73
28,85,124.03
29,85,124.34
30,85,123.61
31,85,123.94
32,85,124.28
33,85,124.64
34,85,125.01
35,85,135.31
36,85,135.83
37,85,136.37
38,85,136.95
39,85,137.57
40,85,124.19
41,85,124.68
42,85,125.2
43,85,125.75
44,85,126.34
45,85,146.09
46,85,147.15
47,85,148.27
48,85,149.48
49,85,150.76
50,85,99.7
51,85,99.75
52,85,141.64
53,85,142.92
54,85,144.28
55,85,145.74
56,85,147.28
57,85,148.92
58,85,150.66
59,85,152.5
60,85,175.37
61,85,178.11
62,85,181.0
63,85,184.03
64,85,187.21
65,85,132.56
66,85,134.16
67,85,135.87
68,85,137.68
69,85,139.61
70,85,105.1
71,85,106.12
72,85,107.24
73,85,108.46
74,85,109.78
75,85,87.21
76,85,87.02
77,85,86.84
78,85,86.64
79,85,86.44
80,85,86.24
81,85,86.03
82,85,85.82
83,85,85.6
84,85,85.38
85,85,85.15
86,85,84.93
87,85,84.69
88,85,135.27
89,85,137.07
90,85,298.89
91,85,302.31
92,85,305.4
93,85,308.15
94,85,310.51
95,85,273.83
96,85,275.19
97,85,276.16
98,85,276.74
99,85,276.93
100,85,93.63
101,85,81.24
102,85,80.99
103,85,80.74
104,85,80.49
105,85,80.24
106,85,79.99
107,85,79.74
108,85,79.5
109,85,79.25
110,85,79.01
111,85,78.78
112,85,78.54
113,85,78.31
114,85,78.08
115,85,179.1
116,85,176.03
117,85,172.99
118,85,170.02
119,85,167.13
120,85,134.15
121,85,132.21
122,85,130.4
123,85,128.73
124,85,127.21
125,85,86.24
126,85,86.01
127,85,129.07
128,85,127.96
129,85,126.99
130,85,105.87
131,85,105.75
132,85,105.7
133,85,105.72
134,85,105.78
135,85,149.09
136,85,147.84
137,85,146.63
138,85,145.45
139,85,144.3
140,85,172.63
141,85,170.57
142,85,168.54
143,85,166.52
144,85,164.52
145,85,141.9
146,85,140.48
147,85,139.04
148,85,137.57
149,85,136.07
150,85,84.06
151,85,84.0
152,85,127.52
153,85,126.08
154,85,124.65
155,85,98.21
156,85,97.26
157,85,96.31
158,85,95.37
159,85,94.44
160,85,115.46
161,85,114.3
162,85,113.21
163,85,112.19
164,85,111.23
165,85,127.8
166,85,126.84
167,85,125.97
168,85,125.19
169,85,124.5
170,85,125.98
171,85,125.44
172,85,124.97
173,85,124.57
174,85,124.24
175,85,85.44
176,85,85.61
177,85,110.32
178,85,110.25
179,85,110.21
180,85,85.87
181,85,85.95
182,85,86.05
183,85,86.18
184,85,86.32
185,85,120.72
186,85,120.87
187,85,121.03
188,85,121.2
189,85,121.39
190,85,111.55
191,85,111.76
192,85,111.98
193,85,112.21
194,85,112.44
195,85,88.64
196,85,88.88
197,85,89.13
198,85,89.38
199,85,89.63
0,86,90.74
1,86,90.99
2,86,114.07
3,86,114.33
4,86,114.58
5,86,122.85
6,86,123.11
7,86,123.37
8,86,123.63
9,86,123.89
10,86,118.13
11,86,118.38
12,86,118.64
13,86,118.89
14,86,119.15
15,86,101.25
16,86,101.49
17,86,101.72
18,86,101.95
19,86,102.17
20,86,122.73
21,86,123.0
22,86,123.27
23,86,123.55
24,86,123.83
25,86,96.61
26,86,96.79
27,86,123.67
28,86,123.98
29,86,124.29
30,86,123.56
31,86,123.9
32,86,124.24
33,86,124.61
34,86,124.99
35,86,135.31
36,86,135.84
37,86,136.4
38,86,136.99
39,86,137.62
40,86,124.2
41,86,124.71
42,86,125.24
43,86,125.8
44,86,126.4
45,86,146.26
46,86,147.35
47,86,148.5
48,86,149.74
49,86,151.05
50,86,99.64
51,86,99.69
52,86,141.93
53,86,143.25
54,86,144.65
55,86,146.15
56,86,147.74
57,86,149.42
58,86,151.21
59,86,153.12
60,86,176.28
61,86,179.1
62,86,182.07
63,86,185.2
64,86,188.48
65,86,133.17
66,86,134.84
67,86,136.62
68,86,138.51
69,86,140.53
70,86,105.56
71,86,106.66
72,86,107.85
73,86,109.16
74,86,87.3
75,86,87.13
76,86,86.94
77,86,86.75
78,86,86.56
79,86,86.36
80,86,86.16
81,86,85.95
82,86,85.74
83,86,85.52
84,86,85.3
85,86,85.07
86,86,133.72
87,86,135.78
88,86,137.79
89,86,139.71
90,86,304.54
91,86,308.11
92,86,311.34
93,86,314.21
94,86,316.69
95,86,279.39
96,86,280.82
97,86,281.84
98,86,282.46
99,86,282.66
100,86,93.75
101,86,93.48
102,86,174.86
103,86,173.83
104,86,80.4
105,86,80.15
106,86,79.91
107,86,79.66
108,86,79.42
109,86,79.17
110,86,78.93
111,86,78.7
112,86,78.46
113,86,78.23
114,86,78.0
115,86,77.78
116,86,178.56
117,86,175.33
118,86,172.15
119,86,169.05
120,86,135.37
121,86,133.24
122,86,131.24
123,86,129.39
124,86,127.69
125,86,86.19
126,86,85.94
127,86,129.12
128,86,127.84
129,86,126.7
130,86,105.14
131,86,104.87
132,86,104.7
133,86,104.6
134,86,104.55
135,86,148.3
136,86,146.92
137,86,145.6
138,86,144.32
139,86,143.07
140,86,171.64
141,86,169.49
142,86,167.39
143,86,165.31
144,86,163.26
145,86,140.42
146,86,138.99
147,86,137.54
148,86,136.08
149,86,134.6
150,86,83.91
151,86,83.85
152,86,126.14
153,86,124.75
154,86,123.37
155,86,96.88
156,86,96.0
157,86,95.13
158,86,94.26
159,86,93.4
160,86,114.57
161,86,113.48
162,86,112.45
163,86,111.49
164,86,110.6
165,86,127.25
166,86,126.35
167,86,125.52
168,86,124.78
169,86,124.13
170,86,125.65
171,86,125.14
172,86,124.7
173,86,124.33
174,86,124.02
175,86,85.36
176,86,85.53
177,86,110.15
178,86,110.09
179,86,110.07
180,86,85.73
181,86,85.82
182,86,85.93
183,86,86.06
184,86,86.21
185,86,120.63
186,86,120.77
187,86,120.93
188,86,121.11
189,86,121.3
190,86,111.46
191,86,111.68
192,86,111.9
193,86,112.12
194,86,112.36
195,86,88.55
196,86,88.8
197,86,89.05
198,86,89.3
199,86,81.54
0,87,90.66
1,87,90.92
2,87,113.99
3,87,114.25
4,87,114.51
5,87,122.78
6,87,123.04
7,87,123.3
8,87,123.56
9,87,123.82
10,87,118.05
11,87,118.31
12,87,118.57
13,87,118.82
14,87,119.08
15,87,101.18
16,87,101.41
17,87,101.64
18,87,101.87
19,87,102.1
20,87,122.66
21,87,122.93
22,87,123.21
23,87,123.49
24,87,123.77
25,87,96.53
26,87,96.72
27,87,123.62
28,87,123.93
29,87,124.25
30,87,123.52
31,87,123.86
32,87,124.21
33,87,124.58
34,87,124.96
35,87,135.32
36,87,135.85
37,87,136.42
38,87,137.03
39,87,137.67
40,87,124.22
41,87,124.73
42,87,125.27
43,87,125.85
44,87,126.46
45,87,146.43
46,87,147.54
47,87,148.72
48,87,149.98
49,87,151.33
50,87,99.58
51,87,99.63
52,87,142.21
53,87,143.57
54,87,145.01
55,87,146.54
56,87,148.17
57,87,149.9
58,87,151.75
59,87,153.7
60,87,177.15
61,87,180.05
62,87,183.1
63,87,186.32
64,87,189.69
65,87,133.76
66,87,135.49
67,87,137.35
68,87,139.32
69,87,141.41
70,87,106.03
71,87,107.19
72,87,108.47
73,87,87.4
74,87,87.23
75,87,87.05
76,87,86.87
77,87,86.68
78,87,86.48
79,87,86.29
80,87,86.08
81,87,85.87
82,87,85.66
83,87,85.44
84,87,131.43
85,87,133.7
86,87,135.94
87,87,138.14
88,87,140.27
89,87,142.3
90,87,309.99
91,87,313.71
92,87,317.08
93,87,320.07
94,87,322.66
95,87,284.78
96,87,286.27
97,87,287.35
98,87,288.01
99,87,288.22
100,87,93.86
101,87,93.6
102,87,178.54
103,87,177.46
104,87,176.11
105,87,289.4
106,87,79.83
107,87,79.58
108,87,79.34
109,87,79.1
110,87,78.86
111,87,78.62
112,87,78.39
113,87,78.15
114,87,77.93
115,87,77.7
116,87,77.48
117,87,177.6
118,87,174.22
119,87,170.93
120,87,136.57
121,87,134.25
122,87,132.07
123,87,130.04
124,87,128.16
125,87,86.13
126,87,85.88
127,87,129.16
128,87,127.71
129,87,126.41
130,87,104.42
131,87,104.02
132,87,103.72
133,87,103.5
134,87,103.35
135,87,147.52
136,87,146.02
137,87,144.59
138,87,143.21
139,87,141.87
140,87,170.66
141,87,168.43
142,87,166.25
143,87,164.11
144,87,162.01
145,87,138.96
146,87,137.52
147,87,136.07
148,87,134.62
149,87,133.16
150,87,83.76
151,87,83.71
152,87,124.78
153,87,123.45
154,87,122.12
155,87,95.57
156,87,94.77
157,87,93.97
158,87,93.18
159,87,92.4
160,87,113.7
161,87,112.68
162,87,111.71
163,87,110.81
164,87,109.97
165,87,126.72
166,87,125.86
167,87,125.08
168,87,124.39
169,87,123.77
170,87,125.33
171,87,124.85
172,87,124.44
173,87,124.09
174,87,123.81
175,87,85.27
176,87,85.45
177,87,109.99
178,87,109.94
179,87,109.93
180,87,85.6
181,87,85.7
182,87,85.82
183,87,85.96
184,87,86.11
185,87,120.53
186,87,120.68
187,87,120.85
188,87,121.03
189,87,121.22
190,87,111.38
191,87,111.6
192,87,111.82
193,87,112.05
194,87,112.28
195,87,88.48
196,87,88.72
197,87,88.97
198,87,81.21
199,87,81.46
0,88,90.59
1,88,90.84
2,88,113.92
3,88,114.18
4,88,114.44
5,88,122.71
6,88,122.97
7,88,123.23
8,88,123.49
9,88,123.75
10,88,117.99
11,88,118.24
12,88,118.5
13,88,118.75
14,88,119.01
15,88,101.11
16,88,101.34
17,88,101.58
18,88,101.8
19,88,102.03
20,88,122.6
21,88,122.88
22,88,123.15
23,88,123.43
24,88,123.72
25,88,96.47
26,88,96.65
27,88,123.57
28,88,123.89
29,88,124.21
30,88,123.48
31,88,123.83
32,88,124.18
33,88,124.55
34,88,124.94
35,88,135.33
36,88,135.87
37,88,136.45
38,88,137.06
39,88,137.72
40,88,124.23
41,88,124.76
42,88,125.31
43,88,125.89
44,88,126.52
45,88,146.59
46,88,147.72
47,88,148.93
48,88,150.22
49,88,151.59
50,88,99.52
51,88,99.58
52,88,142.48
53,88,143.87
54,88,145.34
55,88,146.91
56,88,148.58
57,88,150.36
58,88,152.25
59,88,154.26
60,88,177.97
61,88,180.94
62,88,184.08
63,88,187.38
64,88,190.85
65,88,134.32
66,88,136.12
67,88,138.04
68,88,140.09
69,88,142.26
70,88,106.48
71,88,107.72
72,88,87.5
73,88,87.33
74,88,87.16
75,88,86.98
76,88,86.8
77,88,86.61
78,88,86.41
79,88,86.22
80,88,86.01
81,88,85.8
82,88,128.56
83,88,130.94
84,88,133.34
85,88,135.73
86,88,138.1
87,88,140.43
88,88,142.68
89,88,144.83
90,88,315.22
91,88,319.09
92,88,322.59
93,88,325.7
94,88,328.38
95,88,289.96
96,88,291.52
97,88,292.65
98,88,293.33
99,88,293.57
100,88,93.98
101,88,93.71
102,88,182.11
103,88,180.99
104,88,179.57
105,88,294.6
106,88,291.77
107,88,288.57
108,88,79.27
109,88,79.03
110,88,78.79
111,88,78.55
112,88,78.32
113,88,78.08
114,88,77.86
115,88,77.63
116,88,77.41
117,88,77.19
118,88,176.22
119,88,172.73
120,88,137.72
121,88,135.23
122,88,132.87
123,88,130.67
124,88,128.62
125,88,86.09
126,88,85.83
127,88,129.19
128,88,127.59
129,88,126.13
130,88,103.73
131,88,103.2
132,88,102.78
133,88,102.44
134,88,102.18
135,88,146.76
136,88,145.14
137,88,143.59
138,88,142.12
139,88,140.69
140,88,169.7
141,88,167.38
142,88,165.13
143,88,162.93
144,88,160.78
145,88,137.54
146,88,136.09
147,88,134.64
148,88,133.2
149,88,131.76
150,88,83.63
151,88,83.57
152,88,123.47
153,88,122.18
154,88,120.91
155,88,94.31
156,88,93.58
157,88,92.85
158,88,92.13
159,88,91.42
160,88,112.86
161,88,111.9
162,88,110.99
163,88,110.15
164,88,109.37
165,88,126.2
166,88,125.39
167,88,124.66
168,88,124.0
169,88,123.42
170,88,125.03
171,88,124.58
172,88,124.19
173,88,123.87
174,88,123.61
175,88,85.2
176,88,85.37
177,88,109.83
178,88,109.8
179,88,109.8
180,88,85.47
181,88,85.58
182,88,85.71
183,88,85.85
184,88,86.02
185,88,120.45
186,88,120.6
187,88,120.77
188,88,120.95
189,88,121.14
190,88,111.31
191,88,111.52
192,88,111.75
193,88,111.97
194,88,112.21
195,88,88.4
196,88,88.65
197,88,80.89
198,88,81.14
199,88,81.39
0,89,90.53
1,89,90.78
2,89,113.86
3,89,114.12
4,89,114.37
5,89,122.65
6,89,122.91
7,89,123.17
8,89,123.43
9,89,123.69
10,89,117.92
11,89,118.18
12,89,118.44
13,89,118.69
14,89,118.95
15,89,101.05
16,89,101.28
17,89,101.51
18,89,101.74
19,89,101.97
20,89,122.55
21,89,122.82
22,89,123.1
23,89,123.38
24,89,123.67
25,89,96.4
26,89,96.58
27,89,123.53
28,89,123.85
29,89,124.17
30,89,123.45
31,89,123.79
32,89,124.15
33,89,124.53
34,89,124.93
35,89,135.33
36,89,135.88
37,89,136.47
38,89,137.09
39,89,137.76
40,89,124.25
41,89,124.78
42,89,125.34
43,89,125.94
44,89,126.58
45,89,146.74
46,89,147.89
47,89,149.12
48,89,150.44
49,89,151.84
50,89,99.47
51,89,99.53
52,89,142.74
53,89,144.15
54,89,145.66
55,89,147.26
56,89,148.97
57,89,150.79
58,89,152.72
59,89,154.78
60,89,178.74
61,89,181.79
62,89,185.0
63,89,188.38
64,89,191.93
65,89,134.86
66,89,136.72
67,89,138.71
68,89,140.82
69,89,143.07
70,89,87.75
71,89,87.59
72,89,87.43
73,89,87.27
74,89,87.09
75,89,86.92
76,89,86.73
77,89,86.54
78,89,86.35
79,89,86.15
80,89,125.3
81,89,127.7
82,89,130.16
83,89,132.66
84,89,135.18
85,89,137.7
86,89,140.19
87,89,142.63
88,89,145.0
89,89,147.27
90,89,320.19
91,89,324.19
92,89,327.81
93,89,331.03
94,89,333.82
95,89,294.89
96,89,296.51
97,89,297.69
98,89,298.41
99,89,298.65
100,89,94.09
101,89,93.82
102,89,185.54
103,89,184.37
104,89,182.9
105,89,299.55
106,89,296.61
107,89,293.29
108,89,289.62
109,89,78.96
110,89,78.72
111,89,78.49
112,89,78.25
113,89,78.02
114,89,77.79
115,89,77.57
116,89,77.34
117,89,77.13
118,89,76.92
119,89,174.44
120,89,138.83
121,89,136.16
122,89,133.64
123,89,131.27
124,89,129.05
125,89,86.04
126,89,85.77
127,89,129.22
128,89,127.46
129,89,125.85
130,89,103.07
131,89,102.42
132,89,101.88
133,89,101.43
134,89,101.07
135,89,146.01
136,89,144.27
137,89,142.63
138,89,141.06
139,89,139.55
140,89,168.75
141,89,166.36
142,89,164.04
143,89,161.79
144,89,159.6
145,89,136.17
146,89,134.71
147,89,133.26
148,89,131.83
149,89,130.41
150,89,83.5
151,89,83.44
152,89,122.2
153,89,120.96
154,89,119.74
155,89,93.1
156,89,92.44
157,89,91.78
158,89,91.12
159,89,90.49
160,89,112.05
161,89,111.15
162,89,110.31
163,89,109.52
164,89,108.8
165,89,125.71
166,89,124.94
167,89,124.25
168,89,123.64
169,89,123.09
170,89,124.73
171,89,124.31
172,89,123.95
173,89,123.66
174,89,123.42
175,89,85.13
176,89,85.3
177,89,109.69
178,89,109.67
179,89,109.68
180,89,85.35
181,89,85.47
182,89,85.61
183,89,85.76
184,89,85.93
185,89,120.37
186,89,120.53
187,89,120.7
188,89,120.88
189,89,121.07
190,89,111.24
191,89,111.46
192,89,111.68
193,89,111.91
194,89,112.14
195,89,88.34
196,89,80.57
197,89,80.82
198,89,81.07
199,89,81.33
0,90,90.92
1,90,91.17
2,90,122.81
3,90,123.07
4,90,123.33
5,90,120.59
6,90,120.85
7,90,121.1
8,90,121.36
9,90,121.62
10,90,97.78
11,90,98.02
12,90,98.26
13,90,98.5
14,90,98.74
15,90,115.12
16,90,115.37
17,90,115.62
18,90,115.88
19,90,116.13
20,90,133.7
21,90,134.0
22,90,134.31
23,90,134.63
24,90,134.96
25,90,94.95
26,90,95.12
27,90,95.29
28,90,95.46
29,90,95.61
30,90,131.93
31,90,132.34
32,90,132.77
33,90,133.23
34,90,133.71
35,90,111.99
36,90,112.28
37,90,112.59
38,90,112.9
39,90,113.23
40,90,96.93
41,90,97.02
42,90,97.1
43,90,97.17
44,90,97.25
45,90,145.58
46,90,146.72
47,90,147.94
48,90,149.24
49,90,150.64
50,90,98.61
51,90,98.65
52,90,125.87
53,90,126.81
54,90,127.81
55,90,132.29
56,90,133.55
57,90,134.9
58,90,136.34
59,90,137.88
60,90,177.47
61,90,180.51
62,90,183.72
63,90,187.1
64,90,190.66
65,90,125.92
66,90,127.51
67,90,129.23
68,90,131.08
69,90,87.84
70,90,87.69
71,90,87.53
72,90,87.37
73,90,87.21
74,90,87.04
75,90,86.86
76,90,86.67
77,90,86.49
78,90,86.29
79,90,253.85
80,90,178.27
81,90,182.01
82,90,185.78
83,90,189.56
84,90,193.33
85,90,275.06
86,90,280.12
87,90,285.0
88,90,289.67
89,90,294.09
90,90,151.83
91,90,153.92
92,90,155.82
93,90,157.51
94,90,158.97
95,90,160.18
96,90,161.13
97,90,161.79
98,90,162.16
99,90,162.24
100,90,95.84
101,90,95.57
102,90,221.61
103,90,220.26
104,90,218.56
105,90,156.54
106,90,154.67
107,90,152.58
108,90,150.3
109,90,147.85
110,90,294.15
111,90,78.43
112,90,78.19
113,90,77.96
114,90,77.73
115,90,77.51
116,90,77.29
117,90,77.07
118,90,76.86
119,90,76.65
120,90,118.26
121,90,115.97
122,90,113.84
123,90,111.85
124,90,110.03
125,90,88.05
126,90,87.71
127,90,167.74
128,90,164.66
129,90,161.75
130,90,188.65
131,90,185.13
132,90,181.78
133,90,178.59
134,90,175.56
135,90,190.95
136,90,187.6
137,90,184.39
138,90,181.33
139,90,178.39
140,90,154.31
141,90,152.27
142,90,150.31
143,90,148.4
144,90,146.55
145,90,141.45
146,90,139.78
147,90,138.16
148,90,136.56
149,90,135.0
150,90,84.67
151,90,84.58
152,90,145.54
153,90,143.79
154,90,142.1
155,90,141.76
156,90,140.19
157,90,138.69
158,90,137.28
159,90,135.94
160,90,122.98
161,90,121.97
162,90,121.03
163,90,120.16
164,90,119.36
165,90,126.34
166,90,125.6
167,90,124.94
168,90,124.36
169,90,123.84
170,90,93.81
171,90,93.6
172,90,93.44
173,90,93.32
174,90,93.23
175,90,84.29
176,90,84.47
177,90,94.2
178,90,94.23
179,90,94.3
180,90,105.56
181,90,105.65
182,90,105.75
183,90,105.88
184,90,106.03
185,90,108.2
186,90,108.37
187,90,108.56
188,90,108.75
189,90,108.96
190,90,101.14
191,90,101.36
192,90,101.59
193,90,101.82
194,90,102.06
195,90,80.26
196,90,80.51
197,90,80.76
198,90,81.02
199,90,81.27
0,91,90.87
1,91,91.12
2,91,122.76
3,91,123.02
4,91,123.28
5,91,120.53
6,91,120.79
7,91,121.05
8,91,121.31
9,91,121.57
10,91,97.73
11,91,97.97
12,91,98.21
13,91,98.45
14,91,98.69
15,91,115.07
16,91,115.32
17,91,115.57
18,91,115.83
19,91,116.09
20,91,133.66
21,91,133.96
22,91,134.27
23,91,134.59
24,91,134.92
25,91,94.89
26,91,95.07
27,91,95.24
28,91,95.4
29,91,95.56
30,91,131.91
31,91,132.32
32,91,132.76
33,91,133.22
34,91,133.71
35,91,111.96
36,91,112.26
37,91,112.56
38,91,112.88
39,91,113.21
40,91,96.88
41,91,96.97
42,91,97.05
43,91,97.13
44,91,97.2
45,91,145.7
46,91,146.86
47,91,148.1
48,91,149.43
49,91,150.84
50,91,98.57
51,91,98.6
52,91,125.99
53,91,126.95
54,91,127.97
55,91,132.49
56,91,133.78
57,91,135.15
58,91,136.63
59,91,138.2
60,91,178.11
61,91,181.21
62,91,184.49
63,91,187.94
64,91,191.57
65,91,126.3
66,91,127.95
67,91,129.72
68,91,87.92
69,91,87.78
70,91,87.63
71,91,87.48
72,91,87.32
73,91,87.15
74,91,86.98
75,91,86.8
76,91,86.62
77,91,244.97
78,91,250.64
79,91,256.39
80,91,180.06
81,91,183.92
82,91,187.82
83,91,191.72
84,91,195.62
85,91,278.38
86,91,283.58
87,91,288.61
88,91,293.41
89,91,297.97
90,91,154.1
91,91,156.28
92,91,158.26
93,91,160.03
94,91,161.55
95,91,162.82
96,91,163.81
97,91,164.51
98,91,164.9
99,91,164.98
100,91,95.97
101,91,95.7
102,91,225.04
103,91,223.65
104,91,221.89
105,91,159.09
106,91,157.14
107,91,154.97
108,91,152.59
109,91,150.05
110,91,297.99
111,91,293.05
112,91,78.14
113,91,77.91
114,91,77.68
115,91,77.45
116,91,77.23
117,91,77.02
118,91,76.8
119,91,76.59
120,91,76.39
121,91,116.56
122,91,114.28
123,91,112.16
124,91,110.2
125,91,88.03
126,91,87.69
127,91,168.13
128,91,164.9
129,91,161.84
130,91,188.88
131,91,185.2
132,91,181.7
133,91,178.38
134,91,175.22
135,91,190.63
136,91,187.16
137,91,183.85
138,91,180.67
139,91,177.64
140,91,153.32
141,91,151.23
142,91,149.21
143,91,147.26
144,91,145.38
145,91,140.23
146,91,138.56
147,91,136.93
148,91,135.35
149,91,133.8
150,91,84.56
151,91,84.48
152,91,144.49
153,91,142.78
154,91,141.13
155,91,140.84
156,91,139.31
157,91,137.86
158,91,136.5
159,91,135.21
160,91,122.28
161,91,121.32
162,91,120.43
163,91,119.61
164,91,118.86
165,91,125.89
166,91,125.2
167,91,124.58
168,91,124.03
169,91,123.55
170,91,93.52
171,91,93.35
172,91,93.21
173,91,93.11
174,91,93.04
175,91,84.23
176,91,84.41
177,91,94.06
178,91,94.11
179,91,94.19
180,91,105.46
181,91,105.56
182,91,105.67
183,91,105.8
184,91,105.95
185,91,108.13
186,91,108.31
187,91,108.49
188,91,108.69
189,91,108.9
190,91,101.08
191,91,101.3
192,91,101.53
193,91,101.77
194,91,79.96
195,91,80.21
196,91,80.46
197,91,80.71
198,91,80.96
199,91,81.21
0,92,90.82
1,92,91.07
2,92,122.71
3,92,122.97
4,92,123.23
5,92,120.49
6,92,120.75
7,92,121.01
8,92,121.27
9,92,121.53
10,92,97.68
11,92,97.92
12,92,98.16
13,92,98.4
14,92,98.64
15,92,115.02
16,92,115.28
17,92,115.53
18,92,115.79
19,92,116.04
20,92,133.62
21,92,133.92
22,92,134.24
23,92,134.56
24,92,134.89
25,92,94.85
26,92,95.02
27,92,95.19
28,92,95.36
29,92,95.51
30,92,131.89
31,92,132.31
32,92,132.75
33,92,133.22
34,92,133.71
35,92,111.94
36,92,112.23
37,92,112.54
38,92,112.86
39,92,113.2
40,92,96.84
41,92,96.92
42,92,97.0
43,92,97.08
44,92,97.16
45,92,145.81
46,92,146.99
47,92,148.25
48,92,149.59
49,92,151.03
50,92,98.53
51,92,98.56
52,92,126.1
53,92,127.08
54,92,128.12
55,92,132.68
56,92,133.99
57,92,135.39
58,92,136.89
59,92,138.49
60,92,178.7
61,92,181.85
62,92,185.18
63,92,188.69
64,92,192.39
65,92,126.65
66,92,128.34
67,92,88.01
68,92,87.88
69,92,87.73
70,92,87.59
71,92,87.43
72,92,87.27
73,92,87.11
74,92,86.93
75,92,86.76
76,92,101.91
77,92,247.01
78,92,252.82
79,92,258.7
80,92,181.69
81,92,185.67
82,92,189.68
83,92,193.71
84,92,197.71
85,92,281.41
86,92,286.74
87,92,291.9
88,92,296.83
89,92,301.51
90,92,156.19
91,92,158.45
92,92,160.51
93,92,162.34
94,92,163.93
95,92,165.25
96,92,166.28
97,92,167.01
98,92,167.42
99,92,167.51
100,92,96.08
101,92,95.81
102,92,228.19
103,92,226.76
104,92,224.95
105,92,161.43
106,92,159.42
107,92,157.17
108,92,154.71
109,92,152.07
110,92,301.49
111,92,296.41
112,92,291.09
113,92,77.86
114,92,77.63
115,92,77.41
116,92,77.19
117,92,76.97
118,92,76.76
119,92,76.55
120,92,76.34
121,92,76.14
122,92,114.68
123,92,112.43
124,92,110.34
125,92,88.02
126,92,87.67
127,92,168.46
128,92,165.09
129,92,161.89
130,92,189.05
131,92,185.23
132,92,181.6
133,92,178.15
134,92,174.86
135,92,190.31
136,92,186.72
137,92,183.3
138,92,180.03
139,92,176.91
140,92,152.38
141,92,150.22
142,92,148.16
143,92,146.17
144,92,144.26
145,92,139.08
146,92,137.4
147,92,135.77
148,92,134.2
149,92,132.67
150,92,84.47
151,92,84.38
152,92,143.5
153,92,141.82
154,92,140.21
155,92,139.96
156,92,138.48
157,92,137.08
158,92,135.76
159,92,134.52
160,92,121.61
161,92,120.71
162,92,119.87
163,92,119.1
164,92,118.39
165,92,125.47
166,92,124.82
167,92,124.24
168,92,123.72
169,92,123.27
170,92,93.25
171,92,93.1
172,92,92.99
173,92,92.92
174,92,92.87
175,92,84.18
176,92,84.36
177,92,93.94
178,92,94.0
179,92,94.09
180,92,105.37
181,92,105.47
182,92,105.59
183,92,105.73
184,92,105.89
185,92,108.07
186,92,108.25
187,92,108.44
188,92,108.64
189,92,108.84
190,92,101.03
191,92,101.25
192,92,101.48
193,92,79.66
194,92,79.91
195,92,80.16
196,92,80.41
197,92,80.66
198,92,80.91
199,92,81.17
0,93,90.78
1,93,91.03
2,93,122.67
3,93,122.93
4,93,123.19
5,93,120.45
6,93,120.71
7,93,120.97
8,93,121.23
9,93,121.49
10,93,97.64
11,93,97.88
12,93,98.12
13,93,98.36
14,93,98.6
15,93,114.98
16,93,115.24
17,93,115.49
18,93,115.75
19,93,116.01
20,93,133.59
21,93,133.89
22,93,134.21
23,93,134.53
24,93,134.87
25,93,94.81
26,93,94.98
27,93,95.15
28,93,95.31
29,93,95.47
30,93,131.87
31,93,132.3
32,93,132.74
33,93,133.21
34,93,133.71
35,93,111.92
36,93,112.21
37,93,112.53
38,93,112.85
39,93,113.19
40,93,96.8
41,93,96.88
42,93,96.96
43,93,97.04
44,93,97.12
45,93,145.91
46,93,147.1
47,93,148.38
48,93,149.74
49,93,151.19
50,93,98.49
51,93,98.53
52,93,126.21
53,93,127.19
54,93,128.25
55,93,132.84
56,93,134.17
57,93,135.6
58,93,137.12
59,93,138.75
60,93,179.22
61,93,182.42
62,93,185.8
63,93,189.37
64,93,193.12
65,93,126.97
66,93,88.1
67,93,87.97
68,93,87.83
69,93,87.69
70,93,87.55
71,93,87.39
72,93,87.23
73,93,87.07
74,93,86.89
75,93,101.85
76,93,101.96
77,93,248.84
78,93,254.76
79,93,260.77
80,93,183.16
81,93,187.24
82,93,191.35
83,93,195.48
84,93,199.6
85,93,284.12
86,93,289.57
87,93,294.85
88,93,299.9
89,93,304.68
90,93,158.09
91,93,160.42
92,93,162.54
93,93,164.44
94,93,166.08
95,93,167.44
96,93,168.51
97,93,169.27
98,93,169.7
99,93,169.8
100,93,96.19
101,93,95.91
102,93,231.02
103,93,229.55
104,93,227.7
105,93,163.55
106,93,161.48
107,93,159.16
108,93,156.62
109,93,153.89
110,93,304.63
111,93,299.42
112,93,293.97
113,93,288.31
114,93,282.49
115,93,77.37
116,93,77.14
117,93,76.93
118,93,76.71
119,93,76.51
120,93,76.3
121,93,76.1
122,93,75.91
123,93,112.66
124,93,110.45
125,93,88.01
126,93,87.65
127,93,168.74
128,93,165.23
129,93,161.91
130,93,189.17
131,93,185.22
132,93,181.47
133,93,177.89
134,93,174.5
135,93,189.97
136,93,186.28
137,93,182.76
138,93,179.41
139,93,176.21
140,93,151.48
141,93,149.27
142,93,147.17
143,93,145.15
144,93,143.21
145,93,138.0
146,93,136.31
147,93,134.68
148,93,133.11
149,93,131.6
150,93,84.38
151,93,84.3
152,93,142.56
153,93,140.91
154,93,139.34
155,93,139.14
156,93,137.7
157,93,136.34
158,93,135.07
159,93,133.88
160,93,120.99
161,93,120.13
162,93,119.34
163,93,118.61
164,93,117.95
165,93,125.08
166,93,124.46
167,93,123.92
168,93,123.43
169,93,123.01
170,93,93.0
171,93,92.88
172,93,92.79
173,93,92.74
174,93,92.71
175,93,84.13
176,93,84.31
177,93,93.83
178,93,93.9
179,93,94.0
180,93,105.29
181,93,105.4
182,93,105.53
183,93,105.67
184,93,105.83
185,93,108.02
186,93,108.2
187,93,108.39
188,93,108.59
189,93,108.8
190,93,100.98
191,93,101.21
192,93,79.37
193,93,79.62
194,93,79.87
195,93,80.12
196,93,80.37
197,93,80.62
198,93,80.87
199,93,81.13
0,94,90.74
1,94,90.99
2,94,122.64
3,94,122.9
4,94,123.16
5,94,120.41
6,94,120.67
7,94,120.93
8,94,121.19
9,94,121.45
10,94,97.6
11,94,97.85
12,94,98.09
13,94,98.33
14,94,98.56
15,94,114.95
16,94,115.2
17,94,115.46
18,94,115.72
19,94,115.97
20,94,133.56
21,94,133.86
22,94,134.18
23,94,134.51
24,94,134.84
25,94,94.77
26,94,94.94
27,94,95.11
28,94,95.28
29,94,95.44
30,94,131.86
31,94,132.29
32,94,132.74
33,94,133.21
34,94,133.71
35,94,111.9
36,94,112.2
37,94,112.51
38,94,112.84
39,94,113.18
40,94,96.76
41,94,96.85
42,94,96.93
43,94,97.01
44,94,97.09
45,94,146.0
46,94,147.2
47,94,148.49
48,94,149.86
49,94,151.34
50,94,98.46
51,94,98.5
52,94,126.29
53,94,127.29
54,94,128.37
55,94,132.99
56,94,134.33
57,94,135.78
58,94,137.32
59,94,138.98
60,94,179.67
61,94,182.91
62,94,186.34
63,94,189.95
64,94,193.76
65,94,88.18
66,94,88.06
67,94,87.93
68,94,87.8
69,94,87.66
70,94,87.51
71,94,87.36
72,94,87.2
73,94,87.03
74,94,115.87
75,94,101.88
76,94,102.0
77,94,250.44
78,94,256.46
79,94,262.57
80,94,184.45
81,94,188.61
82,94,192.82
83,94,197.05
84,94,201.25
85,94,286.49
86,94,292.05
87,94,297.43
88,94,302.57
89,94,307.45
90,94,159.75
91,94,162.15
92,94,164.33
93,94,166.28
94,94,167.97
95,94,169.38
96,94,170.48
97,94,171.26
98,94,171.7
99,94,171.81
100,94,96.28
101,94,96.01
102,94,233.51
103,94,232.01
104,94,230.11
105,94,165.42
106,94,163.29
107,94,160.91
108,94,158.3
109,94,155.5
110,94,307.37
111,94,302.05
112,94,296.49
113,94,290.71
114,94,284.76
115,94,303.8
116,94,77.11
117,94,76.89
118,94,76.68
119,94,76.47
120,94,76.27
121,94,76.07
122,94,75.87
123,94,75.68
124,94,110.53
125,94,87.99
126,94,87.63
127,94,168.94
128,94,165.31
129,94,161.88
130,94,189.23
131,94,185.17
132,94,181.3
133,94,177.62
134,94,174.13
135,94,189.61
136,94,185.83
137,94,182.22
138,94,178.79
139,94,175.52
140,94,150.62
141,94,148.37
142,94,146.23
143,94,144.18
144,94,142.22
145,94,136.98
146,94,135.29
147,94,133.66
148,94,132.1
149,94,130.6
150,94,84.3
151,94,84.22
152,94,141.69
153,94,140.07
154,94,138.53
155,94,138.37
156,94,136.97
157,94,135.66
158,94,134.42
159,94,133.27
160,94,120.42
161,94,119.6
162,94,118.85
163,94,118.17
164,94,117.54
165,94,124.72
166,94,124.14
167,94,123.62
168,94,123.17
169,94,122.77
170,94,92.77
171,94,92.68
172,94,92.61
173,94,92.58
174,94,92.57
175,94,84.09
176,94,84.27
177,94,93.73
178,94,93.81
179,94,93.91
180,94,105.22
181,94,105.33
182,94,105.47
183,94,105.61
184,94,105.78
185,94,107.97
186,94,108.15
187,94,108.34
188,94,108.55
189,94,108.76
190,94,100.94
191,94,79.09
192,94,79.34
193,94,79.58
194,94,79.83
195,94,80.08
196,94,80.33
197,94,80.59
198,94,80.84
199,94,94.1
0,95,90.96
1,95,91.22
2,95,127.62
3,95,127.88
4,95,128.14
5,95,90.32
6,95,90.57
7,95,90.81
8,95,91.06
9,95,91.3
10,95,111.64
11,95,111.89
12,95,112.14
13,95,112.4
14,95,112.65
15,95,105.83
16,95,106.08
17,95,106.32
18,95,106.56
19,95,106.8
20,95,127.42
21,95,127.71
22,95,128.01
23,95,128.31
24,95,128.63
25,95,95.05
26,95,95.23
27,95,101.37
28,95,101.57
29,95,101.77
30,95,95.56
31,95,95.7
32,95,95.84
33,95,95.98
34,95,96.1
35,95,119.71
36,95,120.11
37,95,120.53
38,95,120.97
39,95,121.43
40,95,109.93
41,95,110.25
42,95,110.58
43,95,110.93
44,95,111.29
45,95,105.07
46,95,105.33
47,95,105.6
48,95,105.9
49,95,106.21
50,95,97.83
51,95,97.86
52,95,113.66
53,95,114.28
54,95,114.95
55,95,98.26
56,95,98.48
57,95,98.74
58,95,99.04
59,95,99.39
60,95,167.71
61,95,170.55
62,95,173.57
63,95,176.76
64,95,88.26
65,95,88.15
66,95,88.03
67,95,87.9
68,95,87.77
69,95,87.63
70,95,87.48
71,95,87.33
72,95,87.17
73,95,184.14
74,95,188.34
75,95,101.91
76,95,102.03
77,95,251.79
78,95,257.9
79,95,264.1
80,95,208.67
81,95,213.47
82,95,218.3
83,95,223.14
84,95,227.93
85,95,146.78
86,95,149.84
87,95,152.84
88,95,155.75
89,95,158.54
90,95,300.52
91,95,304.64
92,95,308.38
93,95,311.71
94,95,314.59
95,95,317.01
96,95,318.92
97,95,320.31
98,95,321.17
99,95,321.48
100,95,95.12
101,95,94.85
102,95,211.06
103,95,209.64
104,95,207.83
105,95,167.01
106,95,164.83
107,95,162.4
108,95,159.73
109,95,156.87
110,95,153.83
111,95,150.66
112,95,147.38
113,95,144.04
114,95,140.65
115,95,267.85
116,95,261.83
117,95,76.86
118,95,76.65
119,95,76.44
120,95,76.24
121,95,76.04
122,95,75.84
123,95,75.65
124,95,75.47
125,95,87.33
126,95,86.98
127,95,156.74
128,95,153.4
129,95,150.24
130,95,155.65
131,95,152.58
132,95,149.69
133,95,146.97
134,95,144.41
135,95,189.23
136,95,185.36
137,95,181.68
138,95,178.18
139,95,174.85
140,95,112.03
141,95,110.99
142,95,110.01
143,95,109.07
144,95,108.18
145,95,127.59
146,95,126.15
147,95,124.77
148,95,123.44
149,95,122.18
150,95,82.91
151,95,82.87
152,95,115.92
153,95,114.92
154,95,113.97
155,95,87.18
156,95,86.85
157,95,86.53
158,95,86.22
159,95,85.93
160,95,125.79
161,95,124.93
162,95,124.13
163,95,123.41
164,95,122.76
165,95,98.94
166,95,98.65
167,95,98.4
168,95,98.18
169,95,98.01
170,95,106.34
171,95,106.18
172,95,106.06
173,95,105.97
174,95,105.92
175,95,83.96
176,95,84.14
177,95,91.58
178,95,91.69
179,95,91.8
180,95,115.32
181,95,115.42
182,95,115.54
183,95,115.68
184,95,115.83
185,95,121.03
186,95,121.2
187,95,121.39
188,95,121.58
189,95,121.78
190,95,78.82
191,95,79.06
192,95,79.31
193,95,79.55
194,95,79.8
195,95,80.05
196,95,80.3
197,95,80.56
198,95,119.85
199,95,120.09
0,96,90.94
1,96,91.19
2,96,127.59
3,96,127.85
4,96,128.11
5,96,90.29
6,96,90.54
7,96,90.79
8,96,91.04
9,96,91.28
10,96,111.61
11,96,111.87
12,96,112.12
13,96,112.37
14,96,112.63
15,96,105.81
16,96,106.05
17,96,106.29
18,96,106.53
19,96,106.77
20,96,127.4
21,96,127.69
22,96,127.99
23,96,128.3
24,96,128.61
25,96,95.03
26,96,95.2
27,96,101.35
28,96,101.55
29,96,101.74
30,96,95.53
31,96,95.68
32,96,95.82
33,96,95.95
34,96,96.08
35,96,119.7
36,96,120.1
37,96,120.52
38,96,120.97
39,96,121.44
40,96,109.92
41,96,110.24
42,96,110.57
43,96,110.92
44,96,111.29
45,96,105.06
46,96,105.32
47,96,105.6
48,96,105.9
49,96,106.21
50,96,97.81
51,96,97.83
52,96,113.69
53,96,114.32
54,96,115.0
55,96,98.26
56,96,98.48
57,96,98.74
58,96,99.05
59,96,99.42
60,96,167.97
61,96,170.85
62,96,173.89
63,96,88.35
64,96,88.24
65,96,88.13
66,96,88.01
67,96,87.88
68,96,87.74
69,96,87.6
70,96,87.46
71,96,87.3
72,96,180.69
73,96,184.77
74,96,189.02
75,96,101.94
76,96,102.06
77,96,252.88
78,96,259.07
79,96,265.34
80,96,209.68
81,96,214.55
82,96,219.44
83,96,224.34
84,96,229.21
85,96,147.67
86,96,150.79
87,96,153.84
88,96,156.81
89,96,159.65
90,96,302.41
91,96,306.59
92,96,310.39
93,96,313.76
94,96,316.69
95,96,319.13
96,96,321.07
97,96,322.49
98,96,323.36
99,96,323.67
100,96,95.18
101,96,94.91
102,96,212.65
103,96,211.2
104,96,209.37
105,96,168.31
106,96,166.09
107,96,163.61
108,96,160.89
109,96,157.97
110,96,154.88
111,96,151.65
112,96,148.3
113,96,144.89
114,96,141.43
115,96,269.23
116,96,263.12
117,96,256.97
118,96,76.62
119,96,76.42
120,96,76.21
121,96,76.01
122,96,75.82
123,96,75.63
124,96,75.45
125,96,75.27
126,96,86.96
127,96,156.73
128,96,153.3
129,96,150.06
130,96,155.43
131,96,152.27
132,96,149.3
133,96,146.51
134,96,143.88
135,96,188.82
136,96,184.88
137,96,181.14
138,96,177.58
139,96,174.2
140,96,111.13
141,96,110.06
142,96,109.06
143,96,108.12
144,96,107.22
145,96,126.68
146,96,125.24
147,96,123.86
148,96,122.55
149,96,121.3
150,96,82.85
151,96,82.8
152,96,115.11
153,96,114.15
154,96,113.23
155,96,86.44
156,96,86.16
157,96,85.88
158,96,85.61
159,96,85.36
160,96,125.3
161,96,124.48
162,96,123.73
163,96,123.04
164,96,122.42
165,96,98.62
166,96,98.36
167,96,98.13
168,96,97.95
169,96,97.8
170,96,106.16
171,96,106.02
172,96,105.92
173,96,105.85
174,96,105.81
175,96,83.93
176,96,84.11
177,96,91.5
178,96,91.61
179,96,91.74
180,96,115.27
181,96,115.37
182,96,115.5
183,96,115.64
184,96,115.79
185,96,121.0
186,96,121.17
187,96,121.36
188,96,121.55
189,96,78.55
190,96,78.79
191,96,79.04
192,96,79.28
193,96,79.53
194,96,79.78
195,96,80.03
196,96,80.28
197,96,119.58
198,96,119.82
199,96,120.07
0,97,81.02
1,97,81.27
2,97,127.57
3,97,127.83
4,97,128.1
5,97,90.28
6,97,90.53
7,97,90.77
8,97,91.02
9,97,91.26
10,97,111.6
11,97,111.85
12,97,112.1
13,97,112.36
14,97,112.61
15,97,105.79
16,97,106.04
17,97,106.28
18,97,106.52
19,97,106.76
20,97,127.38
21,97,127.68
22,97,127.98
23,97,128.28
24,97,128.6
25,97,95.01
26,97,95.19
27,97,101.33
28,97,101.53
29,97,101.73
30,97,95.52
31,97,95.66
32,97,95.8
33,97,95.93
34,97,96.06
35,97,119.7
36,97,120.1
37,97,120.52
38,97,120.97
39,97,121.44
40,97,109.92
41,97,110.24
42,97,110.57
43,97,110.92
44,97,111.29
45,97,105.06
46,97,105.32
47,97,105.6
48,97,105.89
49,97,106.21
50,97,97.8
51,97,97.82
52,97,113.71
53,97,114.34
54,97,115.03
55,97,98.25
56,97,98.48
57,97,98.75
58,97,99.07
59,97,99.43
60,97,168.17
61,97,171.07
62,97,88.43
63,97,88.33
64,97,88.22
65,97,88.11
66,97,87.99
67,97,87.86
68,97,87.73
69,97,87.59
70,97,173.43
71,97,177.19
72,97,181.13
73,97,185.24
74,97,189.53
75,97,101.96
76,97,102.08
77,97,253.71
78,97,259.95
79,97,266.28
80,97,210.44
81,97,215.36
82,97,220.31
83,97,225.26
84,97,230.18
85,97,148.35
86,97,151.51
87,97,154.61
88,97,157.61
89,97,160.49
90,97,303.85
91,97,308.07
92,97,311.91
93,97,315.32
94,97,318.28
95,97,320.75
96,97,322.71
97,97,324.14
98,97,325.02
99,97,325.34
100,97,95.23
101,97,94.95
102,97,213.85
103,97,212.39
104,97,210.54
105,97,169.29
106,97,167.04
107,97,164.53
108,97,161.77
109,97,158.81
110,97,155.67
111,97,152.39
112,97,148.99
113,97,145.52
114,97,142.01
115,97,270.25
116,97,264.07
117,97,257.84
118,97,251.61
119,97,76.4
120,97,76.19
121,97,76.0
122,97,75.8
123,97,75.61
124,97,75.43
125,97,75.25
126,97,75.08
127,97,156.64
128,97,153.14
129,97,149.82
130,97,155.15
131,97,151.94
132,97,148.9
133,97,146.04
134,97,143.36
135,97,188.38
136,97,184.39
137,97,180.59
138,97,176.98
139,97,173.56
140,97,110.3
141,97,109.21
142,97,108.19
143,97,107.24
144,97,106.33
145,97,125.83
146,97,124.4
147,97,123.03
148,97,121.73
149,97,120.5
150,97,82.79
151,97,82.75
152,97,114.37
153,97,113.44
154,97,112.56
155,97,85.77
156,97,85.53
157,97,85.29
158,97,85.06
159,97,84.85
160,97,124.86
161,97,124.07
162,97,123.35
163,97,122.7
164,97,122.11
165,97,98.33
166,97,98.1
167,97,97.9
168,97,97.74
169,97,97.61
170,97,106.0
171,97,105.88
172,97,105.79
173,97,105.73
174,97,105.71
175,97,83.91
176,97,84.09
177,97,91.44
178,97,91.55
179,97,91.69
180,97,115.22
181,97,115.33
182,97,115.46
183,97,115.6
184,97,115.76
185,97,120.97
186,97,121.15
187,97,121.33
188,97,78.3
189,97,78.53
190,97,78.78
191,97,79.02
192,97,79.26
193,97,79.51
194,97,79.76
195,97,80.01
196,97,119.32
197,97,119.56
198,97,119.8
199,97,120.05
0,98,81.01
1,98,81.26
2,98,81.51
3,98,127.82
4,98,128.08
5,98,90.26
6,98,90.51
7,98,90.76
8,98,91.01
9,98,91.25
10,98,111.59
11,98,111.84
12,98,112.09
13,98,112.35
14,98,112.6
15,98,105.78
16,98,106.03
17,98,106.27
18,98,106.51
19,98,106.75
20,98,127.37
21,98,127.67
22,98,127.97
23,98,128.28
24,98,128.59
25,98,95.0
26,98,95.17
27,98,101.32
28,98,101.52
29,98,101.72
30,98,95.5
31,98,95.65
32,98,95.79
33,98,95.92
34,98,96.05
35,98,119.7
36,98,120.1
37,98,120.52
38,98,120.97
39,98,121.44
40,98,109.91
41,98,110.23
42,98,110.57
43,98,110.92
44,98,111.29
45,98,105.05
46,98,105.32
47,98,105.6
48,98,105.89
49,98,106.21
50,98,97.79
51,98,97.81
52,98,113.72
53,98,114.36
54,98,115.05
55,98,98.25
56,98,98.48
57,98,98.76
58,98,99.07
59,98,99.44
60,98,168.31
61,98,88.51
62,98,88.42
63,98,88.32
64,98,88.21
65,98,88.1
66,98,87.98
67,98,87.85
68,98,87.71
69,98,107.94
70,98,173.68
71,98,177.46
72,98,181.42
73,98,185.56
74,98,189.88
75,98,101.97
76,98,102.1
77,98,254.27
78,98,260.54
79,98,266.91
80,98,210.95
81,98,215.9
82,98,220.89
83,98,225.87
84,98,230.83
85,98,148.81
86,98,152.0
87,98,155.13
88,98,158.16
89,98,161.06
90,98,304.82
91,98,309.07
92,98,312.93
93,98,316.37
94,98,319.35
95,98,321.83
96,98,323.81
97,98,325.25
98,98,326.13
99,98,326.46
100,98,95.26
101,98,94.98
102,98,214.66
103,98,213.18
104,98,211.32
105,98,169.94
106,98,167.67
107,98,165.14
108,98,162.35
109,98,159.36
110,98,156.19
111,98,152.87
112,98,149.44
113,98,145.93
114,98,142.37
115,98,270.91
116,98,264.67
117,98,258.39
118,98,252.1
119,98,245.85
120,98,76.18
121,98,75.98
122,98,75.79
123,98,75.6
124,98,75.42
125,98,75.24
126,98,75.07
127,98,74.9
128,98,152.91
129,98,149.54
130,98,154.83
131,98,151.56
132,98,148.47
133,98,145.57
134,98,142.83
135,98,187.9
136,98,183.86
137,98,180.03
138,98,176.38
139,98,172.92
140,98,109.53
141,98,108.43
142,98,107.4
143,98,106.43
144,98,105.52
145,98,125.06
146,98,123.62
147,98,122.26
148,98,120.98
149,98,119.76
150,98,82.74
151,98,82.7
152,98,113.7
153,98,112.8
154,98,111.95
155,98,85.17
156,98,84.96
157,98,84.76
158,98,84.57
159,98,84.39
160,98,124.46
161,98,123.7
162,98,123.01
163,98,122.39
164,98,121.83
165,98,98.07
166,98,97.86
167,98,97.69
168,98,97.55
169,98,97.44
170,98,105.85
171,98,105.75
172,98,105.68
173,98,105.64
174,98,105.62
175,98,83.89
176,98,84.07
177,98,91.38
178,98,91.5
179,98,91.64
180,98,115.19
181,98,115.3
182,98,115.43
183,98,115.58
184,98,115.74
185,98,120.95
186,98,121.13
187,98,78.05
188,98,78.28
189,98,78.52
190,98,78.76
191,98,79.01
192,98,79.25
193,98,79.5
194,98,79.75
195,98,119.06
196,98,119.3
197,98,119.55
198,98,119.79
199,98,120.04
0,99,81.0
1,99,81.25
2,99,81.51
3,99,81.76
4,99,128.08
5,99,90.26
6,99,90.51
7,99,90.75
8,99,91.0
9,99,91.24
10,99,111.58
11,99,111.83
12,99,112.09
13,99,112.34
14,99,112.59
15,99,105.78
16,99,106.02
17,99,106.26
18,99,106.5
19,99,106.74
20,99,127.37
21,99,127.66
22,99,127.96
23,99,128.27
24,99,128.59
25,99,94.99
26,99,95.17
27,99,101.31
28,99,101.51
29,99,101.71
30,99,95.5
31,99,95.64
32,99,95.78
33,99,95.92
34,99,96.04
35,99,119.69
36,99,120.1
37,99,120.52
38,99,120.97
39,99,121.44
40,99,109.91
41,99,110.23
42,99,110.57
43,99,110.92
44,99,111.3
45,99,105.05
46,99,105.31
47,99,105.59
48,99,105.89
49,99,106.21
50,99,97.78
51,99,97.8
52,99,113.73
53,99,114.37
54,99,115.06
55,99,98.25
56,99,98.49
57,99,98.76
58,99,99.08
59,99,99.45
60,99,88.59
61,99,88.5
62,99,88.41
63,99,88.31
64,99,88.2
65,99,88.09
66,99,87.97
67,99,87.84
68,99,106.61
69,99,107.99
70,99,173.8
71,99,177.6
72,99,181.57
73,99,185.72
74,99,190.05
75,99,101.98
76,99,102.1
77,99,254.55
78,99,260.84
79,99,267.22
80,99,211.21
81,99,216.18
82,99,221.18
83,99,226.18
84,99,231.15
85,99,149.05
86,99,152.25
87,99,155.39
88,99,158.43
89,99,161.35
90,99,305.31
91,99,309.57
92,99,313.45
93,99,316.89
94,99,319.88
95,99,322.38
96,99,324.36
97,99,325.8
98,99,326.69
99,99,327.02
100,99,95.27
101,99,95.0
102,99,215.06
103,99,213.58
104,99,211.7
105,99,170.27
106,99,167.98
107,99,165.43
108,99,162.63
109,99,159.62
110,99,156.43
111,99,153.09
112,99,149.64
113,99,146.1
114,99,142.52
115,99,271.2
116,99,264.93
117,99,258.61
118,99,252.29
119,99,245.99
120,99,201.67
121,99,75.98
122,99,75.78
123,99,75.59
124,99,75.41
125,99,75.23
126,99,75.06
127,99,74.9
128,99,74.73
129,99,149.2
130,99,154.46
131,99,151.15
132,99,148.02
133,99,145.07
134,99,142.3
135,99,187.39
136,99,183.31
137,99,179.44
138,99,175.77
139,99,172.29
140,99,108.82
141,99,107.71
142,99,106.67
143,99,105.7
144,99,104.79
145,99,124.34
146,99,122.91
147,99,121.56
148,99,120.29
149,99,119.09
150,99,82.7
151,99,82.66
152,99,113.09
153,99,112.22
154,99,111.39
155,99,84.64
156,99,84.46
157,99,84.29
158,99,84.13
159,99,83.98
160,99,124.1
161,99,123.37
162,99,122.71
163,99,122.11
164,99,121.58
165,99,97.83
166,99,97.65
167,99,97.51
168,99,97.39
169,99,97.3
170,99,105.73
171,99,105.64
172,99,105.58
173,99,105.55
174,99,105.55
175,99,83.88
176,99,84.06
177,99,91.33
178,99,91.46
179,99,91.61
180,99,115.16
181,99,115.27
182,99,115.41
183,99,115.56
184,99,115.72
185,99,120.94
186,99,77.81
187,99,78.04
188,99,78.28
189,99,78.52
190,99,78.76
191,99,79.0
192,99,79.25
193,99,79.49
194,99,87.75
195,99,119.06
196,99,119.3
197,99,119.54
198,99,119.79
199,99,120.03
0,100,81.0
1,100,81.25
2,100,81.51
3,100,81.76
4,100,82.01
5,100,90.26
6,100,90.51
7,100,90.75
8,100,91.0
9,100,91.24
10,100,92.29
11,100,92.53
12,100,92.76
13,100,93.0
14,100,93.23
15,100,94.37
16,100,94.59
17,100,94.81
18,100,95.03
19,100,95.25
20,100,94.64
21,100,94.85
22,100,95.04
23,100,95.24
24,100,95.43
25,100,96.65
26,100,96.84
27,100,97.02
28,100,97.19
29,100,97.36
30,100,96.3
31,100,96.45
32,100,96.59
33,100,96.73
34,100,96.86
35,100,96.15
36,100,96.26
37,100,96.36
38,100,96.46
39,100,96.55
40,100,97.89
41,100,97.99
42,100,98.08
43,100,98.16
44,100,98.24
45,100,98.78
46,100,98.86
47,100,98.93
48,100,99.01
49,100,99.07
50,100,97.78
51,100,97.8
52,100,97.82
53,100,97.83
54,100,97.84
55,100,99.5
56,100,99.56
57,100,99.61
58,100,99.66
59,100,88.66
60,100,88.59
61,100,88.5
62,100,88.41
63,100,88.31
64,100,88.2
65,100,88.09
66,100,87.97
67,100,100.02
68,100,100.08
69,100,100.15
70,100,100.65
71,100,100.74
72,100,100.83
73,100,100.93
74,100,101.02
75,100,95.83
76,100,95.78
77,100,95.73
78,100,95.69
79,100,95.64
80,100,101.26
81,100,101.35
82,100,101.44
83,100,101.52
84,100,101.6
85,100,95.36
86,100,95.31
87,100,95.24
88,100,95.17
89,100,95.09
90,100,96.41
91,100,96.33
92,100,96.23
93,100,96.11
94,100,95.98
95,100,94.35
96,100,94.17
97,100,93.97
98,100,93.76
99,100,93.52
100,100,100.77
101,100,100.49
102,100,100.18
103,100,99.84
104,100,99.48
105,100,92.97
106,100,92.61
107,100,92.24
108,100,91.86
109,100,91.46
110,100,93.84
111,100,93.39
112,100,92.94
113,100,92.48
114,100,92.01
115,100,87.92
116,100,87.53
117,100,87.15
118,100,86.77
119,100,86.4
120,100,88.71
121,100,88.3
122,100,75.78
123,100,75.59
124,100,75.41
125,100,75.23
126,100,75.06
127,100,74.9
128,100,74.73
129,100,74.58
130,100,87.99
131,100,87.63
132,100,87.28
133,100,86.95
134,100,86.63
135,100,85.38
136,100,85.13
137,100,84.9
138,100,84.68
139,100,84.47
140,100,84.09
141,100,83.92
142,100,83.76
143,100,83.62
144,100,83.49
145,100,81.33
146,100,81.29
147,100,81.26
148,100,81.23
149,100,81.22
150,100,84.07
151,100,83.99
152,100,83.93
153,100,83.88
154,100,83.84
155,100,82.84
156,100,82.85
157,100,82.87
158,100,82.9
159,100,82.93
160,100,83.63
161,100,83.68
162,100,83.74
163,100,83.81
164,100,83.88
165,100,83.31
166,100,83.41
167,100,83.52
168,100,83.64
169,100,83.77
170,100,83.43
171,100,83.58
172,100,83.74
173,100,83.9
174,100,84.07
175,100,83.88
176,100,84.06
177,100,84.25
178,100,84.44
179,100,84.64
180,100,85.56
181,100,85.77
182,100,85.98
183,100,86.19
184,100,86.42
185,100,77.58
186,100,77.81
187,100,78.04
188,100,78.28
189,100,78.52
190,100,78.76
191,100,79.0
192,100,79.25
193,100,88.9
194,100,89.15
195,100,89.15
196,100,89.4
197,100,89.65
198,100,89.9
199,100,90.15
0,101,81.01
1,101,81.26
2,101,81.51
3,101,81.76
4,101,82.01
5,101,82.26
6,101,90.51
7,101,90.76
8,101,91.01
9,101,91.25
10,101,92.29
11,101,92.53
12,101,92.77
13,101,93.0
14,101,93.24
15,101,94.37
16,101,94.6
17,101,94.82
18,101,95.04
19,101,95.25
20,101,94.65
21,101,94.85
22,101,95.05
23,101,95.25
24,101,95.43
25,101,96.66
26,101,96.84
27,101,97.02
28,101,97.2
29,101,97.37
30,101,96.3
31,101,96.45
32,101,96.6
33,101,96.74
34,101,96.87
35,101,96.16
36,101,96.27
37,101,96.37
38,101,96.46
39,101,96.55
40,101,97.9
41,101,97.99
42,101,98.08
43,101,98.17
44,101,98.25
45,101,98.78
46,101,98.86
47,101,98.94
48,101,99.01
49,101,99.08
50,101,97.79
51,101,97.81
52,101,97.82
53,101,97.83
54,101,97.84
55,101,99.51
56,101,99.56
57,101,99.61
58,101,88.74
59,101,88.67
60,101,88.59
61,101,88.51
62,101,88.42
63,101,88.32
64,101,88.21
65,101,88.1
66,101,99.96
67,101,100.02
68,101,100.08
69,101,100.15
70,101,100.65
71,101,100.74
72,101,100.83
73,101,100.92
74,101,101.02
75,101,95.83
76,101,95.78
77,101,95.73
78,101,95.69
79,101,95.64
80,101,101.25
81,101,101.34
82,101,101.43
83,101,101.51
84,101,101.59
85,101,95.36
86,101,95.3
87,101,95.23
88,101,95.16
89,101,95.08
90,101,96.4
91,101,96.32
92,101,96.22
93,101,96.1
94,101,95.97
95,101,94.34
96,101,94.16
97,101,93.96
98,101,93.74
99,101,93.51
100,101,100.75
101,101,100.47
102,101,100.16
103,101,99.82
104,101,99.46
105,101,92.96
106,101,92.6
107,101,92.23
108,101,91.84
109,101,91.45
110,101,93.83
111,101,93.38
112,101,92.92
113,101,92.46
114,101,92.0
115,101,87.91
116,101,87.52
117,101,87.14
118,101,86.76
119,101,86.39
120,101,88.7
121,101,88.28
122,101,87.88
123,101,75.6
124,101,75.42
125,101,75.24
126,101,75.07
127,101,74.9
128,101,74.74
129,101,74.59
130,101,74.44
131,101,87.61
132,101,87.26
133,101,86.92
134,101,86.61
135,101,85.36
136,101,85.11
137,101,84.87
138,101,84.65
139,101,84.45
140,101,84.06
141,101,83.89
142,101,83.74
143,101,83.59
144,101,83.46
145,101,81.31
146,101,81.27
147,101,81.23
148,101,81.21
149,101,81.19
150,101,84.05
151,101,83.97
152,101,83.91
153,101,83.86
154,101,83.83
155,101,82.83
156,101,82.84
157,101,82.85
158,101,82.88
159,101,82.92
160,101,83.62
161,101,83.67
162,101,83.73
163,101,83.8
164,101,83.88
165,101,83.3
166,101,83.41
167,101,83.52
168,101,83.64
169,101,83.77
170,101,83.43
171,101,83.58
172,101,83.74
173,101,83.9
174,101,84.07
175,101,83.88
176,101,84.07
177,101,84.25
178,101,84.45
179,101,84.65
180,101,85.56
181,101,85.77
182,101,85.98
183,101,86.2
184,101,77.36
185,101,77.58
186,101,77.81
187,101,78.05
188,101,78.28
189,101,78.52
190,101,78.76
191,101,79.01
192,101,88.66
193,101,88.9
194,101,89.15
195,101,89.15
196,101,89.4
197,101,89.65
198,101,89.91
199,101,90.16
0,102,81.02
1,102,81.27
2,102,81.52
3,102,81.78
4,102,82.03
5,102,82.28
6,102,82.53
7,102,90.77
8,102,91.02
9,102,91.26
10,102,107.58
11,102,107.83
12,102,108.08
13,102,108.33
14,102,108.58
15,102,127.0
16,102,127.27
17,102,127.55
18,102,127.83
19,102,128.11
20,102,112.09
21,102,112.34
22,102,112.6
23,102,112.85
24,102,113.11
25,102,96.67
26,102,96.85
27,102,134.86
28,102,135.25
29,102,135.67
30,102,111.54
31,102,111.81
32,102,112.09
33,102,112.38
34,102,112.67
35,102,96.18
36,102,96.29
37,102,96.4
38,102,96.5
39,102,96.6
40,102,121.94
41,102,122.47
42,102,123.03
43,102,123.63
44,102,124.27
45,102,134.24
46,102,135.19
47,102,136.2
48,102,137.28
49,102,138.44
50,102,97.8
51,102,97.82
52,102,113.71
53,102,114.34
54,102,115.03
55,102,149.05
56,102,150.95
57,102,88.81
58,102,88.75
59,102,88.68
60,102,88.6
61,102,88.52
62,102,88.43
63,102,88.33
64,102,88.22
65,102,172.11
66,102,175.5
67,102,179.06
68,102,182.82
69,102,186.77
70,102,199.65
71,102,204.27
72,102,209.08
73,102,214.07
74,102,219.25
75,102,95.84
76,102,95.78
77,102,124.17
78,102,126.88
79,102,129.71
80,102,245.44
81,102,251.21
82,102,256.98
83,102,262.73
84,102,268.43
85,102,148.35
86,102,151.51
87,102,154.61
88,102,157.61
89,102,160.49
90,102,191.34
91,102,194.21
92,102,196.82
93,102,199.16
94,102,201.18
95,102,173.39
96,102,174.55
97,102,175.38
98,102,175.85
99,102,175.97
100,102,100.7
101,102,100.42
102,102,322.89
103,102,320.97
104,102,318.53
105,102,193.6
106,102,191.14
107,102,188.38
108,102,185.35
109,102,182.08
110,102,234.11
111,102,229.66
112,102,225.02
113,102,220.21
114,102,215.3
115,102,138.04
116,102,134.47
117,102,130.93
118,102,127.47
119,102,124.09
120,102,173.93
121,102,169.43
122,102,165.06
123,102,160.84
124,102,75.43
125,102,75.25
126,102,75.08
127,102,74.91
128,102,74.75
129,102,74.6
130,102,74.45
131,102,74.31
132,102,183.36
133,102,179.13
134,102,175.11
135,102,152.27
136,102,149.29
137,102,146.49
138,102,143.85
139,102,141.37
140,102,135.03
141,102,132.96
142,102,131.02
143,102,129.2
144,102,127.49
145,102,85.17
146,102,84.91
147,102,84.68
148,102,84.47
149,102,84.27
150,102,84.03
151,102,83.96
152,102,138.03
153,102,136.59
154,102,135.25
155,102,114.54
156,102,113.79
157,102,113.1
158,102,112.47
159,102,111.9
160,102,124.38
161,102,123.72
162,102,123.11
163,102,122.57
164,102,122.09
165,102,108.38
166,102,108.14
167,102,107.95
168,102,107.79
169,102,107.66
170,102,98.02
171,102,98.02
172,102,98.04
173,102,98.08
174,102,98.14
175,102,83.89
176,102,84.08
177,102,91.24
178,102,91.39
179,102,91.55
180,102,105.96
181,102,106.11
182,102,106.27
183,102,77.15
184,102,77.37
185,102,77.6
186,102,77.83
187,102,78.06
188,102,78.3
189,102,78.53
190,102,78.78
191,102,115.13
192,102,115.36
193,102,115.59
194,102,115.83
195,102,111.06
196,102,111.3
197,102,111.55
198,102,111.79
199,102,112.04
0,103,81.04
1,103,81.29
2,103,81.54
3,103,81.79
4,103,82.04
5,103,82.29
6,103,82.54
7,103,82.79
8,103,91.04
9,103,91.28
10,103,107.6
11,103,107.85
12,103,108.1
13,103,108.35
14,103,108.59
15,103,127.02
16,103,127.29
17,103,127.56
18,103,127.84
19,103,128.13
20,103,112.11
21,103,112.36
22,103,112.61
23,103,112.87
24,103,113.12
25,103,96.69
26,103,96.87
27,103,134.86
28,103,135.26
29,103,135.68
30,103,111.55
31,103,111.82
32,103,112.1
33,103,112.39
34,103,112.68
35,103,96.2
36,103,96.31
37,103,96.42
38,103,96.52
39,103,96.62
40,103,121.93
41,103,122.46
42,103,123.02
43,103,123.62
44,103,124.26
45,103,134.21
46,103,135.15
47,103,136.16
48,103,137.24
49,103,138.39
50,103,97.81
51,103,97.83
52,103,113.69
53,103,114.32
54,103,115.0
55,103,148.94
56,103,88.88
57,103,88.83
58,103,88.77
59,103,88.7
60,103,88.62
61,103,88.54
62,103,88.45
63,103,88.35
64,103,135.47
65,103,171.84
66,103,175.19
67,103,178.73
68,103,182.46
69,103,186.38
70,103,199.19
71,103,203.77
72,103,208.54
73,103,213.5
74,103,218.63
75,103,95.84
76,103,95.78
77,103,123.81
78,103,126.48
79,103,129.28
80,103,244.55
81,103,250.26
82,103,255.98
83,103,261.67
84,103,267.32
85,103,147.67
86,103,150.79
87,103,153.84
88,103,156.81
89,103,159.65
90,103,190.34
91,103,193.18
92,103,195.76
93,103,198.06
94,103,200.05
95,103,172.36
96,103,173.51
97,103,174.32
98,103,174.79
99,103,174.9
100,103,100.63
101,103,100.35
102,103,321.23
103,103,319.33
104,103,316.9
105,103,192.49
106,103,190.05
107,103,187.32
108,103,184.32
109,103,181.08
110,103,232.93
111,103,228.52
112,103,223.91
113,103,219.15
114,103,214.28
115,103,137.34
116,103,133.8
117,103,130.3
118,103,126.86
119,103,123.52
120,103,173.19
121,103,168.72
122,103,164.38
123,103,160.18
124,103,156.13
125,103,75.27
126,103,75.1
127,103,74.93
128,103,74.77
129,103,74.62
130,103,74.47
131,103,74.33
132,103,74.19
133,103,178.43
134,103,174.42
135,103,151.64
136,103,148.68
137,103,145.88
138,103,143.25
139,103,140.77
140,103,134.45
141,103,132.39
142,103,130.46
143,103,128.65
144,103,126.95
145,103,84.72
146,103,84.47
147,103,84.25
148,103,84.04
149,103,83.86
150,103,84.02
151,103,83.95
152,103,137.59
153,103,136.17
154,103,134.86
155,103,114.2
156,103,113.47
157,103,112.81
158,103,112.2
159,103,111.65
160,103,124.14
161,103,123.5
162,103,122.92
163,103,122.4
164,103,121.94
165,103,108.25
166,103,108.03
167,103,107.84
168,103,107.7
169,103,107.58
170,103,97.96
171,103,97.97
172,103,97.99
173,103,98.04
174,103,98.11
175,103,83.91
176,103,84.09
177,103,91.24
178,103,91.39
179,103,91.55
180,103,105.96
181,103,106.11
182,103,76.95
183,103,77.16
184,103,77.39
185,103,77.61
186,103,77.84
187,103,78.08
188,103,78.31
189,103,78.55
190,103,114.92
191,103,115.14
192,103,115.37
193,103,115.61
194,103,115.84
195,103,111.07
196,103,111.32
197,103,111.56
198,103,111.81
199,103,112.06
0,104,89.76
1,104,81.31
2,104,81.57
3,104,81.82
4,104,82.07
5,104,82.32
6,104,82.57
7,104,82.81
8,104,83.06
9,104,91.3
10,104,107.62
11,104,107.87
12,104,108.12
13,104,108.37
14,104,108.62
15,104,127.04
16,104,127.31
17,104,127.59
18,104,127.87
19,104,128.15
20,104,112.13
21,104,112.38
22,104,112.63
23,104,112.89
24,104,113.14
25,104,96.71
26,104,96.89
27,104,134.88
28,104,135.27
29,104,135.68
30,104,111.57
31,104,111.84
32,104,112.12
33,104,112.4
34,104,112.7
35,104,96.22
36,104,96.34
37,104,96.44
38,104,96.55
39,104,96.64
40,104,121.93
41,104,122.45
42,104,123.01
43,104,123.6
44,104,124.24
45,104,134.17
46,104,135.11
47,104,136.11
48,104,137.18
49,104,138.32
50,104,97.83
51,104,97.86
52,104,113.66
53,104,114.28
54,104,114.95
55,104,88.95
56,104,88.91
57,104,88.85
58,104,88.79
59,104,88.72
60,104,88.65
61,104,88.56
62,104,88.47
63,104,133.42
64,104,135.27
65,104,171.47
66,104,174.79
67,104,178.3
68,104,181.98
69,104,185.86
70,104,198.59
71,104,203.12
72,104,207.84
73,104,212.74
74,104,217.81
75,104,95.84
76,104,95.79
77,104,123.34
78,104,125.96
79,104,128.71
80,104,243.37
81,104,249.01
82,104,254.65
83,104,260.28
84,104,265.85
85,104,146.78
86,104,149.84
87,104,152.84
88,104,155.75
89,104,158.53
90,104,189.04
91,104,191.82
92,104,194.36
93,104,196.62
94,104,198.58
95,104,171.01
96,104,172.13
97,104,172.93
98,104,173.38
99,104,173.49
100,104,100.55
101,104,100.27
102,104,319.04
103,104,317.16
104,104,314.76
105,104,191.03
106,104,188.62
107,104,185.93
108,104,182.97
109,104,179.77
110,104,231.38
111,104,227.02
112,104,222.48
113,104,217.77
114,104,212.96
115,104,136.45
116,104,132.96
117,104,129.5
118,104,126.11
119,104,122.81
120,104,172.26
121,104,167.84
122,104,163.54
123,104,159.38
124,104,155.37
125,104,89.82
126,104,75.12
127,104,74.95
128,104,74.79
129,104,74.64
130,104,74.49
131,104,74.35
132,104,74.22
133,104,74.09
134,104,173.67
135,104,150.99
136,104,148.04
137,104,145.26
138,104,142.64
139,104,140.17
140,104,133.88
141,104,131.83
142,104,129.91
143,104,128.12
144,104,126.43
145,104,84.33
146,104,84.09
147,104,83.87
148,104,83.68
149,104,83.51
150,104,84.02
151,104,83.95
152,104,137.18
153,104,135.79
154,104,134.5
155,104,113.89
156,104,113.19
157,104,112.54
158,104,111.96
159,104,111.42
160,104,123.93
161,104,123.3
162,104,122.74
163,104,122.24
164,104,121.8
165,104,108.13
166,104,107.93
167,104,107.76
168,104,107.62
169,104,107.52
170,104,97.91
171,104,97.93
172,104,97.96
173,104,98.02
174,104,98.09
175,104,83.93
176,104,84.12
177,104,91.24
178,104,91.39
179,104,91.56
180,104,105.97
181,104,76.75
182,104,76.97
183,104,77.19
184,104,77.41
185,104,77.64
186,104,77.87
187,104,78.1
188,104,78.34
189,104,126.77
190,104,114.94
191,104,115.16
192,104,115.39
193,104,115.63
194,104,115.87
195,104,111.1
196,104,111.34
197,104,111.59
198,104,111.83
199,104,112.08
0,105,89.09
1,105,89.34
2,105,81.6
3,105,81.85
4,105,82.1
5,105,82.35
6,105,82.6
7,105,82.84
8,105,83.09
9,105,83.33
10,105,130.75
11,105,131.02
12,105,131.29
13,105,131.56
14,105,131.84
15,105,98.8
16,105,99.03
17,105,99.26
18,105,99.48
19,105,99.71
20,105,121.33
21,105,121.6
22,105,121.88
23,105,122.17
24,105,122.46
25,105,96.69
26,105,96.87
27,105,133.84
28,105,134.23
29,105,134.64
30,105,136.13
31,105,136.59
32,105,137.07
33,105,137.59
34,105,138.13
35,105,126.42
36,105,126.9
37,105,127.4
38,105,127.94
39,105,128.51
40,105,141.09
41,105,141.94
42,105,142.85
43,105,143.83
44,105,144.88
45,105,97.16
46,105,97.23
47,105,97.31
48,105,97.39
49,105,97.47
50,105,98.09
51,105,98.11
52,105,118.37
53,105,119.13
54,105,89.02
55,105,88.98
56,105,88.93
57,105,88.88
58,105,88.82
59,105,88.75
60,105,88.67
61,105,88.59
62,105,177.56
63,105,180.87
64,105,184.36
65,105,166.16
66,105,169.27
67,105,172.55
68,105,176.01
69,105,179.65
70,105,108.74
71,105,110.3
72,105,112.01
73,105,113.87
74,105,115.87
75,105,99.7
76,105,99.76
77,105,204.33
78,105,209.11
79,105,213.98
80,105,153.79
81,105,157.23
82,105,160.72
83,105,164.24
84,105,167.77
85,105,248.08
86,105,252.95
87,105,257.65
88,105,262.17
89,105,266.46
90,105,159.75
91,105,162.14
92,105,164.32
93,105,166.27
94,105,167.96
95,105,280.53
96,105,282.22
97,105,283.44
98,105,284.18
99,105,284.43
100,105,99.7
101,105,99.43
102,105,301.71
103,105,299.91
104,105,297.63
105,105,323.68
106,105,320.25
107,105,316.36
108,105,312.06
109,105,307.38
110,105,206.72
111,105,202.76
112,105,198.63
113,105,194.37
114,105,190.01
115,105,135.37
116,105,131.94
117,105,128.55
118,105,125.22
119,105,121.97
120,105,242.17
121,105,236.0
122,105,229.93
123,105,223.99
124,105,218.19
125,105,89.46
126,105,89.03
127,105,74.98
128,105,74.82
129,105,74.67
130,105,74.52
131,105,74.38
132,105,74.25
133,105,74.12
134,105,74.0
135,105,129.16
136,105,126.95
137,105,124.88
138,105,122.94
139,105,121.14
140,105,165.0
141,105,161.93
142,105,159.03
143,105,156.3
144,105,153.72
145,105,104.19
146,105,103.34
147,105,102.56
148,105,101.83
149,105,101.16
150,105,83.16
151,105,83.11
152,105,120.19
153,105,119.22
154,105,118.32
155,105,130.41
156,105,129.38
157,105,128.44
158,105,127.58
159,105,126.8
160,105,124.91
161,105,124.29
162,105,123.73
163,105,123.23
164,105,122.79
165,105,82.61
166,105,82.68
167,105,82.75
168,105,82.84
169,105,82.94
170,105,83.04
171,105,83.16
172,105,83.29
173,105,83.43
174,105,83.58
175,105,85.1
176,105,85.28
177,105,113.79
178,105,113.88
179,105,113.99
180,105,76.57
181,105,76.78
182,105,77.0
183,105,77.22
184,105,77.44
185,105,77.67
186,105,77.9
187,105,78.13
188,105,106.49
189,105,106.71
190,105,115.97
191,105,116.2
192,105,116.43
193,105,116.66
194,105,116.9
195,105,120.14
196,105,120.38
197,105,120.63
198,105,120.87
199,105,121.12
0,106,89.13
1,106,89.38
2,106,89.63
3,106,81.88
4,106,82.13
5,106,82.38
6,106,82.63
7,106,82.88
8,106,83.13
9,106,83.37
10,106,83.61
11,106,131.06
12,106,131.32
13,106,131.6
14,106,131.87
15,106,98.83
16,106,99.06
17,106,99.29
18,106,99.52
19,106,99.74
20,106,121.36
21,106,121.63
22,106,121.91
23,106,122.19
24,106,122.48
25,106,96.72
26,106,96.91
27,106,133.86
28,106,134.25
29,106,134.65
30,106,136.14
31,106,136.59
32,106,137.08
33,106,137.59
34,106,138.13
35,106,126.43
36,106,126.9
37,106,127.4
38,106,127.93
39,106,128.49
40,106,141.05
41,106,141.9
42,106,142.8
43,106,143.77
44,106,144.8
45,106,97.19
46,106,97.26
47,106,97.34
48,106,97.42
49,106,97.5
50,106,98.12
51,106,98.14
52,106,118.32
53,106,89.08
54,106,89.05
55,106,89.02
56,106,88.97
57,106,88.92
58,106,88.86
59,106,88.79
60,106,88.71
61,106,173.99
62,106,177.07
63,106,180.34
64,106,183.78
65,106,165.65
66,106,168.71
67,106,171.94
68,106,175.35
69,106,178.93
70,106,108.44
71,106,109.97
72,106,111.63
73,106,113.43
74,106,115.39
75,106,99.68
76,106,99.73
77,106,203.07
78,106,207.76
79,106,212.53
80,106,152.73
81,106,156.08
82,106,159.49
83,106,162.93
84,106,166.37
85,106,246.01
86,106,250.77
87,106,255.38
88,106,259.81
89,106,264.01
90,106,158.08
91,106,160.41
92,106,162.53
93,106,164.42
94,106,166.06
95,106,277.7
96,106,279.35
97,106,280.55
98,106,281.26
99,106,281.5
100,106,99.58
101,106,99.31
102,106,298.66
103,106,296.89
104,106,294.64
105,106,320.51
106,106,317.14
107,106,313.33
108,106,309.1
109,106,304.5
110,106,204.67
111,106,200.79
112,106,196.74
113,106,192.57
114,106,188.3
115,106,134.13
116,106,130.77
117,106,127.45
118,106,124.19
119,106,121.01
120,106,240.37
121,106,234.3
122,106,228.32
123,106,222.46
124,106,216.75
125,106,89.43
126,106,89.0
127,106,194.5
128,106,74.86
129,106,74.71
130,106,74.56
131,106,74.42
132,106,74.28
133,106,74.16
134,106,74.04
135,106,73.92
136,106,73.82
137,106,124.34
138,106,122.42
139,106,120.64
140,106,164.29
141,106,161.25
142,106,158.38
143,106,155.68
144,106,153.13
145,106,103.82
146,106,102.99
147,106,102.22
148,106,101.51
149,106,100.85
150,106,83.17
151,106,83.13
152,106,119.87
153,106,118.92
154,106,118.04
155,106,130.12
156,106,129.12
157,106,128.2
158,106,127.37
159,106,126.6
160,106,124.74
161,106,124.13
162,106,123.59
163,106,123.11
164,106,122.68
165,106,82.56
166,106,82.63
167,106,82.72
168,106,82.81
169,106,82.92
170,106,83.03
171,106,83.16
172,106,83.29
173,106,83.43
174,106,83.59
175,106,85.13
176,106,85.31
177,106,113.8
178,106,113.9
179,106,76.4
180,106,76.61
181,106,76.82
182,106,77.04
183,106,77.25
184,106,77.48
185,106,77.7
186,106,77.93
187,106,106.3
188,106,106.52
189,106,106.74
190,106,116.0
191,106,116.23
192,106,116.46
193,106,116.69
194,106,116.93
195,106,120.18
196,106,120.42
197,106,120.66
198,106,120.91
199,106,121.16
0,107,89.17
1,107,89.42
2,107,89.67
3,107,89.92
4,107,82.18
5,107,82.43
6,107,82.67
7,107,82.92
8,107,83.17
9,107,83.41
10,107,83.65
11,107,83.89
12,107,131.36
13,107,131.63
14,107,131.91
15,107,98.87
16,107,99.1
17,107,99.33
18,107,99.56
19,107,99.78
20,107,121.39
21,107,121.67
22,107,121.94
23,107,122.23
24,107,122.52
25,107,96.76
26,107,96.95
27,107,133.88
28,107,134.26
29,107,134.67
30,107,136.15
31,107,136.6
32,107,137.08
33,107,137.59
34,107,138.12
35,107,126.43
36,107,126.9
37,107,127.39
38,107,127.92
39,107,128.48
40,107,141.01
41,107,141.84
42,107,142.73
43,107,143.69
44,107,144.72
45,107,97.23
46,107,97.3
47,107,97.37
48,107,97.45
49,107,97.53
50,107,98.16
51,107,98.18
52,107,89.15
53,107,89.13
54,107,89.1
55,107,89.06
56,107,89.01
57,107,88.96
58,107,88.9
59,107,88.83
60,107,170.59
61,107,173.47
62,107,176.51
63,107,179.72
64,107,183.11
65,107,165.07
66,107,168.07
67,107,171.25
68,107,174.59
69,107,178.11
70,107,108.11
71,107,109.58
72,107,111.19
73,107,112.94
74,107,114.83
75,107,99.66
76,107,99.7
77,107,201.63
78,107,206.21
79,107,210.88
80,107,151.53
81,107,154.78
82,107,158.09
83,107,161.43
84,107,164.78
85,107,243.64
86,107,248.29
87,107,252.79
88,107,257.11
89,107,261.21
90,107,156.19
91,107,158.44
92,107,160.5
93,107,162.33
94,107,163.91
95,107,274.48
96,107,276.09
97,107,277.24
98,107,277.94
99,107,278.16
100,107,99.45
101,107,99.17
102,107,295.17
103,107,293.44
104,107,291.24
105,107,316.9
106,107,313.6
107,107,309.86
108,107,305.72
109,107,301.21
110,107,202.35
111,107,198.56
112,107,194.6
113,107,190.53
114,107,186.35
115,107,132.72
116,107,129.46
117,107,126.22
118,107,123.05
119,107,119.95
120,107,238.33
121,107,232.37
122,107,226.5
123,107,220.75
124,107,215.13
125,107,89.39
126,107,88.97
127,107,193.19
128,107,188.43
129,107,74.75
130,107,74.6
131,107,74.46
132,107,74.32
133,107,74.2
134,107,74.08
135,107,73.96
136,107,73.86
137,107,73.76
138,107,121.9
139,107,120.14
140,107,163.56
141,107,160.55
142,107,157.72
143,107,155.05
144,107,152.54
145,107,103.49
146,107,102.67
147,107,101.92
148,107,101.22
149,107,100.58
150,107,83.2
151,107,83.15
152,107,119.58
153,107,118.65
154,107,117.79
155,107,129.86
156,107,128.88
157,107,127.98
158,107,127.17
159,107,126.42
160,107,124.58
161,107,123.99
162,107,123.47
163,107,123.0
164,107,122.59
165,107,82.52
166,107,82.6
167,107,82.7
168,107,82.8
169,107,82.91
170,107,83.03
171,107,83.16
172,107,83.3
173,107,83.45
174,107,83.6
175,107,85.17
176,107,85.35
177,107,76.05
178,107,76.24
179,107,76.44
180,107,76.65
181,107,76.86
182,107,77.08
183,107,77.3
184,107,77.52
185,107,77.75
186,107,106.13
187,107,106.34
188,107,106.56
189,107,106.78
190,107,116.04
191,107,116.27
192,107,116.5
193,107,116.73
194,107,116.97
195,107,120.22
196,107,120.46
197,107,120.7
198,107,120.95
199,107,121.2
0,108,89.21
1,108,89.47
2,108,89.72
3,108,89.97
4,108,90.22
5,108,82.47
6,108,82.72
7,108,82.97
8,108,83.21
9,108,83.46
10,108,83.7
11,108,83.94
12,108,84.17
13,108,131.68
14,108,131.95
15,108,98.92
16,108,99.15
17,108,99.38
18,108,99.6
19,108,99.83
20,108,121.43
21,108,121.71
22,108,121.98
23,108,122.26
24,108,122.55
25,108,96.81
26,108,96.99
27,108,133.91
28,108,134.29
29,108,134.68
30,108,136.17
31,108,136.61
32,108,137.09
33,108,137.59
34,108,138.12
35,108,126.44
36,108,126.9
37,108,127.39
38,108,127.91
39,108,128.46
40,108,140.96
41,108,141.78
42,108,142.66
43,108,143.61
44,108,144.62
45,108,97.27
46,108,97.34
47,108,97.41
48,108,97.49
49,108,97.57
50,108,89.21
51,108,89.21
52,108,89.19
53,108,89.17
54,108,89.14
55,108,89.11
56,108,89.06
57,108,89.01
58,108,88.94
59,108,126.52
60,108,170.06
61,108,172.89
62,108,175.88
63,108,179.03
64,108,182.35
65,108,164.42
66,108,167.36
67,108,170.47
68,108,173.74
69,108,177.18
70,108,107.74
71,108,109.16
72,108,110.71
73,108,112.4
74,108,114.22
75,108,99.63
76,108,99.67
77,108,200.02
78,108,204.48
79,108,209.03
80,108,150.19
81,108,153.34
82,108,156.55
83,108,159.78
84,108,163.02
85,108,241.0
86,108,245.52
87,108,249.9
88,108,254.1
89,108,258.09
90,108,154.09
91,108,156.26
92,108,158.24
93,108,160.0
94,108,161.53
95,108,270.89
96,108,272.45
97,108,273.57
98,108,274.24
99,108,274.45
100,108,99.3
101,108,99.02
102,108,291.29
103,108,289.6
104,108,287.45
105,108,312.87
106,108,309.64
107,108,305.99
108,108,301.95
109,108,297.54
110,108,199.78
111,108,196.08
112,108,192.23
113,108,188.26
114,108,184.2
115,108,131.18
116,108,128.01
117,108,124.88
118,108,121.79
119,108,118.78
120,108,236.07
121,108,230.24
122,108,224.49
123,108,218.85
124,108,213.34
125,108,89.36
126,108,88.94
127,108,191.76
128,108,187.09
129,108,182.61
130,108,74.65
131,108,74.51
132,108,74.37
133,108,74.24
134,108,74.12
135,108,74.01
136,108,73.9
137,108,73.81
138,108,73.71
139,108,119.65
140,108,162.8
141,108,159.84
142,108,157.05
143,108,154.42
144,108,151.95
145,108,103.18
146,108,102.38
147,108,101.64
148,108,100.96
149,108,100.34
150,108,83.22
151,108,83.18
152,108,119.31
153,108,118.4
154,108,117.56
155,108,129.61
156,108,128.65
157,108,127.78
158,108,126.98
159,108,126.26
160,108,124.43
161,108,123.86
162,108,123.36
163,108,122.91
164,108,122.51
165,108,82.5
166,108,82.59
167,108,82.69
168,108,82.8
169,108,82.92
170,108,83.04
171,108,83.18
172,108,83.32
173,108,83.47
174,108,83.63
175,108,85.22
176,108,75.9
177,108,76.09
178,108,76.29
179,108,76.49
180,108,76.7
181,108,76.91
182,108,77.12
183,108,77.34
184,108,77.57
185,108,105.97
186,108,106.17
187,108,106.38
188,108,106.6
189,108,106.82
190,108,116.09
191,108,116.31
192,108,116.54
193,108,116.78
194,108,117.02
195,108,120.26
196,108,120.51
197,108,120.75
198,108,121.0
199,108,121.24
0,109,89.27
1,109,89.52
2,109,89.77
3,109,90.02
4,109,90.28
5,109,106.56
6,109,82.77
7,109,83.02
8,109,83.27
9,109,83.51
10,109,83.75
11,109,83.99
12,109,84.23
13,109,84.46
14,109,84.69
15,109,98.97
16,109,99.2
17,109,99.43
18,109,99.66
19,109,99.88
20,109,121.48
21,109,121.75
22,109,122.03
23,109,122.31
24,109,122.59
25,109,96.86
26,109,97.04
27,109,133.94
28,109,134.31
29,109,134.7
30,109,136.18
31,109,136.62
32,109,137.09
33,109,137.59
34,109,138.11
35,109,126.44
36,109,126.9
37,109,127.38
38,109,127.9
39,109,128.44
40,109,140.9
41,109,141.71
42,109,142.58
43,109,143.51
44,109,144.51
45,109,97.32
46,109,97.39
47,109,97.46
48,109,97.53
49,109,89.27
50,109,89.27
51,109,89.26
52,109,89.25
53,109,89.23
54,109,89.2
55,109,89.16
56,109,89.11
57,109,89.06
58,109,125.12
59,109,126.29
60,109,169.48
61,109,172.25
62,109,175.18
63,109,178.27
64,109,181.52
65,109,163.7
66,109,166.58
67,109,169.61
68,109,172.81
69,109,176.17
70,109,107.35
71,109,108.71
72,109,110.19
73,109,111.81
74,109,113.56
75,109,99.61
76,109,99.64
77,109,198.25
78,109,202.59
79,109,207.01
80,109,148.74
81,109,151.77
82,109,154.86
83,109,157.98
84,109,161.1
85,109,238.11
86,109,242.49
87,109,246.74
88,109,250.81
89,109,254.67
90,109,151.82
91,109,153.9
92,109,155.8
93,109,157.49
94,109,158.94
95,109,266.97
96,109,268.47
97,109,269.55
98,109,270.19
99,109,270.39
100,109,99.13
101,109,98.86
102,109,287.05
103,109,285.4
104,109,283.3
105,109,308.46
106,109,305.32
107,109,301.76
108,109,297.82
109,109,293.53
110,109,196.97
111,109,193.39
112,109,189.65
113,109,185.8
114,109,181.86
115,109,129.52
116,109,126.45
117,109,123.42
118,109,120.44
119,109,117.53
120,109,233.61
121,109,227.91
122,109,222.29
123,109,216.79
124,109,211.4
125,109,89.32
126,109,88.91
127,109,190.22
128,109,185.65
129,109,181.26
130,109,155.49
131,109,74.56
132,109,74.43
133,109,74.3
134,109,74.18
135,109,74.06
136,109,73.96
137,109,73.86
138,109,73.77
139,109,73.68
140,109,162.02
141,109,159.11
142,109,156.36
143,109,153.78
144,109,151.35
145,109,102.9
146,109,102.11
147,109,101.39
148,109,100.73
149,109,100.12
150,109,83.26
151,109,83.22
152,109,119.05
153,109,118.16
154,109,117.34
155,109,129.37
156,109,128.44
157,109,127.58
158,109,126.81
159,109,126.11
160,109,124.3
161,109,123.75
162,109,123.26
163,109,122.82
164,109,122.44
165,109,82.5
166,109,82.6
167,109,82.7
168,109,82.81
169,109,82.93
170,109,83.07
171,109,83.2
172,109,83.35
173,109,83.51
174,109,83.67
175,109,75.77
176,109,75.96
177,109,76.15
178,109,76.34
179,109,76.55
180,109,76.75
181,109,76.96
182,109,77.18
183,109,77.4
184,109,107.83
185,109,106.01
186,109,106.22
187,109,106.43
188,109,106.65
189,109,106.88
190,109,116.14
191,109,116.36
192,109,116.6
193,109,116.83
194,109,117.07
195,109,120.32
196,109,120.56
197,109,120.8
198,109,121.05
199,109,121.3
0,110,89.98
1,110,90.23
2,110,102.85
3,110,103.1
4,110,103.36
5,110,90.58
6,110,90.83
7,110,83.08
8,110,83.33
9,110,83.57
10,110,83.81
11,110,84.05
12,110,84.29
13,110,84.52
14,110,84.75
15,110,84.98
16,110,106.33
17,110,106.57
18,110,106.81
19,110,107.05
20,110,116.44
21,110,116.7
22,110,116.96
23,110,117.22
24,110,117.49
25,110,96.4
26,110,96.58
27,110,123.53
28,110,123.85
29,110,124.17
30,110,129.82
31,110,130.22
32,110,130.63
33,110,131.06
34,110,131.52
35,110,120.9
36,110,121.29
37,110,121.7
38,110,122.13
39,110,122.58
40,110,96.99
41,110,97.08
42,110,97.15
43,110,97.23
44,110,97.3
45,110,97.37
46,110,97.44
47,110,97.51
48,110,89.31
49,110,89.32
50,110,89.33
51,110,89.32
52,110,89.31
53,110,89.28
54,110,89.25
55,110,89.22
56,110,89.17
57,110,120.24
58,110,121.18
59,110,122.2
60,110,149.04
61,110,151.08
62,110,153.26
63,110,155.56
64,110,158.0
65,110,148.89
66,110,151.22
67,110,153.7
68,110,156.31
69,110,159.07
70,110,156.47
71,110,159.34
72,110,162.36
73,110,165.52
74,110,168.81
75,110,97.34
76,110,97.3
77,110,149.02
78,110,151.96
79,110,155.0
80,110,125.3
81,110,127.7
82,110,130.16
83,110,132.66
84,110,135.18
85,110,287.7
86,110,292.89
87,110,297.89
88,110,302.67
89,110,307.19
90,110,307.04
91,110,310.88
92,110,314.36
93,110,317.45
94,110,320.12
95,110,189.42
96,110,190.47
97,110,191.21
98,110,191.63
99,110,191.71
100,110,101.51
101,110,101.23
102,110,333.37
103,110,331.57
104,110,329.26
105,110,226.3
106,110,223.85
107,110,221.1
108,110,218.06
109,110,214.77
110,110,142.1
111,110,139.36
112,110,136.53
113,110,133.64
114,110,130.7
115,110,159.57
116,110,155.99
117,110,152.42
118,110,148.87
119,110,145.39
120,110,149.09
121,110,145.58
122,110,142.18
123,110,138.9
124,110,135.73
125,110,84.46
126,110,84.2
127,110,97.78
128,110,96.07
129,110,94.5
130,110,175.7
131,110,171.76
132,110,74.48
133,110,74.36
134,110,74.24
135,110,74.12
136,110,74.02
137,110,73.92
138,110,73.83
139,110,73.74
140,110,73.67
141,110,73.6
142,110,130.5
143,110,128.75
144,110,127.1
145,110,123.93
146,110,122.55
147,110,121.26
148,110,120.06
149,110,118.95
150,110,83.37
151,110,83.33
152,110,120.17
153,110,119.27
154,110,118.44
155,110,102.42
156,110,102.02
157,110,101.67
158,110,101.35
159,110,101.07
160,110,82.15
161,110,82.21
162,110,82.27
163,110,82.34
164,110,82.42
165,110,111.07
166,110,110.9
167,110,110.77
168,110,110.66
169,110,110.59
170,110,120.04
171,110,119.97
172,110,119.92
173,110,75.47
174,110,75.65
175,110,75.83
176,110,76.01
177,110,76.21
178,110,76.4
179,110,76.6
180,110,76.81
181,110,77.02
182,110,77.24
183,110,92.54
184,110,92.75
185,110,85.91
186,110,86.14
187,110,86.37
188,110,86.61
189,110,86.85
190,110,97.12
191,110,97.36
192,110,97.6
193,110,97.84
194,110,98.09
195,110,88.32
196,110,88.57
197,110,88.82
198,110,89.07
199,110,89.33
0,111,90.04
1,111,90.29
2,111,102.91
3,111,103.17
4,111,103.42
5,111,90.65
6,111,90.9
7,111,91.14
8,111,83.39
9,111,83.63
10,111,83.88
11,111,84.11
12,111,84.35
13,111,84.58
14,111,84.81
15,111,85.04
16,111,85.26
17,111,106.63
18,111,106.87
19,111,107.11
20,111,116.5
21,111,116.76
22,111,117.01
23,111,117.27
24,111,117.54
25,111,96.47
26,111,96.65
27,111,123.57
28,111,123.89
29,111,124.21
30,111,129.85
31,111,130.24
32,111,130.65
33,111,131.07
34,111,131.52
35,111,120.92
36,111,121.31
37,111,121.71
38,111,122.13
39,111,122.58
40,111,97.05
41,111,97.14
42,111,97.22
43,111,97.29
44,111,97.36
45,111,97.43
46,111,89.34
47,111,89.36
48,111,89.38
49,111,89.39
50,111,89.39
51,111,89.38
52,111,89.37
53,111,89.35
54,111,89.32
55,111,89.28
56,111,119.21
57,111,120.06
58,111,120.97
59,111,121.96
60,111,148.53
61,111,150.53
62,111,152.65
63,111,154.89
64,111,157.26
65,111,148.21
66,111,150.47
67,111,152.87
68,111,155.4
69,111,158.08
70,111,155.45
71,111,158.23
72,111,161.15
73,111,164.2
74,111,167.38
75,111,97.34
76,111,97.3
77,111,147.6
78,111,150.43
79,111,153.34
80,111,123.94
81,111,126.22
82,111,128.56
83,111,130.94
84,111,133.34
85,111,283.66
86,111,288.68
87,111,293.51
88,111,298.13
89,111,302.5
90,111,302.26
91,111,305.97
92,111,309.33
93,111,312.31
94,111,314.88
95,111,186.0
96,111,187.0
97,111,187.7
98,111,188.08
99,111,188.15
100,111,101.29
101,111,101.01
102,111,327.79
103,111,326.04
104,111,323.8
105,111,222.35
106,111,219.99
107,111,217.33
108,111,214.4
109,111,211.22
110,111,139.65
111,111,137.03
112,111,134.32
113,111,131.54
114,111,128.72
115,111,157.28
116,111,153.83
117,111,150.39
118,111,146.98
119,111,143.62
120,111,147.35
121,111,143.97
122,111,140.68
123,111,137.51
124,111,134.45
125,111,84.48
126,111,84.22
127,111,97.14
128,111,95.49
129,111,93.98
130,111,174.29
131,111,170.45
132,111,166.77
133,111,74.42
134,111,74.3
135,111,74.19
136,111,74.08
137,111,73.98
138,111,73.89
139,111,73.81
140,111,73.73
141,111,73.66
142,111,73.6
143,111,128.27
144,111,126.66
145,111,123.54
146,111,122.18
147,111,120.92
148,111,119.75
149,111,118.67
150,111,83.42
151,111,83.38
152,111,119.93
153,111,119.06
154,111,118.25
155,111,102.3
156,111,101.92
157,111,101.58
158,111,101.28
159,111,101.01
160,111,82.15
161,111,82.21
162,111,82.28
163,111,82.36
164,111,82.44
165,111,111.05
166,111,110.89
167,111,110.76
168,111,110.67
169,111,110.6
170,111,120.05
171,111,119.98
172,111,75.37
173,111,75.54
174,111,75.71
175,111,75.89
176,111,76.08
177,111,76.27
178,111,76.47
179,111,76.67
180,111,76.87
181,111,77.09
182,111,92.39
183,111,92.6
184,111,92.81
185,111,85.98
186,111,86.2
187,111,86.44
188,111,86.67
189,111,86.91
190,111,97.19
191,111,97.42
192,111,97.67
193,111,97.91
194,111,98.15
195,111,88.38
196,111,88.64
197,111,88.89
198,111,89.14
199,111,89.39
0,112,90.11
1,112,90.36
2,112,102.98
3,112,103.24
4,112,103.49
5,112,90.72
6,112,90.97
7,112,91.22
8,112,91.46
9,112,83.7
10,112,83.95
11,112,84.18
12,112,84.42
13,112,84.65
14,112,84.88
15,112,85.11
16,112,85.33
17,112,85.55
18,112,85.77
19,112,107.17
20,112,116.56
21,112,116.82
22,112,117.07
23,112,117.33
24,112,117.6
25,112,96.53
26,112,96.72
27,112,123.62
28,112,123.93
29,112,124.25
30,112,129.88
31,112,130.26
32,112,130.67
33,112,131.09
34,112,131.53
35,112,120.94
36,112,121.32
37,112,121.72
38,112,122.14
39,112,122.58
40,112,97.12
41,112,97.21
42,112,97.28
43,112,97.36
44,112,97.43
45,112,89.37
46,112,89.41
47,112,89.43
48,112,89.45
49,112,89.46
50,112,89.46
51,112,89.46
52,112,89.44
53,112,89.42
54,112,89.39
55,112,118.28
56,112,119.05
57,112,119.87
58,112,120.76
59,112,121.71
60,112,148.0
61,112,149.94
62,112,152.0
63,112,154.18
64,112,156.48
65,112,147.48
66,112,149.67
67,112,152.0
68,112,154.45
69,112,157.03
70,112,154.37
71,112,157.06
72,112,159.87
73,112,162.81
74,112,165.87
75,112,97.35
76,112,97.3
77,112,146.12
78,112,148.82
79,112,151.6
80,112,122.54
81,112,124.7
82,112,126.91
83,112,129.16
84,112,131.43
85,112,279.41
86,112,284.24
87,112,288.9
88,112,293.35
89,112,297.55
90,112,297.23
91,112,300.79
92,112,304.02
93,112,306.89
94,112,309.36
95,112,182.43
96,112,183.37
97,112,184.03
98,112,184.39
99,112,184.44
100,112,101.06
101,112,100.79
102,112,321.92
103,112,320.22
104,112,318.05
105,112,218.23
106,112,215.95
107,112,213.39
108,112,210.57
109,112,207.51
110,112,137.11
111,112,134.61
112,112,132.02
113,112,129.36
114,112,126.67
115,112,154.89
116,112,151.58
117,112,148.27
118,112,145.0
119,112,141.77
120,112,145.53
121,112,142.28
122,112,139.12
123,112,136.06
124,112,133.12
125,112,84.51
126,112,84.25
127,112,96.49
128,112,94.91
129,112,93.46
130,112,172.82
131,112,169.07
132,112,165.5
133,112,162.08
134,112,74.37
135,112,74.26
136,112,74.15
137,112,74.05
138,112,73.96
139,112,73.88
140,112,73.8
141,112,73.73
142,112,73.67
143,112,73.62
144,112,73.57
145,112,123.14
146,112,121.82
147,112,120.59
148,112,119.45
149,112,118.39
150,112,83.47
151,112,83.43
152,112,119.71
153,112,118.85
154,112,118.07
155,112,102.21
156,112,101.84
157,112,101.51
158,112,101.22
159,112,100.97
160,112,82.17
161,112,82.23
162,112,82.3
163,112,82.39
164,112,82.48
165,112,111.04
166,112,110.89
167,112,110.77
168,112,110.68
169,112,110.62
170,112,75.12
171,112,75.27
172,112,75.44
173,112,75.61
174,112,75.78
175,112,75.96
176,112,76.15
177,112,76.34
178,112,76.54
179,112,76.74
180,112,76.94
181,112,92.26
182,112,92.46
183,112,92.67
184,112,92.88
185,112,86.04
186,112,86.27
187,112,86.51
188,112,86.74
189,112,86.98
190,112,97.26
191,112,97.49
192,112,97.73
193,112,97.98
194,112,98.22
195,112,88.45
196,112,88.71
197,112,88.96
198,112,89.21
199,112,89.46
0,113,90.19
1,113,90.44
2,113,103.06
3,113,103.31
4,113,103.57
5,113,90.79
6,113,91.04
7,113,91.29
8,113,91.54
9,113,91.78
10,113,84.02
11,113,84.26
12,113,84.5
13,113,84.73
14,113,84.96
15,113,85.19
16,113,85.41
17,113,85.63
18,113,85.84
19,113,86.05
20,113,86.26
21,113,116.88
22,113,117.14
23,113,117.4
24,113,117.66
25,113,96.61
26,113,96.79
27,113,123.67
28,113,123.98
29,113,124.29
30,113,129.92
31,113,130.29
32,113,130.69
33,113,131.1
34,113,131.54
35,113,120.97
36,113,121.34
37,113,121.73
38,113,122.14
39,113,122.57
40,113,97.2
41,113,97.28
42,113,97.36
43,113,89.36
44,113,89.41
45,113,89.45
46,113,89.48
47,113,89.51
48,113,89.52
49,113,89.53
50,113,89.54
51,113,89.53
52,113,89.52
53,113,89.49
54,113,152.66
55,113,118.13
56,113,118.87
57,113,119.67
58,113,120.53
59,113,121.45
60,113,147.44
61,113,149.32
62,113,151.32
63,113,153.43
64,113,155.66
65,113,146.72
66,113,148.84
67,113,151.08
68,113,153.44
69,113,155.93
70,113,153.25
71,113,155.83
72,113,158.53
73,113,161.36
74,113,164.3
75,113,97.36
76,113,97.3
77,113,144.59
78,113,147.16
79,113,149.81
80,113,121.1
81,113,123.13
82,113,125.22
83,113,127.33
84,113,129.47
85,113,274.96
86,113,279.61
87,113,284.08
88,113,288.36
89,113,292.39
90,113,291.98
91,113,295.4
92,113,298.5
93,113,301.24
94,113,303.61
95,113,178.75
96,113,179.63
97,113,180.25
98,113,180.58
99,113,180.62
100,113,100.83
101,113,100.55
102,113,315.79
103,113,314.15
104,113,312.06
105,113,213.95
106,113,211.76
107,113,209.31
108,113,206.6
109,113,203.67
110,113,134.51
111,113,132.12
112,113,129.66
113,113,127.13
114,113,124.57
115,113,152.42
116,113,149.25
117,113,146.09
118,113,142.96
119,113,139.87
120,113,143.66
121,113,140.54
122,113,137.51
123,113,134.58
124,113,131.75
125,113,84.54
126,113,84.29
127,113,95.83
128,113,94.33
129,113,92.94
130,113,171.28
131,113,167.65
132,113,164.17
133,113,160.86
134,113,157.7
135,113,74.33
136,113,74.23
137,113,74.13
138,113,74.04
139,113,73.95
140,113,73.88
141,113,73.81
142,113,73.75
143,113,73.69
144,113,73.65
145,113,73.61
146,113,121.47
147,113,120.27
148,113,119.16
149,113,118.12
150,113,83.53
151,113,83.49
152,113,119.49
153,113,118.66
154,113,117.9
155,113,102.13
156,113,101.77
157,113,101.45
158,113,101.18
159,113,100.93
160,113,82.2
161,113,82.27
162,113,82.34
163,113,82.43
164,113,82.52
165,113,111.03
166,113,110.89
167,113,110.78
168,113,110.7
169,113,75.04
170,113,75.19
171,113,75.35
172,113,75.51
173,113,75.68
174,113,75.86
175,113,76.04
176,113,76.22
177,113,76.42
178,113,76.61
179,113,76.81
180,113,92.14
181,113,92.33
182,113,92.53
183,113,92.74
184,113,92.95
185,113,86.12
186,113,86.35
187,113,86.58
188,113,86.82
189,113,87.05
190,113,97.33
191,113,97.57
192,113,97.81
193,113,98.05
194,113,98.3
195,113,88.53
196,113,88.78
197,113,89.03
198,113,89.28
199,113,89.54
0,114,90.27
1,114,90.52
2,114,103.14
3,114,103.39
4,114,103.65
5,114,90.88
6,114,91.12
7,114,91.37
8,114,91.62
9,114,91.86
10,114,125.23
11,114,84.34
12,114,84.58
13,114,84.81
14,114,85.04
15,114,85.27
16,114,85.49
17,114,85.71
18,114,85.92
19,114,86.13
20,114,86.34
21,114,86.54
22,114,86.74
23,114,117.47
24,114,117.72
25,114,96.69
26,114,96.87
27,114,123.73
28,114,124.03
29,114,124.34
30,114,129.95
31,114,130.33
32,114,130.71
33,114,131.12
34,114,131.55
35,114,121.0
36,114,121.36
37,114,121.75
38,114,122.15
39,114,122.57
40,114,97.27
41,114,89.31
42,114,89.38
43,114,89.44
44,114,89.49
45,114,89.53
46,114,89.56
47,114,89.59
48,114,89.61
49,114,89.62
50,114,89.62
51,114,89.61
52,114,89.6
53,114,150.63
54,114,152.22
55,114,117.98
56,114,118.7
57,114,119.46
58,114,120.29
59,114,121.18
60,114,146.85
61,114,148.68
62,114,150.61
63,114,152.65
64,114,154.81
65,114,145.94
66,114,147.98
67,114,150.13
68,114,152.41
69,114,154.8
70,114,152.09
71,114,154.56
72,114,157.15
73,114,159.86
74,114,162.67
75,114,97.37
76,114,97.31
77,114,143.02
78,114,145.45
79,114,147.97
80,114,119.64
81,114,121.54
82,114,123.5
83,114,125.48
84,114,127.48
85,114,270.36
86,114,274.81
87,114,279.1
88,114,283.19
89,114,287.06
90,114,286.56
91,114,289.83
92,114,292.79
93,114,295.4
94,114,297.66
95,114,174.99
96,114,175.82
97,114,176.38
98,114,176.68
99,114,176.71
100,114,100.58
101,114,100.31
102,114,309.47
103,114,307.88
104,114,305.86
105,114,209.56
106,114,207.47
107,114,205.12
108,114,202.53
109,114,199.72
110,114,131.86
111,114,129.6
112,114,127.26
113,114,124.87
114,114,122.44
115,114,149.9
116,114,146.88
117,114,143.87
118,114,140.88
119,114,137.93
120,114,141.74
121,114,138.76
122,114,135.86
123,114,133.06
124,114,130.35
125,114,84.58
126,114,84.33
127,114,95.18
128,114,93.75
129,114,92.43
130,114,169.7
131,114,166.18
132,114,162.81
133,114,159.6
134,114,156.53
135,114,103.93
136,114,102.73
137,114,74.21
138,114,74.12
139,114,74.03
140,114,73.96
141,114,73.89
142,114,73.83
143,114,73.77
144,114,73.73
145,114,73.69
146,114,73.66
147,114,73.64
148,114,73.62
149,114,117.87
150,114,83.59
151,114,83.56
152,114,119.28
153,114,118.48
154,114,117.74
155,114,102.05
156,114,101.71
157,114,101.41
158,114,101.14
159,114,100.91
160,114,82.24
161,114,82.31
162,114,82.39
163,114,82.48
164,114,82.58
165,114,111.04
166,114,110.9
167,114,74.84
168,114,74.98
169,114,75.12
170,114,75.27
171,114,75.43
172,114,75.59
173,114,75.76
174,114,75.94
175,114,76.12
176,114,76.31
177,114,76.5
178,114,76.69
179,114,101.17
180,114,92.21
181,114,92.41
182,114,92.61
183,114,92.82
184,114,93.03
185,114,86.2
186,114,86.43
187,114,86.66
188,114,86.9
189,114,87.14
190,114,97.41
191,114,97.65
192,114,97.89
193,114,98.13
194,114,98.38
195,114,88.61
196,114,88.86
197,114,89.11
198,114,89.37
199,114,89.62
0,115,90.86
1,115,91.11
2,115,113.23
3,115,113.49
4,115,113.75
5,115,124.02
6,115,124.28
7,115,124.54
8,115,124.8
9,115,125.06
10,115,125.32
11,115,125.58
12,115,84.66
13,115,84.9
14,115,85.13
15,115,85.35
16,115,85.58
17,115,85.8
18,115,86.01
19,115,86.22
20,115,86.43
21,115,86.63
22,115,86.83
23,115,87.02
24,115,87.2
25,115,87.38
26,115,97.42
27,115,133.14
28,115,133.48
29,115,133.84
30,115,106.76
31,115,106.98
32,115,107.19
33,115,107.41
34,115,107.62
35,115,128.72
36,115,129.15
37,115,129.62
38,115,89.16
39,115,89.25
40,115,89.33
41,115,89.4
42,115,89.47
43,115,89.52
44,115,89.57
45,115,89.61
46,115,89.65
47,115,89.67
48,115,89.69
49,115,89.7
50,115,89.7
51,115,89.7
52,115,120.48
53,115,121.16
54,115,121.89
55,115,150.16
56,115,151.8
57,115,153.54
58,115,155.39
59,115,157.34
60,115,157.52
61,115,159.64
62,115,161.88
63,115,164.24
64,115,166.72
65,115,101.13
66,115,101.68
67,115,102.3
68,115,102.99
69,115,103.77
70,115,168.9
71,115,171.81
72,115,174.84
73,115,177.99
74,115,181.24
75,115,96.04
76,115,95.94
77,115,113.21
78,115,114.79
79,115,116.45
80,115,145.15
81,115,147.54
82,115,149.97
83,115,152.4
84,115,154.84
85,115,164.72
86,115,167.21
87,115,169.64
88,115,171.96
89,115,174.18
90,115,196.39
91,115,198.54
92,115,200.48
93,115,202.2
94,115,203.67
95,115,213.31
96,115,214.3
97,115,214.98
98,115,215.36
99,115,215.42
100,115,92.23
101,115,91.97
102,115,141.46
103,115,140.55
104,115,139.44
105,115,175.8
106,115,174.03
107,115,172.04
108,115,169.86
109,115,167.51
110,115,288.32
111,115,284.0
112,115,279.45
113,115,274.71
114,115,269.8
115,115,117.99
116,115,115.69
117,115,113.41
118,115,111.17
119,115,108.98
120,115,123.33
121,115,120.89
122,115,118.52
123,115,116.25
124,115,114.07
125,115,87.65
126,115,87.33
127,115,151.83
128,115,148.81
129,115,145.91
130,115,155.61
131,115,152.59
132,115,149.7
133,115,146.95
134,115,144.33
135,115,148.24
136,115,145.69
137,115,143.27
138,115,74.2
139,115,74.12
140,115,74.04
141,115,73.97
142,115,73.91
143,115,73.86
144,115,73.81
145,115,73.78
146,115,73.75
147,115,73.72
148,115,73.71
149,115,73.7
150,115,73.71
151,115,83.63
152,115,119.08
153,115,118.3
154,115,117.58
155,115,92.04
156,115,91.88
157,115,91.76
158,115,91.65
159,115,91.56
160,115,100.7
161,115,100.54
162,115,100.41
163,115,100.3
164,115,74.56
165,115,74.67
166,115,74.8
167,115,74.93
168,115,75.07
169,115,75.21
170,115,75.36
171,115,75.52
172,115,75.68
173,115,75.85
174,115,76.03
175,115,76.21
176,115,76.39
177,115,84.6
178,115,84.79
179,115,84.99
180,115,112.57
181,115,112.73
182,115,112.91
183,115,113.09
184,115,113.28
185,115,103.4
186,115,103.62
187,115,103.84
188,115,104.06
189,115,104.29
190,115,126.59
191,115,126.82
192,115,127.05
193,115,127.28
194,115,127.52
195,115,88.7
196,115,88.95
197,115,89.2
198,115,89.45
199,115,89.7
0,116,90.95
1,116,91.2
2,116,113.33
3,116,113.58
4,116,113.84
5,116,124.11
6,116,124.37
7,116,124.63
8,116,124.89
9,116,125.15
10,116,125.4
11,116,125.66
12,116,125.92
13,116,84.99
14,116,85.22
15,116,85.44
16,116,85.67
17,116,85.89
18,116,86.1
19,116,86.31
20,116,86.52
21,116,86.72
22,116,86.92
23,116,87.11
24,116,87.29
25,116,87.48
26,116,87.65
27,116,87.82
28,116,87.98
29,116,88.14
30,116,88.29
31,116,88.43
32,116,88.57
33,116,88.7
34,116,88.83
35,116,88.94
36,116,89.05
37,116,89.16
38,116,89.25
39,116,89.34
40,116,89.42
41,116,89.49
42,116,89.56
43,116,89.61
44,116,89.66
45,116,89.71
46,116,89.74
47,116,89.77
48,116,89.78
49,116,89.79
50,116,98.86
51,116,98.89
52,116,120.35
53,116,121.01
54,116,121.71
55,116,149.68
56,116,151.27
57,116,152.95
58,116,154.73
59,116,156.62
60,116,156.76
61,116,158.81
62,116,160.97
63,116,163.24
64,116,165.63
65,116,100.94
66,116,101.44
67,116,102.01
68,116,102.65
69,116,103.37
70,116,167.39
71,116,170.18
72,116,173.08
73,116,176.09
74,116,179.2
75,116,96.09
76,116,95.98
77,116,112.11
78,116,113.58
79,116,115.11
80,116,143.19
81,116,145.43
82,116,147.71
83,116,149.99
84,116,152.27
85,116,161.86
86,116,164.2
87,116,166.48
88,116,168.66
89,116,170.74
90,116,192.42
91,116,194.44
92,116,196.26
93,116,197.87
94,116,199.25
95,116,208.64
96,116,209.56
97,116,210.19
98,116,210.53
99,116,210.58
100,116,92.15
101,116,91.89
102,116,138.14
103,116,137.28
104,116,136.22
105,116,171.89
106,116,170.2
107,116,168.31
108,116,166.24
109,116,164.01
110,116,282.51
111,116,278.36
112,116,274.01
113,116,269.46
114,116,264.76
115,116,115.99
116,116,113.82
117,116,111.68
118,116,109.57
119,116,107.51
120,116,121.68
121,116,119.36
122,116,117.12
123,116,114.97
124,116,112.91
125,116,87.65
126,116,87.33
127,116,150.23
128,116,147.33
129,116,144.55
130,116,154.15
131,116,151.24
132,116,148.46
133,116,145.8
134,116,143.28
135,116,147.18
136,116,144.71
137,116,142.37
138,116,140.15
139,116,74.21
140,116,74.13
141,116,74.07
142,116,74.0
143,116,73.95
144,116,73.91
145,116,73.87
146,116,73.84
147,116,73.82
148,116,73.8
149,116,73.8
150,116,73.8
151,116,73.81
152,116,73.83
153,116,73.85
154,116,73.89
155,116,73.93
156,116,73.98
157,116,74.03
158,116,74.1
159,116,74.17
160,116,74.25
161,116,74.34
162,116,74.44
163,116,74.54
164,116,74.65
165,116,74.76
166,116,74.89
167,116,75.02
168,116,75.16
169,116,75.3
170,116,75.45
171,116,75.61
172,116,75.77
173,116,75.94
174,116,76.12
175,116,76.3
176,116,84.48
177,116,84.69
178,116,84.88
179,116,85.08
180,116,112.65
181,116,112.82
182,116,112.99
183,116,113.17
184,116,113.36
185,116,103.49
186,116,103.71
187,116,103.92
188,116,104.15
189,116,104.38
190,116,126.68
191,116,126.91
192,116,127.14
193,116,127.37
194,116,127.61
195,116,88.79
196,116,89.04
197,116,89.29
198,116,89.54
199,116,89.8
0,117,91.04
1,117,91.3
2,117,113.42
3,117,113.68
4,117,113.93
5,117,124.21
6,117,124.46
7,117,124.72
8,117,124.98
9,117,125.24
10,117,125.5
11,117,125.76
12,117,126.01
13,117,126.27
14,117,126.53
15,117,85.54
16,117,85.76
17,117,85.98
18,117,86.2
19,117,86.41
20,117,86.62
21,117,86.82
22,117,87.01
23,117,87.21
24,117,87.39
25,117,87.57
26,117,87.75
27,117,87.92
28,117,88.08
29,117,88.24
30,117,88.39
31,117,88.53
32,117,88.67
33,117,88.8
34,117,88.92
35,117,89.04
36,117,89.15
37,117,89.25
38,117,89.35
39,117,89.44
40,117,89.52
41,117,89.59
42,117,89.65
43,117,89.71
44,117,89.76
45,117,89.8
46,117,89.84
47,117,89.86
48,117,89.88
49,117,152.56
50,117,98.95
51,117,98.97
52,117,120.21
53,117,120.85
54,117,121.53
55,117,149.18
56,117,150.71
57,117,152.34
58,117,154.07
59,117,155.89
60,117,155.98
61,117,157.95
62,117,160.03
63,117,162.22
64,117,164.53
65,117,100.76
66,117,101.22
67,117,101.74
68,117,102.33
69,117,102.98
70,117,165.86
71,117,168.53
72,117,171.29
73,117,174.16
74,117,177.12
75,117,96.14
76,117,96.02
77,117,111.03
78,117,112.38
79,117,113.8
80,117,141.22
81,117,143.32
82,117,145.45
83,117,147.59
84,117,149.72
85,117,159.01
86,117,161.2
87,117,163.32
88,117,165.36
89,117,167.3
90,117,188.44
91,117,190.32
92,117,192.03
93,117,193.54
94,117,194.82
95,117,203.95
96,117,204.8
97,117,205.39
98,117,205.7
99,117,205.73
100,117,92.08
101,117,91.81
102,117,134.86
103,117,134.03
104,117,133.03
105,117,167.98
106,117,166.38
107,117,164.59
108,117,162.64
109,117,160.53
110,117,276.61
111,117,272.65
112,117,268.49
113,117,264.14
114,117,259.64
115,117,114.02
116,117,111.98
117,117,109.97
118,117,107.99
119,117,106.06
120,117,120.03
121,117,117.85
122,117,115.74
123,117,113.7
124,117,111.75
125,117,87.64
126,117,87.33
127,117,148.62
128,117,145.83
129,117,143.16
130,117,152.67
131,117,149.87
132,117,147.19
133,117,144.64
134,117,142.2
135,117,146.1
136,117,143.72
137,117,141.46
138,117,139.31
139,117,137.29
140,117,74.23
141,117,74.16
142,117,74.1
143,117,74.05
144,117,74.0
145,117,73.96
146,117,73.93
147,117,73.91
148,117,73.9
149,117,73.89
150,117,73.9
151,117,73.91
152,117,73.92
153,117,73.95
154,117,73.98
155,117,74.02
156,117,74.07
157,117,74.13
158,117,74.2
159,117,74.27
160,117,74.35
161,117,74.44
162,117,74.53
163,117,74.63
164,117,74.74
165,117,74.86
166,117,74.99
167,117,75.12
168,117,75.25
169,117,75.4
170,117,75.55
171,117,75.71
172,117,75.87
173,117,76.04
174,117,76.21
175,117,84.39
176,117,84.58
177,117,84.78
178,117,84.98
179,117,85.18
180,117,112.74
181,117,112.9
182,117,113.08
183,117,113.26
184,117,113.45
185,117,103.58
186,117,103.8
187,117,104.02
188,117,104.24
189,117,104.47
190,117,126.77
191,117,127.0
192,117,127.23
193,117,127.46
194,117,127.7
195,117,88.89
196,117,89.14
197,117,89.39
198,117,89.64
199,117,89.89
0,118,91.15
1,118,91.4
2,118,113.52
3,118,113.78
4,118,114.03
5,118,124.31
6,118,124.56
7,118,124.82
8,118,125.08
9,118,125.34
10,118,125.6
11,118,125.85
12,118,126.11
13,118,126.37
14,118,126.63
15,118,124.87
16,118,85.87
17,118,86.09
18,118,86.3
19,118,86.51
20,118,86.72
21,118,86.92
22,118,87.12
23,118,87.31
24,118,87.49
25,118,87.67
26,118,87.85
27,118,88.02
28,118,88.18
29,118,88.34
30,118,88.49
31,118,88.63
32,118,88.77
33,118,88.9
34,118,89.03
35,118,89.14
36,118,89.25
37,118,89.36
38,118,89.45
39,118,89.54
40,118,89.62
41,118,89.69
42,118,89.76
43,118,89.81
44,118,89.86
45,118,89.9
46,118,89.94
47,118,89.96
48,118,151.01
49,118,152.21
50,118,99.04
51,118,99.06
52,118,120.08
53,118,120.69
54,118,121.35
55,118,148.67
56,118,150.15
57,118,151.72
58,118,153.38
59,118,155.14
60,118,155.19
61,118,157.08
62,118,159.09
63,118,161.19
64,118,163.4
65,118,100.58
66,118,101.0
67,118,101.48
68,118,102.01
69,118,102.61
70,118,164.31
71,118,166.85
72,118,169.49
73,118,172.22
74,118,175.03
75,118,96.19
76,118,96.07
77,118,109.97
78,118,111.21
79,118,112.51
80,118,139.27
81,118,141.23
82,118,143.21
83,118,145.2
84,118,147.18
85,118,156.17
86,118,158.21
87,118,160.19
88,118,162.09
89,118,163.89
90,118,184.47
91,118,186.23
92,118,187.82
93,118,189.22
94,118,190.41
95,118,199.28
96,118,200.07
97,118,200.6
98,118,200.88
99,118,200.89
100,118,92.01
101,118,91.75
102,118,131.63
103,118,130.85
104,118,129.9
105,118,164.11
106,118,162.6
107,118,160.91
108,118,159.06
109,118,157.07
110,118,270.68
111,118,266.9
112,118,262.92
113,118,258.78
114,118,254.48
115,118,112.08
116,118,110.18
117,118,108.3
118,118,106.45
119,118,104.64
120,118,118.41
121,118,116.36
122,118,114.36
123,118,112.45
124,118,110.61
125,118,87.65
126,118,87.34
127,118,146.99
128,118,144.33
129,118,141.78
130,118,151.18
131,118,148.49
132,118,145.92
133,118,143.47
134,118,141.13
135,118,145.01
136,118,142.72
137,118,140.53
138,118,138.47
139,118,136.51
140,118,113.62
141,118,112.48
142,118,74.2
143,118,74.15
144,118,74.1
145,118,74.07
146,118,74.04
147,118,74.01
148,118,74.0
149,118,74.0
150,118,74.0
151,118,74.01
152,118,74.02
153,118,74.05
154,118,74.08
155,118,74.13
156,118,74.18
157,118,74.23
158,118,74.3
159,118,74.37
160,118,74.45
161,118,74.54
162,118,74.63
163,118,74.74
164,118,74.85
165,118,74.96
166,118,75.09
167,118,75.22
168,118,75.36
169,118,75.5
170,118,75.65
171,118,75.81
172,118,75.97
173,118,97.57
174,118,97.69
175,118,84.5
176,118,84.68
177,118,84.88
178,118,85.08
179,118,85.28
180,118,112.83
181,118,112.99
182,118,113.17
183,118,113.35
184,118,113.55
185,118,103.68
186,118,103.9
187,118,104.12
188,118,104.34
189,118,104.57
190,118,126.87
191,118,127.1
192,118,127.33
193,118,127.56
194,118,127.8
195,118,88.99
196,118,89.24
197,118,89.49
198,118,89.74
199,118,89.99
0,119,91.25
1,119,91.51
2,119,113.63
3,119,113.88
4,119,114.14
5,119,124.41
6,119,124.67
7,119,124.93
8,119,125.18
9,119,125.44
10,119,125.7
11,119,125.96
12,119,126.21
13,119,126.47
14,119,126.73
15,119,124.97
16,119,125.23
17,119,86.19
18,119,86.41
19,119,86.62
20,119,86.82
21,119,87.03
22,119,87.22
23,119,87.41
24,119,87.6
25,119,87.78
26,119,87.96
27,119,88.13
28,119,88.29
29,119,88.45
30,119,88.6
31,119,88.74
32,119,88.88
33,119,89.01
34,119,89.13
35,119,89.25
36,119,89.36
37,119,89.46
38,119,89.56
39,119,89.65
40,119,89.73
41,119,89.8
42,119,89.86
43,119,89.92
44,119,89.97
45,119,90.01
46,119,148.58
47,119,149.61
48,119,150.7
49,119,151.86
50,119,99.14
51,119,99.16
52,119,119.95
53,119,120.54
54,119,121.16
55,119,148.16
56,119,149.58
57,119,151.1
58,119,152.69
59,119,154.38
60,119,154.38
61,119,156.21
62,119,158.13
63,119,160.14
64,119,162.26
65,119,100.42
66,119,100.8
67,119,101.23
68,119,101.71
69,119,102.25
70,119,162.76
71,119,165.17
72,119,167.68
73,119,170.27
74,119,172.94
75,119,96.25
76,119,96.13
77,119,108.94
78,119,110.07
79,119,111.25
80,119,137.35
81,119,139.17
82,119,141.01
83,119,142.85
84,119,144.69
85,119,153.37
86,119,155.26
87,119,157.1
88,119,158.86
89,119,160.52
90,119,180.54
91,119,182.18
92,119,183.65
93,119,184.95
94,119,186.05
95,119,194.66
96,119,195.38
97,119,195.87
98,119,196.11
99,119,196.11
100,119,91.95
101,119,91.69
102,119,128.49
103,119,127.75
104,119,126.86
105,119,160.3
106,119,158.87
107,119,157.28
108,119,155.54
109,119,153.67
110,119,264.73
111,119,261.13
112,119,257.35
113,119,253.4
114,119,249.31
115,119,110.2
116,119,108.43
117,119,106.67
118,119,104.95
119,119,103.26
120,119,116.82
121,119,114.89
122,119,113.02
123,119,111.22
124,119,109.49
125,119,87.65
126,119,87.35
127,119,145.36
128,119,142.83
129,119,140.39
130,119,149.69
131,119,147.11
132,119,144.65
133,119,142.29
134,119,140.04
135,119,143.92
136,119,141.71
137,119,139.61
138,119,137.62
139,119,135.74
140,119,113.19
141,119,112.1
142,119,111.08
143,119,74.26
144,119,74.21
145,119,74.17
146,119,74.14
147,119,74.12
148,119,74.11
149,119,74.1
150,119,74.1
151,119,74.11
152,119,74.13
153,119,74.16
154,119,74.19
155,119,74.23
156,119,74.28
157,119,74.34
158,119,74.41
159,119,74.48
160,119,74.56
161,119,74.65
162,119,74.74
163,119,74.84
164,119,74.95
165,119,75.07
166,119,75.19
167,119,75.33
168,119,75.46
169,119,75.61
170,119,75.76
171,119,75.92
172,119,97.54
173,119,97.66
174,119,97.78
175,119,84.6
176,119,84.79
177,119,84.99
178,119,85.18
179,119,85.38
180,119,112.92
181,119,113.09
182,119,113.27
183,119,113.45
184,119,113.65
185,119,103.79
186,119,104.0
187,119,104.22
188,119,104.45
189,119,104.68
190,119,126.97
191,119,127.2
192,119,127.43
193,119,127.67
194,119,127.91
195,119,89.09
196,119,89.35
197,119,89.6
198,119,89.85
199,119,90.1
0,120,91.01
1,120,91.27
2,120,106.73
3,120,106.99
4,120,107.24
5,120,126.52
6,120,126.78
7,120,127.04
8,120,127.3
9,120,127.56
10,120,116.78
11,120,117.03
12,120,117.28
13,120,117.53
14,120,117.78
15,120,93.86
16,120,94.09
17,120,94.3
18,120,94.52
19,120,86.73
20,120,86.94
21,120,87.14
22,120,87.33
23,120,87.53
24,120,87.71
25,120,87.89
26,120,88.07
27,120,88.24
28,120,88.4
29,120,88.56
30,120,88.71
31,120,88.85
32,120,88.99
33,120,89.12
34,120,89.24
35,120,89.36
36,120,89.47
37,120,89.57
38,120,89.67
39,120,89.76
40,120,89.84
41,120,89.91
42,120,89.98
43,120,90.03
44,120,90.08
45,120,98.19
46,120,98.25
47,120,98.29
48,120,98.34
49,120,98.38
50,120,98.22
51,120,98.22
52,120,98.51
53,120,98.56
54,120,98.61
55,120,118.56
56,120,119.16
57,120,119.8
58,120,120.48
59,120,121.21
60,120,118.47
61,120,119.19
62,120,119.96
63,120,120.79
64,120,121.67
65,120,136.83
66,120,138.26
67,120,139.77
68,120,141.35
69,120,143.01
70,120,102.46
71,120,103.06
72,120,103.72
73,120,104.44
74,120,105.23
75,120,99.28
76,120,99.23
77,120,170.3
78,120,172.84
79,120,175.42
80,120,205.37
81,120,208.58
82,120,211.76
83,120,214.92
84,120,218.01
85,120,251.21
86,120,254.64
87,120,257.93
88,120,261.07
89,120,264.01
90,120,223.51
91,120,225.54
92,120,227.37
93,120,228.98
94,120,230.35
95,120,223.95
96,120,224.78
97,120,225.34
98,120,225.64
99,120,225.66
100,120,93.62
101,120,93.35
102,120,159.59
103,120,158.77
104,120,157.76
105,120,156.57
106,120,155.23
107,120,153.73
108,120,152.09
109,120,150.34
110,120,198.3
111,120,195.68
112,120,192.93
113,120,190.08
114,120,187.15
115,120,170.97
116,120,168.16
117,120,165.34
118,120,162.5
119,120,159.68
120,120,100.42
121,120,98.95
122,120,97.54
123,120,96.2
124,120,94.93
125,120,87.14
126,120,86.86
127,120,133.8
128,120,131.66
129,120,129.61
130,120,177.88
131,120,174.57
132,120,171.38
133,120,168.31
134,120,165.36
135,120,158.6
136,120,156.02
137,120,153.56
138,120,151.22
139,120,149.0
140,120,131.54
141,120,129.97
142,120,128.49
143,120,127.11
144,120,125.8
145,120,74.29
146,120,74.26
147,120,74.23
148,120,74.22
149,120,74.21
150,120,74.22
151,120,74.23
152,120,74.24
153,120,74.27
154,120,74.3
155,120,74.35
156,120,74.39
157,120,74.45
158,120,74.52
159,120,74.59
160,120,74.67
161,120,74.76
162,120,74.85
163,120,74.96
164,120,75.07
165,120,75.18
166,120,75.31
167,120,75.44
168,120,75.58
169,120,75.72
170,120,98.48
171,120,98.57
172,120,98.67
173,120,98.78
174,120,98.91
175,120,84.72
176,120,84.9
177,120,85.1
178,120,85.29
179,120,85.49
180,120,109.99
181,120,110.16
182,120,110.34
183,120,110.53
184,120,110.73
185,120,105.91
186,120,106.12
187,120,106.34
188,120,106.56
189,120,106.79
190,120,114.05
191,120,114.28
192,120,114.51
193,120,114.75
194,120,115.0
195,120,105.23
196,120,105.47
197,120,105.72
198,120,105.97
199,120,106.22
0,121,91.13
1,121,91.38
2,121,106.85
3,121,107.1
4,121,107.36
5,121,126.64
6,121,126.9
7,121,127.15
8,121,127.41
9,121,127.67
10,121,116.89
11,121,117.14
12,121,117.39
13,121,117.64
14,121,117.89
15,121,93.98
16,121,94.2
17,121,94.42
18,121,94.64
19,121,94.85
20,121,102.15
21,121,87.25
22,121,87.45
23,121,87.64
24,121,87.83
25,121,88.01
26,121,88.18
27,121,88.35
28,121,88.52
29,121,88.67
30,121,88.82
31,121,88.97
32,121,89.11
33,121,89.24
34,121,89.36
35,121,89.48
36,121,89.59
37,121,89.69
38,121,89.79
39,121,89.87
40,121,89.95
41,121,90.03
42,121,90.09
43,121,130.17
44,121,130.73
45,121,98.3
46,121,98.35
47,121,98.4
48,121,98.44
49,121,98.48
50,121,98.34
51,121,98.34
52,121,98.6
53,121,98.64
54,121,98.68
55,121,118.39
56,121,118.96
57,121,119.57
58,121,120.22
59,121,120.91
60,121,118.18
61,121,118.86
62,121,119.59
63,121,120.37
64,121,121.2
65,121,136.05
66,121,137.41
67,121,138.83
68,121,140.33
69,121,141.89
70,121,102.08
71,121,102.62
72,121,103.21
73,121,103.86
74,121,104.57
75,121,99.29
76,121,99.23
77,121,167.96
78,121,170.34
79,121,172.76
80,121,201.91
81,121,204.93
82,121,207.93
83,121,210.89
84,121,213.8
85,121,246.08
86,121,249.32
87,121,252.42
88,121,255.36
89,121,258.13
90,121,218.56
91,121,220.45
92,121,222.15
93,121,223.65
94,121,224.92
95,121,218.63
96,121,219.39
97,121,219.9
98,121,220.17
99,121,220.17
100,121,93.54
101,121,93.27
102,121,155.8
103,121,155.02
104,121,154.06
105,121,152.95
106,121,151.68
107,121,150.28
108,121,148.74
109,121,147.09
110,121,193.93
111,121,191.46
112,121,188.87
113,121,186.18
114,121,183.41
115,121,167.72
116,121,165.07
117,121,162.41
118,121,159.73
119,121,157.06
120,121,99.26
121,121,97.9
122,121,96.6
123,121,95.35
124,121,94.17
125,121,87.17
126,121,86.9
127,121,132.41
128,121,130.38
129,121,128.42
130,121,175.81
131,121,172.64
132,121,169.58
133,121,166.64
134,121,163.82
135,121,157.24
136,121,154.76
137,121,152.4
138,121,150.15
139,121,148.02
140,121,130.86
141,121,129.35
142,121,127.93
143,121,126.59
144,121,125.34
145,121,141.86
146,121,74.37
147,121,74.35
148,121,74.34
149,121,74.33
150,121,74.33
151,121,74.34
152,121,74.36
153,121,74.39
154,121,74.42
155,121,74.46
156,121,74.51
157,121,74.57
158,121,74.63
159,121,74.71
160,121,74.79
161,121,74.87
162,121,74.97
163,121,75.07
164,121,75.18
165,121,75.3
166,121,75.42
167,121,75.55
168,121,75.69
169,121,96.41
170,121,98.57
171,121,98.67
172,121,98.77
173,121,98.88
174,121,99.01
175,121,84.83
176,121,85.02
177,121,85.21
178,121,85.41
179,121,85.61
180,121,110.09
181,121,110.27
182,121,110.45
183,121,110.64
184,121,110.84
185,121,106.02
186,121,106.23
187,121,106.45
188,121,106.68
189,121,106.91
190,121,114.16
191,121,114.39
192,121,114.63
193,121,114.87
194,121,115.11
195,121,105.34
196,121,105.59
197,121,105.84
198,121,106.09
199,121,106.34
0,122,91.25
1,122,91.5
2,122,106.97
3,122,107.22
4,122,107.48
5,122,126.76
6,122,127.02
7,122,127.27
8,122,127.53
9,122,127.79
10,122,117.01
11,122,117.26
12,122,117.51
13,122,117.76
14,122,118.01
15,122,94.1
16,122,94.32
17,122,94.54
18,122,94.76
19,122,94.97
20,122,102.26
21,122,102.48
22,122,102.69
23,122,87.76
24,122,87.95
25,122,88.13
26,122,88.31
27,122,88.47
28,122,88.64
29,122,88.8
30,122,88.95
31,122,89.09
32,122,89.23
33,122,89.36
34,122,89.48
35,122,89.6
36,122,89.71
37,122,89.81
38,122,89.91
39,122,90.0
40,122,90.08
41,122,129.13
42,122,129.6
43,122,130.11
44,122,130.64
45,122,98.42
46,122,98.47
47,122,98.51
48,122,98.55
49,122,98.59
50,122,98.46
51,122,98.46
52,122,98.69
53,122,98.73
54,122,98.77
55,122,118.22
56,122,118.77
57,122,119.34
58,122,119.96
59,122,120.61
60,122,117.9
61,122,118.54
62,122,119.23
63,122,119.96
64,122,120.74
65,122,135.28
66,122,136.56
67,122,137.91
68,122,139.31
69,122,140.79
70,122,101.73
71,122,102.21
72,122,102.73
73,122,103.31
74,122,103.94
75,122,99.3
76,122,99.24
77,122,165.65
78,122,167.88
79,122,170.15
80,122,198.49
81,122,201.33
82,122,204.15
83,122,206.93
84,122,209.65
85,122,241.01
86,122,244.05
87,122,246.96
88,122,249.73
89,122,252.33
90,122,213.69
91,122,215.45
92,122,217.03
93,122,218.41
94,122,219.59
95,122,213.41
96,122,214.11
97,122,214.57
98,122,214.8
99,122,214.79
100,122,93.47
101,122,93.21
102,122,152.14
103,122,151.39
104,122,150.49
105,122,149.44
106,122,148.26
107,122,146.94
108,122,145.5
109,122,143.96
110,122,189.65
111,122,187.32
112,122,184.88
113,122,182.35
114,122,179.74
115,122,164.53
116,122,162.04
117,122,159.53
118,122,157.01
119,122,154.5
120,122,98.16
121,122,96.91
122,122,95.7
123,122,94.55
124,122,93.45
125,122,87.21
126,122,86.94
127,122,131.04
128,122,129.11
129,122,127.26
130,122,173.75
131,122,170.72
132,122,167.8
133,122,164.98
134,122,162.28
135,122,155.88
136,122,153.51
137,122,151.24
138,122,149.09
139,122,147.04
140,122,130.18
141,122,128.73
142,122,127.37
143,122,126.09
144,122,124.88
145,122,141.25
146,122,139.78
147,122,138.42
148,122,137.14
149,122,74.45
150,122,74.45
151,122,74.46
152,122,74.48
153,122,74.51
154,122,74.54
155,122,74.58
156,122,74.63
157,122,74.69
158,122,74.75
159,122,74.83
160,122,74.91
161,122,75.0
162,122,75.09
163,122,75.19
164,122,75.3
165,122,75.42
166,122,75.54
167,122,96.36
168,122,96.43
169,122,96.5
170,122,98.67
171,122,98.77
172,122,98.87
173,122,98.99
174,122,99.12
175,122,84.95
176,122,85.14
177,122,85.33
178,122,85.53
179,122,85.73
180,122,110.2
181,122,110.38
182,122,110.57
183,122,110.76
184,122,110.96
185,122,106.14
186,122,106.35
187,122,106.57
188,122,106.8
189,122,107.03
190,122,114.28
191,122,114.51
192,122,114.75
193,122,114.99
194,122,115.23
195,122,105.46
196,122,105.71
197,122,105.96
198,122,106.21
199,122,106.46
0,123,91.38
1,123,91.63
2,123,107.1
3,123,107.35
4,123,107.6
5,123,126.88
6,123,127.14
7,123,127.4
8,123,127.65
9,123,127.91
10,123,117.13
11,123,117.38
12,123,117.63
13,123,117.88
14,123,118.13
15,123,94.23
16,123,94.45
17,123,94.67
18,123,94.88
19,123,95.09
20,123,102.39
21,123,102.6
22,123,102.81
23,123,103.02
24,123,103.22
25,123,97.89
26,123,88.43
27,123,88.6
28,123,88.76
29,123,88.92
30,123,89.07
31,123,89.22
32,123,89.35
33,123,89.48
34,123,89.61
35,123,89.73
36,123,89.84
37,123,89.94
38,123,130.06
39,123,130.48
40,123,128.66
41,123,129.1
42,123,129.56
43,123,130.05
44,123,130.56
45,123,98.54
46,123,98.59
47,123,98.63
48,123,98.67
49,123,98.7
50,123,98.58
51,123,98.58
52,123,98.8
53,123,98.83
54,123,98.86
55,123,118.06
56,123,118.58
57,123,119.13
58,123,119.71
59,123,120.32
60,123,117.63
61,123,118.23
62,123,118.88
63,123,119.56
64,123,120.29
65,123,134.53
66,123,135.73
67,123,136.99
68,123,138.32
69,123,139.7
70,123,101.41
71,123,101.83
72,123,102.29
73,123,102.8
74,123,103.35
75,123,99.32
76,123,99.25
77,123,163.38
78,123,165.47
79,123,167.58
80,123,195.13
81,123,197.79
82,123,200.43
83,123,203.03
84,123,205.58
85,123,236.01
86,123,238.87
87,123,241.6
88,123,244.19
89,123,246.62
90,123,208.92
91,123,210.55
92,123,212.02
93,123,213.3
94,123,214.38
95,123,208.32
96,123,208.95
97,123,209.37
98,123,209.57
99,123,209.54
100,123,93.41
101,123,93.15
102,123,148.61
103,123,147.91
104,123,147.06
105,123,146.07
106,123,144.96
107,123,143.73
108,123,142.39
109,123,140.94
110,123,185.48
111,123,183.29
112,123,180.99
113,123,178.61
114,123,176.15
115,123,161.43
116,123,159.09
117,123,156.73
118,123,154.36
119,123,152.0
120,123,97.13
121,123,95.97
122,123,94.86
123,123,93.79
124,123,92.78
125,123,87.25
126,123,86.99
127,123,129.7
128,123,127.87
129,123,126.12
130,123,171.71
131,123,168.82
132,123,166.02
133,123,163.33
134,123,160.75
135,123,154.53
136,123,152.26
137,123,150.09
138,123,148.02
139,123,146.06
140,123,129.51
141,123,128.12
142,123,126.82
143,123,125.59
144,123,124.43
145,123,140.63
146,123,139.23
147,123,137.91
148,123,136.69
149,123,135.55
150,123,83.23
151,123,74.59
152,123,74.61
153,123,74.63
154,123,74.67
155,123,74.71
156,123,74.76
157,123,74.82
158,123,74.88
159,123,74.95
160,123,75.03
161,123,75.12
162,123,75.22
163,123,75.32
164,123,123.25
165,123,96.37
166,123,96.41
167,123,96.46
168,123,96.53
169,123,96.61
170,123,98.78
171,123,98.87
172,123,98.98
173,123,99.1
174,123,99.23
175,123,85.08
176,123,85.27
177,123,85.46
178,123,85.65
179,123,85.86
180,123,110.32
181,123,110.5
182,123,110.68
183,123,110.88
184,123,111.08
185,123,106.26
186,123,106.47
187,123,106.69
188,123,106.92
189,123,107.15
190,123,114.4
191,123,114.63
192,123,114.87
193,123,115.11
194,123,115.36
195,123,105.59
196,123,105.84
197,123,106.09
198,123,106.34
199,123,106.59
0,124,91.51
1,124,91.76
2,124,107.23
3,124,107.48
4,124,107.73
5,124,127.01
6,124,127.27
7,124,127.52
8,124,127.78
9,124,128.04
10,124,117.26
11,124,117.51
12,124,117.76
13,124,118.01
14,124,118.25
15,124,94.36
16,124,94.58
17,124,94.8
18,124,95.01
19,124,95.22
20,124,102.51
21,124,102.73
22,124,102.94
23,124,103.14
24,124,103.35
25,124,98.02
26,124,98.2
27,124,129.66
28,124,129.94
29,124,130.23
30,124,111.78
31,124,112.0
32,124,112.22
33,124,112.43
34,124,112.65
35,124,128.97
36,124,129.32
37,124,129.69
38,124,130.07
39,124,130.48
40,124,128.66
41,124,129.08
42,124,129.52
43,124,129.99
44,124,130.49
45,124,98.67
46,124,98.71
47,124,98.75
48,124,98.79
49,124,98.82
50,124,98.71
51,124,98.71
52,124,98.9
53,124,98.93
54,124,98.95
55,124,117.91
56,124,118.4
57,124,118.91
58,124,119.46
59,124,120.05
60,124,117.36
61,124,117.93
62,124,118.53
63,124,119.18
64,124,119.86
65,124,133.78
66,124,134.91
67,124,136.1
68,124,137.34
69,124,138.64
70,124,101.11
71,124,101.48
72,124,101.88
73,124,102.32
74,124,102.81
75,124,99.35
76,124,99.27
77,124,161.17
78,124,163.12
79,124,165.08
80,124,191.83
81,124,194.32
82,124,196.78
83,124,199.21
84,124,201.6
85,124,231.11
86,124,233.78
87,124,236.33
88,124,238.75
89,124,241.02
90,124,204.28
91,124,205.79
92,124,207.14
93,124,208.32
94,124,209.32
95,124,203.37
96,124,203.95
97,124,204.32
98,124,204.48
99,124,204.44
100,124,93.36
101,124,93.1
102,124,145.24
103,124,144.57
104,124,143.77
105,124,142.85
106,124,141.81
107,124,140.65
108,124,139.4
109,124,138.06
110,124,181.43
111,124,179.37
112,124,177.21
113,124,174.97
114,124,172.67
115,124,158.42
116,124,156.22
117,124,154.01
118,124,151.79
119,124,149.57
120,124,96.17
121,124,95.1
122,124,94.07
123,124,93.09
124,124,92.16
125,124,87.29
126,124,87.04
127,124,128.39
128,124,126.67
129,124,125.01
130,124,169.69
131,124,166.93
132,124,164.27
133,124,161.7
134,124,159.23
135,124,153.19
136,124,151.02
137,124,148.95
138,124,146.97
139,124,145.09
140,124,128.85
141,124,127.52
142,124,126.27
143,124,125.09
144,124,123.99
145,124,140.02
146,124,138.68
147,124,137.42
148,124,136.24
149,124,135.15
150,124,83.36
151,124,83.35
152,124,95.2
153,124,95.01
154,124,94.84
155,124,98.24
156,124,98.07
157,124,97.93
158,124,97.8
159,124,97.7
160,124,124.29
161,124,123.97
162,124,123.7
163,124,123.46
164,124,123.26
165,124,96.47
166,124,96.51
167,124,96.56
168,124,96.63
169,124,96.72
170,124,98.88
171,124,98.98
172,124,99.09
173,124,99.21
174,124,99.35
175,124,85.21
176,124,85.4
177,124,85.59
178,124,85.78
179,124,85.99
180,124,110.44
181,124,110.62
182,124,110.81
183,124,111.0
184,124,111.2
185,124,106.38
186,124,106.6
187,124,106.82
188,124,107.05
189,124,107.28
190,124,114.53
191,124,114.76
192,124,115.0
193,124,115.24
194,124,115.48
195,124,105.72
196,124,105.97
197,124,106.22
198,124,106.47
199,124,106.72
0,125,91.09
1,125,91.34
2,125,91.6
3,125,91.85
4,125,92.1
5,125,92.45
6,125,92.7
7,125,92.95
8,125,93.19
9,125,93.44
10,125,95.08
11,125,95.32
12,125,95.56
13,125,95.79
14,125,96.02
15,125,94.49
16,125,94.71
17,125,94.93
18,125,95.15
19,125,95.36
20,125,95.56
21,125,95.77
22,125,95.96
23,125,96.15
24,125,96.34
25,125,98.26
26,125,98.44
27,125,98.61
28,125,98.78
29,125,98.95
30,125,98.01
31,125,98.16
32,125,98.3
33,125,98.44
34,125,98.56
35,125,98.74
36,125,98.85
37,125,98.96
38,125,99.07
39,125,99.16
40,125,98.47
41,125,98.54
42,125,98.6
43,125,98.66
44,125,98.71
45,125,99.11
46,125,99.15
47,125,99.18
48,125,99.21
49,125,99.23
50,125,99.82
51,125,99.83
52,125,99.84
53,125,99.84
54,125,99.84
55,125,100.83
56,125,100.84
57,125,100.84
58,125,100.84
59,125,100.83
60,125,99.85
61,125,99.81
62,125,99.76
63,125,99.71
64,125,99.66
65,125,99.04
66,125,98.96
67,125,98.88
68,125,98.79
69,125,98.7
70,125,99.66
71,125,99.59
72,125,99.51
73,125,99.43
74,125,99.35
75,125,98.31
76,125,98.19
77,125,98.08
78,125,97.96
79,125,97.83
80,125,95.97
81,125,95.8
82,125,95.63
83,125,95.46
84,125,95.28
85,125,99.65
86,125,99.54
87,125,99.42
88,125,99.29
89,125,99.15
90,125,94.13
91,125,93.93
92,125,93.71
93,125,93.5
94,125,93.28
95,125,93.05
96,125,92.82
97,125,92.58
98,125,92.34
99,125,92.09
100,125,94.15
101,125,93.89
102,125,93.63
103,125,93.35
104,125,93.07
105,125,95.07
106,125,94.76
107,125,94.45
108,125,94.13
109,125,93.81
110,125,90.21
111,125,89.92
112,125,89.63
113,125,89.34
114,125,89.05
115,125,90.07
116,125,89.76
117,125,89.46
118,125,89.16
119,125,88.87
120,125,88.19
121,125,87.91
122,125,87.64
123,125,87.38
124,125,87.13
125,125,90.04
126,125,89.72
127,125,89.41
128,125,89.12
129,125,88.83
130,125,85.36
131,125,85.17
132,125,85.0
133,125,84.83
134,125,84.68
135,125,85.97
136,125,85.79
137,125,85.63
138,125,85.47
139,125,85.33
140,125,83.22
141,125,83.14
142,125,83.08
143,125,83.02
144,125,82.97
145,125,84.76
146,125,84.68
147,125,84.62
148,125,84.57
149,125,84.53
150,125,84.57
151,125,84.54
152,125,84.53
153,125,84.53
154,125,84.54
155,125,83.39
156,125,83.43
157,125,83.48
158,125,83.54
159,125,83.61
160,125,84.57
161,125,84.65
162,125,84.73
163,125,84.82
164,125,84.92
165,125,84.93
166,125,85.04
167,125,85.17
168,125,85.3
169,125,85.44
170,125,85.02
171,125,85.17
172,125,85.33
173,125,85.5
174,125,85.67
175,125,85.34
176,125,85.53
177,125,85.72
178,125,85.92
179,125,86.12
180,125,88.19
181,125,88.4
182,125,88.62
183,125,88.83
184,125,89.05
185,125,88.47
186,125,88.7
187,125,88.94
188,125,89.17
189,125,89.41
190,125,89.3
191,125,89.54
192,125,89.79
193,125,90.04
194,125,90.29
195,125,89.83
196,125,90.09
197,125,90.34
198,125,90.59
199,125,90.84
0,126,91.23
1,126,91.48
2,126,91.74
3,126,91.99
4,126,92.24
5,126,92.59
6,126,92.84
7,126,93.08
8,126,93.33
9,126,93.57
10,126,95.22
11,126,95.46
12,126,95.7
13,126,95.93
14,126,96.16
15,126,94.63
16,126,94.85
17,126,95.07
18,126,95.29
19,126,95.5
20,126,95.7
21,126,95.9
22,126,96.1
23,126,96.29
24,126,96.48
25,126,98.39
26,126,98.57
27,126,98.75
28,126,98.92
29,126,99.08
30,126,98.15
31,126,98.3
32,126,98.44
33,126,98.57
34,126,98.7
35,126,98.88
36,126,98.99
37,126,99.1
38,126,99.2
39,126,99.3
40,126,98.61
41,126,98.68
42,126,98.74
43,126,98.8
44,126,98.85
45,126,99.25
46,126,99.29
47,126,99.32
48,126,99.34
49,126,99.36
50,126,99.95
51,126,99.96
52,126,99.97
53,126,99.97
54,126,99.96
55,126,100.94
56,126,100.95
57,126,100.95
58,126,100.94
59,126,100.93
60,126,99.96
61,126,99.92
62,126,99.87
63,126,99.81
64,126,99.76
65,126,99.15
66,126,99.07
67,126,98.98
68,126,98.89
69,126,98.8
70,126,99.73
71,126,99.65
72,126,99.57
73,126,99.49
74,126,99.4
75,126,98.37
76,126,98.26
77,126,98.13
78,126,98.01
79,126,97.88
80,126,96.05
81,126,95.88
82,126,95.71
83,126,95.53
84,126,95.35
85,126,99.59
86,126,99.47
87,126,99.34
88,126,99.2
89,126,99.06
90,126,94.17
91,126,93.96
92,126,93.75
93,126,93.53
94,126,93.3
95,126,93.08
96,126,92.84
97,126,92.6
98,126,92.36
99,126,92.11
100,126,94.11
101,126,93.85
102,126,93.58
103,126,93.31
104,126,93.03
105,126,94.96
106,126,94.66
107,126,94.35
108,126,94.04
109,126,93.72
110,126,90.23
111,126,89.94
112,126,89.66
113,126,89.37
114,126,89.09
115,126,90.07
116,126,89.77
117,126,89.48
118,126,89.19
119,126,88.9
120,126,88.23
121,126,87.96
122,126,87.7
123,126,87.44
124,126,87.19
125,126,90.03
126,126,89.72
127,126,89.42
128,126,89.13
129,126,88.85
130,126,85.46
131,126,85.28
132,126,85.11
133,126,84.94
134,126,84.79
135,126,86.06
136,126,85.88
137,126,85.72
138,126,85.57
139,126,85.43
140,126,83.35
141,126,83.28
142,126,83.21
143,126,83.16
144,126,83.11
145,126,84.87
146,126,84.8
147,126,84.74
148,126,84.69
149,126,84.65
150,126,84.69
151,126,84.67
152,126,84.66
153,126,84.66
154,126,84.67
155,126,83.52
156,126,83.57
157,126,83.62
158,126,83.68
159,126,83.75
160,126,84.7
161,126,84.78
162,126,84.87
163,126,84.96
164,126,85.06
165,126,85.06
166,126,85.18
167,126,85.3
168,126,85.44
169,126,85.58
170,126,85.15
171,126,85.31
172,126,85.47
173,126,85.64
174,126,85.81
175,126,85.48
176,126,85.67
177,126,85.86
178,126,86.06
179,126,86.26
180,126,88.33
181,126,88.54
182,126,88.75
183,126,88.97
184,126,89.19
185,126,88.61
186,126,88.84
187,126,89.08
188,126,89.31
189,126,89.55
190,126,89.44
191,126,89.68
192,126,89.93
193,126,90.18
194,126,90.42
195,126,89.97
196,126,90.22
197,126,90.48
198,126,90.73
199,126,90.98
0,127,91.37
1,127,91.63
2,127,96.63
3,127,96.88
4,127,97.14
5,127,99.39
6,127,99.64
7,127,99.89
8,127,100.14
9,127,100.38
10,127,128.69
11,127,128.95
12,127,129.2
13,127,129.45
14,127,129.7
15,127,94.77
16,127,94.99
17,127,95.21
18,127,95.43
19,127,95.64
20,127,95.85
21,127,96.05
22,127,96.24
23,127,96.44
24,127,96.62
25,127,98.54
26,127,98.72
27,127,132.01
28,127,132.28
29,127,132.56
30,127,111.09
31,127,111.29
32,127,111.49
33,127,111.7
34,127,111.9
35,127,113.17
36,127,113.38
37,127,113.59
38,127,113.81
39,127,114.04
40,127,98.76
41,127,98.83
42,127,98.9
43,127,98.96
44,127,99.02
45,127,106.11
46,127,106.25
47,127,106.4
48,127,106.54
49,127,106.69
50,127,100.08
51,127,100.09
52,127,119.01
53,127,119.41
54,127,119.84
55,127,139.88
56,127,140.78
57,127,141.73
58,127,142.73
59,127,143.78
60,127,126.06
61,127,126.75
62,127,127.48
63,127,128.24
64,127,129.05
65,127,119.23
66,127,119.83
67,127,120.48
68,127,121.15
69,127,121.86
70,127,142.78
71,127,144.07
72,127,145.39
73,127,146.76
74,127,148.16
75,127,98.45
76,127,98.32
77,127,133.48
78,127,134.57
79,127,135.66
80,127,103.79
81,127,104.26
82,127,104.73
83,127,105.21
84,127,105.69
85,127,192.14
86,127,193.92
87,127,195.62
88,127,197.23
89,127,198.73
90,127,108.31
91,127,108.64
92,127,108.92
93,127,109.15
94,127,109.32
95,127,109.43
96,127,109.47
97,127,109.44
98,127,109.34
99,127,109.16
100,127,94.07
101,127,93.81
102,127,151.65
103,127,151.03
104,127,150.29
105,127,192.33
106,127,191.08
107,127,189.69
108,127,188.16
109,127,186.51
110,127,123.23
111,127,122.1
112,127,120.94
113,127,119.74
114,127,118.51
115,127,141.84
116,127,140.18
117,127,138.5
118,127,136.82
119,127,135.14
120,127,126.02
121,127,124.52
122,127,123.05
123,127,121.61
124,127,120.21
125,127,90.03
126,127,89.73
127,127,173.47
128,127,170.84
129,127,168.28
130,127,104.8
131,127,103.91
132,127,103.06
133,127,102.26
134,127,101.5
135,127,128.51
136,127,127.15
137,127,125.85
138,127,124.62
139,127,123.45
140,127,84.04
141,127,83.88
142,127,83.74
143,127,83.62
144,127,83.52
145,127,119.07
146,127,118.28
147,127,117.55
148,127,116.86
149,127,116.23
150,127,84.81
151,127,84.8
152,127,115.83
153,127,115.37
154,127,114.95
155,127,91.4
156,127,91.34
157,127,91.3
158,127,91.28
159,127,91.27
160,127,108.83
161,127,108.7
162,127,108.59
163,127,108.51
164,127,108.45
165,127,106.3
166,127,106.3
167,127,106.31
168,127,106.34
169,127,106.39
170,127,95.1
171,127,95.22
172,127,95.35
173,127,95.49
174,127,95.64
175,127,85.62
176,127,85.81
177,127,86.0
178,127,86.2
179,127,86.4
180,127,123.94
181,127,124.11
182,127,124.29
183,127,124.47
184,127,124.67
185,127,108.8
186,127,109.01
187,127,109.23
188,127,109.46
189,127,109.69
190,127,102.91
191,127,103.15
192,127,103.39
193,127,103.64
194,127,103.88
195,127,90.12
196,127,90.37
197,127,90.62
198,127,90.87
199,127,91.12
0,128,91.52
1,128,91.77
2,128,96.78
3,128,97.03
4,128,97.28
5,128,99.54
6,128,99.79
7,128,100.03
8,128,100.28
9,128,100.53
10,128,128.84
11,128,129.09
12,128,129.34
13,128,129.59
14,128,129.84
15,128,94.92
16,128,95.14
17,128,95.36
18,128,95.58
19,128,95.79
20,128,95.99
21,128,96.19
22,128,96.39
23,128,96.58
24,128,96.77
25,128,98.68
26,128,98.86
27,128,132.12
28,128,132.39
29,128,132.66
30,128,111.21
31,128,111.41
32,128,111.61
33,128,111.81
34,128,112.01
35,128,113.27
36,128,113.48
37,128,113.69
38,128,113.9
39,128,114.12
40,128,98.9
41,128,98.98
42,128,99.05
43,128,99.11
44,128,99.16
45,128,106.2
46,128,106.34
47,128,106.48
48,128,106.62
49,128,106.76
50,128,100.22
51,128,100.23
52,128,118.92
53,128,119.3
54,128,119.7
55,128,139.46
56,128,140.32
57,128,141.22
58,128,142.16
59,128,143.16
60,128,125.68
61,128,126.33
62,128,127.01
63,128,127.73
64,128,128.48
65,128,118.82
66,128,119.38
67,128,119.97
68,128,120.59
69,128,121.24
70,128,141.62
71,128,142.82
72,128,144.05
73,128,145.32
74,128,146.62
75,128,98.53
76,128,98.4
77,128,132.12
78,128,133.1
79,128,134.1
80,128,103.05
81,128,103.43
82,128,103.83
83,128,104.23
84,128,104.64
85,128,188.48
86,128,190.12
87,128,191.69
88,128,193.17
89,128,194.55
90,128,106.81
91,128,107.07
92,128,107.3
93,128,107.47
94,128,107.6
95,128,107.67
96,128,107.67
97,128,107.62
98,128,107.5
99,128,107.32
100,128,94.05
101,128,93.79
102,128,148.48
103,128,147.89
104,128,147.19
105,128,187.94
106,128,186.77
107,128,185.46
108,128,184.03
109,128,182.48
110,128,121.18
111,128,120.13
112,128,119.05
113,128,117.94
114,128,116.81
115,128,139.51
116,128,137.96
117,128,136.4
118,128,134.83
119,128,133.26
120,128,124.45
121,128,123.06
122,128,121.68
123,128,120.34
124,128,119.02
125,128,90.04
126,128,89.75
127,128,171.14
128,128,168.65
129,128,166.23
130,128,104.26
131,128,103.42
132,128,102.63
133,128,101.87
134,128,101.16
135,128,127.67
136,128,126.38
137,128,125.15
138,128,123.98
139,128,122.86
140,128,84.12
141,128,83.97
142,128,83.84
143,128,83.73
144,128,83.63
145,128,118.74
146,128,117.99
147,128,117.29
148,128,116.64
149,128,116.04
150,128,84.94
151,128,84.93
152,128,115.71
153,128,115.27
154,128,114.87
155,128,91.49
156,128,91.44
157,128,91.4
158,128,91.38
159,128,91.38
160,128,108.87
161,128,108.75
162,128,108.65
163,128,108.58
164,128,108.53
165,128,106.39
166,128,106.39
167,128,106.41
168,128,106.45
169,128,106.5
170,128,95.24
171,128,95.36
172,128,95.49
173,128,95.63
174,128,95.78
175,128,85.77
176,128,85.96
177,128,86.15
178,128,86.35
179,128,86.55
180,128,124.07
181,128,124.24
182,128,124.42
183,128,124.61
184,128,124.8
185,128,108.94
186,128,109.16
187,128,109.38
188,128,109.6
189,128,109.84
190,128,103.06
191,128,103.29
192,128,103.54
193,128,103.78
194,128,104.03
195,128,90.26
196,128,90.51
197,128,90.76
198,128,91.02
199,128,91.27
0,129,91.67
1,129,91.92
2,129,96.93
3,129,97.18
4,129,97.43
5,129,99.68
6,129,99.93
7,129,100.18
8,129,100.43
9,129,100.68
10,129,128.98
11,129,129.24
12,129,129.49
13,129,129.74
14,129,129.99
15,129,95.07
16,129,95.29
17,129,95.51
18,129,95.73
19,129,95.94
20,129,96.14
21,129,96.34
22,129,96.54
23,129,96.73
24,129,96.92
25,129,98.83
26,129,99.01
27,129,132.23
28,129,132.49
29,129,132.76
30,129,111.34
31,129,111.54
32,129,111.74
33,129,111.93
34,129,112.13
35,129,113.38
36,129,113.58
37,129,113.79
38,129,114.0
39,129,114.21
40,129,99.05
41,129,99.13
42,129,99.19
43,129,99.26
44,129,99.31
45,129,106.3
46,129,106.43
47,129,106.57
48,129,106.7
49,129,106.83
50,129,100.36
51,129,100.37
52,129,118.84
53,129,119.2
54,129,119.58
55,129,139.06
56,129,139.87
57,129,140.72
58,129,141.61
59,129,142.55
60,129,125.32
61,129,125.93
62,129,126.57
63,129,127.23
64,129,127.93
65,129,118.43
66,129,118.94
67,129,119.48
68,129,120.05
69,129,120.64
70,129,140.51
71,129,141.62
72,129,142.76
73,129,143.93
74,129,145.13
75,129,98.61
76,129,98.48
77,129,130.82
78,129,131.71
79,129,132.62
80,129,102.37
81,129,102.69
82,129,103.02
83,129,103.35
84,129,103.68
85,129,184.95
86,129,186.46
87,129,187.9
88,129,189.26
89,129,190.53
90,129,105.44
91,129,105.65
92,129,105.82
93,129,105.95
94,129,106.03
95,129,106.06
96,129,106.04
97,129,105.96
98,129,105.83
99,129,105.64
100,129,94.04
101,129,93.79
102,129,145.48
103,129,144.92
104,129,144.26
105,129,183.75
106,129,182.65
107,129,181.42
108,129,180.07
109,129,178.62
110,129,119.26
111,129,118.29
112,129,117.29
113,129,116.27
114,129,115.22
115,129,137.3
116,129,135.85
117,129,134.4
118,129,132.93
119,129,131.47
120,129,122.97
121,129,121.67
122,129,120.39
123,129,119.13
124,129,117.9
125,129,90.06
126,129,89.77
127,129,168.88
128,129,166.53
129,129,164.23
130,129,103.76
131,129,102.97
132,129,102.22
133,129,101.51
134,129,100.84
135,129,126.86
136,129,125.63
137,129,124.46
138,129,123.35
139,129,122.3
140,129,84.21
141,129,84.07
142,129,83.95
143,129,83.84
144,129,83.75
145,129,118.43
146,129,117.72
147,129,117.05
148,129,116.43
149,129,115.86
150,129,85.08
151,129,85.06
152,129,115.6
153,129,115.18
154,129,114.8
155,129,91.58
156,129,91.54
157,129,91.51
158,129,91.49
159,129,91.49
160,129,108.92
161,129,108.8
162,129,108.72
163,129,108.65
164,129,108.61
165,129,106.48
166,129,106.49
167,129,106.52
168,129,106.56
169,129,106.62
170,129,95.37
171,129,95.49
172,129,95.63
173,129,95.77
174,129,95.92
175,129,85.92
176,129,86.11
177,129,86.3
178,129,86.5
179,129,86.7
180,129,124.21
181,129,124.38
182,129,124.56
183,129,124.75
184,129,124.95
185,129,109.08
186,129,109.3
187,129,109.53
188,129,109.75
189,129,109.98
190,129,103.2
191,129,103.44
192,129,103.69
193,129,103.93
194,129,104.18
195,129,90.41
196,129,90.66
197,129,90.92
198,129,91.17
199,129,91.42
0,130,92.42
1,130,92.68
2,130,109.09
3,130,109.34
4,130,109.6
5,130,92.83
6,130,93.08
7,130,93.33
8,130,93.57
9,130,93.82
10,130,94.06
11,130,94.3
12,130,94.53
13,130,94.77
14,130,95.0
15,130,110.29
16,130,110.52
17,130,110.75
18,130,110.98
19,130,111.21
20,130,125.56
21,130,125.79
22,130,126.03
23,130,126.27
24,130,126.51
25,130,98.07
26,130,98.24
27,130,113.95
28,130,114.16
29,130,114.36
30,130,117.66
31,130,117.88
32,130,118.1
33,130,118.32
34,130,118.54
35,130,126.16
36,130,126.43
37,130,126.71
38,130,127.0
39,130,127.31
40,130,121.06
41,130,121.33
42,130,121.61
43,130,121.9
44,130,122.2
45,130,129.41
46,130,129.82
47,130,130.25
48,130,130.71
49,130,131.18
50,130,101.3
51,130,101.33
52,130,135.32
53,130,135.96
54,130,136.62
55,130,99.66
56,130,99.65
57,130,99.64
58,130,99.64
59,130,99.63
60,130,129.46
61,130,130.12
62,130,130.82
63,130,131.55
64,130,132.31
65,130,123.08
66,130,123.67
67,130,124.28
68,130,124.92
69,130,125.59
70,130,99.98
71,130,100.09
72,130,100.21
73,130,100.35
74,130,100.5
75,130,98.07
76,130,97.93
77,130,116.43
78,130,116.97
79,130,117.51
80,130,101.78
81,130,102.03
82,130,102.3
83,130,102.56
84,130,102.83
85,130,103.09
86,130,103.35
87,130,103.59
88,130,103.82
89,130,104.03
90,130,125.77
91,130,126.13
92,130,126.44
93,130,126.69
94,130,126.87
95,130,146.57
96,130,146.71
97,130,146.75
98,130,146.69
99,130,146.54
100,130,92.92
101,130,92.66
102,130,120.12
103,130,119.66
104,130,119.13
105,130,132.45
106,130,131.72
107,130,130.92
108,130,130.05
109,130,129.12
110,130,98.82
111,130,98.14
112,130,97.44
113,130,96.73
114,130,96.02
115,130,175.1
116,130,173.12
117,130,171.1
118,130,169.07
119,130,167.01
120,130,91.88
121,130,91.25
122,130,90.64
123,130,90.06
124,130,89.5
125,130,88.33
126,130,88.09
127,130,133.25
128,130,131.78
129,130,130.36
130,130,134.49
131,130,133.03
132,130,131.62
133,130,130.26
134,130,128.95
135,130,140.77
136,130,139.27
137,130,137.84
138,130,136.48
139,130,135.17
140,130,109.12
141,130,108.47
142,130,107.86
143,130,107.28
144,130,106.75
145,130,116.81
146,130,116.16
147,130,115.55
148,130,114.98
149,130,114.46
150,130,84.91
151,130,84.9
152,130,109.6
153,130,109.28
154,130,108.99
155,130,116.69
156,130,116.38
157,130,116.11
158,130,115.86
159,130,115.65
160,130,95.96
161,130,95.96
162,130,95.97
163,130,96.0
164,130,96.04
165,130,107.63
166,130,107.64
167,130,107.67
168,130,107.71
169,130,107.77
170,130,123.26
171,130,123.3
172,130,123.36
173,130,123.44
174,130,123.53
175,130,87.95
176,130,88.14
177,130,123.88
178,130,124.03
179,130,124.18
180,130,110.24
181,130,110.42
182,130,110.62
183,130,110.82
184,130,111.03
185,130,88.15
186,130,88.38
187,130,88.61
188,130,88.85
189,130,89.09
190,130,122.39
191,130,122.63
192,130,122.86
193,130,123.11
194,130,123.35
195,130,103.58
196,130,103.83
197,130,104.08
198,130,104.33
199,130,104.58
0,131,92.58
1,131,92.83
2,131,109.25
3,131,109.5
4,131,109.75
5,131,92.99
6,131,93.24
7,131,93.48
8,131,93.73
9,131,93.97
10,131,94.21
11,131,94.45
12,131,94.69
13,131,94.92
14,131,95.15
15,131,110.44
16,131,110.68
17,131,110.91
18,131,111.13
19,131,111.36
20,131,125.7
21,131,125.94
22,131,126.17
23,131,126.41
24,131,126.64
25,131,98.22
26,131,98.4
27,131,114.09
28,131,114.29
29,131,114.5
30,131,117.79
31,131,118.01
32,131,118.22
33,131,118.44
34,131,118.65
35,131,126.24
36,131,126.51
37,131,126.78
38,131,127.06
39,131,127.35
40,131,121.12
41,131,121.38
42,131,121.65
43,131,121.93
44,131,122.21
45,131,129.36
46,131,129.76
47,131,130.17
48,131,130.6
49,131,131.05
50,131,101.44
51,131,101.46
52,131,135.08
53,131,135.68
54,131,136.3
55,131,99.79
56,131,99.78
57,131,99.77
58,131,99.75
59,131,99.74
60,131,129.06
61,131,129.68
62,131,130.33
63,131,131.01
64,131,131.72
65,131,122.63
66,131,123.17
67,131,123.74
68,131,124.33
69,131,124.94
70,131,99.9
71,131,99.97
72,131,100.06
73,131,100.16
74,131,100.27
75,131,98.19
76,131,98.04
77,131,115.64
78,131,116.11
79,131,116.59
80,131,101.25
81,131,101.45
82,131,101.65
83,131,101.86
84,131,102.07
85,131,102.27
86,131,102.47
87,131,102.66
88,131,102.83
89,131,102.98
90,131,123.98
91,131,124.28
92,131,124.54
93,131,124.74
94,131,124.88
95,131,143.9
96,131,144.0
97,131,144.02
98,131,143.94
99,131,143.78
100,131,92.97
101,131,92.71
102,131,118.22
103,131,117.78
104,131,117.28
105,131,130.19
106,131,129.5
107,131,128.75
108,131,127.94
109,131,127.08
110,131,97.78
111,131,97.15
112,131,96.51
113,131,95.86
114,131,95.2
115,131,171.91
116,131,170.05
117,131,168.17
118,131,166.25
119,131,164.33
120,131,91.41
121,131,90.83
122,131,90.27
123,131,89.74
124,131,89.23
125,131,88.41
126,131,88.17
127,131,131.96
128,131,130.58
129,131,129.24
130,131,133.32
131,131,131.95
132,131,130.62
133,131,129.33
134,131,128.1
135,131,139.72
136,131,138.31
137,131,136.95
138,131,135.66
139,131,134.42
140,131,108.83
141,131,108.22
142,131,107.64
143,131,107.09
144,131,106.58
145,131,116.54
146,131,115.92
147,131,115.34
148,131,114.81
149,131,114.31
150,131,85.06
151,131,85.05
152,131,109.55
153,131,109.25
154,131,108.98
155,131,116.65
156,131,116.35
157,131,116.09
158,131,115.87
159,131,115.67
160,131,96.07
161,131,96.07
162,131,96.09
163,131,96.12
164,131,96.16
165,131,107.73
166,131,107.75
167,131,107.78
168,131,107.83
169,131,107.89
170,131,123.37
171,131,123.41
172,131,123.48
173,131,123.56
174,131,123.65
175,131,88.11
176,131,88.29
177,131,124.02
178,131,124.17
179,131,124.32
180,131,110.39
181,131,110.57
182,131,110.77
183,131,110.97
184,131,111.18
185,131,88.31
186,131,88.54
187,131,88.77
188,131,89.01
189,131,89.25
190,131,122.55
191,131,122.78
192,131,123.02
193,131,123.26
194,131,123.5
195,131,103.73
196,131,103.98
197,131,104.23
198,131,104.48
199,131,104.74
0,132,92.74
1,132,92.99
2,132,109.41
3,132,109.66
4,132,109.91
5,132,93.15
6,132,93.4
7,132,93.65
8,132,93.89
9,132,94.13
10,132,94.38
11,132,94.61
12,132,94.85
13,132,95.08
14,132,95.31
15,132,110.6
16,132,110.83
17,132,111.06
18,132,111.29
19,132,111.51
20,132,125.85
21,132,126.08
22,132,126.32
23,132,126.55
24,132,126.78
25,132,98.38
26,132,98.56
27,132,114.23
28,132,114.43
29,132,114.64
30,132,117.92
31,132,118.13
32,132,118.34
33,132,118.55
34,132,118.77
35,132,126.33
36,132,126.59
37,132,126.85
38,132,127.12
39,132,127.4
40,132,121.19
41,132,121.44
42,132,121.7
43,132,121.96
44,132,122.23
45,132,129.33
46,132,129.7
47,132,130.09
48,132,130.5
49,132,130.93
50,132,101.59
51,132,101.61
52,132,134.85
53,132,135.41
54,132,136.0
55,132,99.93
56,132,99.91
57,132,99.9
58,132,99.88
59,132,99.85
60,132,128.68
61,132,129.26
62,132,129.86
63,132,130.49
64,132,131.15
65,132,122.21
66,132,122.71
67,132,123.23
68,132,123.77
69,132,124.32
70,132,99.84
71,132,99.88
72,132,99.94
73,132,100.01
74,132,100.08
75,132,98.31
76,132,98.16
77,132,114.91
78,132,115.32
79,132,115.73
80,132,100.79
81,132,100.94
82,132,101.09
83,132,101.25
84,132,101.4
85,132,101.55
86,132,101.69
87,132,101.83
88,132,101.95
89,132,102.05
90,132,122.33
91,132,122.58
92,132,122.78
93,132,122.94
94,132,123.04
95,132,141.4
96,132,141.47
97,132,141.46
98,132,141.37
99,132,141.2
100,132,93.03
101,132,92.78
102,132,116.48
103,132,116.06
104,132,115.59
105,132,128.08
106,132,127.44
107,132,126.73
108,132,125.98
109,132,125.17
110,132,96.85
111,132,96.27
112,132,95.68
113,132,95.08
114,132,94.48
115,132,168.86
116,132,167.12
117,132,165.35
118,132,163.56
119,132,161.76
120,132,91.0
121,132,90.47
122,132,89.96
123,132,89.47
124,132,89.0
125,132,88.49
126,132,88.26
127,132,130.74
128,132,129.44
129,132,128.18
130,132,132.21
131,132,130.91
132,132,129.65
133,132,128.44
134,132,127.28
135,132,138.71
136,132,137.37
137,132,136.09
138,132,134.87
139,132,133.7
140,132,108.56
141,132,107.98
142,132,107.43
143,132,106.91
144,132,106.43
145,132,116.28
146,132,115.7
147,132,115.15
148,132,114.64
149,132,114.17
150,132,85.21
151,132,85.2
152,132,109.51
153,132,109.22
154,132,108.97
155,132,116.61
156,132,116.33
157,132,116.09
158,132,115.88
159,132,115.7
160,132,96.18
161,132,96.19
162,132,96.21
163,132,96.24
164,132,96.29
165,132,107.84
166,132,107.86
167,132,107.9
168,132,107.95
169,132,108.02
170,132,123.48
171,132,123.53
172,132,123.6
173,132,123.68
174,132,123.78
175,132,88.27
176,132,88.45
177,132,124.16
178,132,124.31
179,132,124.47
180,132,110.54
181,132,110.73
182,132,110.92
183,132,111.13
184,132,111.34
185,132,88.47
186,132,88.7
187,132,88.93
188,132,89.17
189,132,89.41
190,132,122.7
191,132,122.94
192,132,123.18
193,132,123.42
194,132,123.66
195,132,103.89
196,132,104.14
197,132,104.39
198,132,104.64
199,132,104.9
0,133,92.91
1,133,93.16
2,133,109.57
3,133,109.82
4,133,110.07
5,133,93.31
6,133,93.56
7,133,93.81
8,133,94.05
9,133,94.3
10,133,94.54
11,133,94.78
12,133,95.01
13,133,95.25
14,133,95.48
15,133,110.76
16,133,110.99
17,133,111.22
18,133,111.45
19,133,111.67
20,133,126.0
21,133,126.23
22,133,126.46
23,133,126.69
24,133,126.93
25,133,98.55
26,133,98.72
27,133,114.38
28,133,114.58
29,133,114.78
30,133,118.06
31,133,118.26
32,133,118.47
33,133,118.68
34,133,118.89
35,133,126.42
36,133,126.67
37,133,126.93
38,133,127.19
39,133,127.46
40,133,121.26
41,133,121.5
42,133,121.75
43,133,122.0
44,133,122.26
45,133,129.3
46,133,129.65
47,133,130.02
48,133,130.41
49,133,130.82
50,133,101.73
51,133,101.75
52,133,134.63
53,133,135.16
54,133,135.71
55,133,100.07
56,133,100.05
57,133,100.03
58,133,100.01
59,133,99.98
60,133,128.32
61,133,128.86
62,133,129.42
63,133,130.0
64,133,130.61
65,133,121.82
66,133,122.27
67,133,122.75
68,133,123.24
69,133,123.74
70,133,99.8
71,133,99.82
72,133,99.85
73,133,99.89
74,133,99.93
75,133,98.44
76,133,98.28
77,133,114.24
78,133,114.59
79,133,114.95
80,133,100.4
81,133,100.5
82,133,100.61
83,133,100.71
84,133,100.82
85,133,100.92
86,133,101.02
87,133,101.1
88,133,101.18
89,133,101.24
90,133,120.81
91,133,121.01
92,133,121.17
93,133,121.28
94,133,121.35
95,133,139.07
96,133,139.11
97,133,139.08
98,133,138.98
99,133,138.8
100,133,93.11
101,133,92.85
102,133,114.89
103,133,114.49
104,133,114.05
105,133,126.13
106,133,125.53
107,133,124.87
108,133,124.16
109,133,123.41
110,133,96.03
111,133,95.49
112,133,94.95
113,133,94.4
114,133,93.85
115,133,165.96
116,133,164.33
117,133,162.67
118,133,160.99
119,133,159.3
120,133,90.66
121,133,90.17
122,133,89.7
123,133,89.24
124,133,88.81
125,133,88.58
126,133,88.35
127,133,129.57
128,133,128.35
129,133,127.16
130,133,131.14
131,133,129.92
132,133,128.73
133,133,127.59
134,133,126.49
135,133,137.74
136,133,136.48
137,133,135.27
138,133,134.11
139,133,133.0
140,133,108.31
141,133,107.75
142,133,107.23
143,133,106.74
144,133,106.29
145,133,116.04
146,133,115.49
147,133,114.97
148,133,114.49
149,133,114.05
150,133,85.36
151,133,85.35
152,133,109.47
153,133,109.21
154,133,108.97
155,133,116.57
156,133,116.32
157,133,116.09
158,133,115.9
159,133,115.73
160,133,96.3
161,133,96.31
162,133,96.34
163,133,96.37
164,133,96.42
165,133,107.95
166,133,107.98
167,133,108.02
168,133,108.08
169,133,108.15
170,133,123.59
171,133,123.65
172,133,123.72
173,133,123.81
174,133,123.91
175,133,88.43
176,133,88.61
177,133,124.3
178,133,124.45
179,133,124.61
180,133,110.69
181,133,110.88
182,133,111.08
183,133,111.28
184,133,111.49
185,133,88.63
186,133,88.86
187,133,89.1
188,133,89.33
189,133,89.57
190,133,122.86
191,133,123.1
192,133,123.34
193,133,123.58
194,133,123.83
195,133,104.06
196,133,104.31
197,133,104.56
198,133,104.81
199,133,105.06
0,134,93.07
1,134,93.32
2,134,109.73
3,134,109.99
4,134,110.24
5,134,93.48
6,134,93.73
7,134,93.98
8,134,94.22
9,134,94.46
10,134,94.71
11,134,94.94
12,134,95.18
13,134,95.41
14,134,95.64
15,134,110.92
16,134,111.16
17,134,111.38
18,134,111.61
19,134,111.83
20,134,126.15
21,134,126.38
22,134,126.61
23,134,126.84
24,134,127.07
25,134,98.71
26,134,98.89
27,134,114.53
28,134,114.73
29,134,114.92
30,134,118.19
31,134,118.4
32,134,118.6
33,134,118.8
34,134,119.01
35,134,126.52
36,134,126.76
37,134,127.01
38,134,127.26
39,134,127.52
40,134,121.34
41,134,121.57
42,134,121.81
43,134,122.05
44,134,122.3
45,134,129.28
46,134,129.62
47,134,129.97
48,134,130.33
49,134,130.72
50,134,101.88
51,134,101.9
52,134,134.42
53,134,134.92
54,134,135.44
55,134,100.22
56,134,100.2
57,134,100.17
58,134,100.14
59,134,100.11
60,134,127.98
61,134,128.48
62,134,129.0
63,134,129.54
64,134,130.1
65,134,121.45
66,134,121.86
67,134,122.29
68,134,122.74
69,134,123.2
70,134,99.79
71,134,99.79
72,134,99.79
73,134,99.8
74,134,99.82
75,134,98.57
76,134,98.41
77,134,113.63
78,134,113.93
79,134,114.23
80,134,100.07
81,134,100.13
82,134,100.19
83,134,100.26
84,134,100.32
85,134,100.38
86,134,100.43
87,134,100.47
88,134,100.51
89,134,100.53
90,134,119.42
91,134,119.58
92,134,119.69
93,134,119.77
94,134,119.8
95,134,136.9
96,134,136.92
97,134,136.86
98,134,136.75
99,134,136.56
100,134,93.19
101,134,92.94
102,134,113.45
103,134,113.07
104,134,112.64
105,134,124.34
106,134,123.76
107,134,123.14
108,134,122.48
109,134,121.78
110,134,95.32
111,134,94.82
112,134,94.32
113,134,93.81
114,134,93.3
115,134,163.19
116,134,161.67
117,134,160.12
118,134,158.55
119,134,156.96
120,134,90.37
121,134,89.92
122,134,89.48
123,134,89.06
124,134,88.67
125,134,88.67
126,134,88.45
127,134,128.45
128,134,127.31
129,134,126.19
130,134,130.12
131,134,128.97
132,134,127.86
133,134,126.78
134,134,125.74
135,134,136.81
136,134,135.62
137,134,134.47
138,134,133.38
139,134,132.34
140,134,108.07
141,134,107.54
142,134,107.05
143,134,106.59
144,134,106.16
145,134,115.81
146,134,115.29
147,134,114.8
148,134,114.35
149,134,113.93
150,134,85.51
151,134,85.51
152,134,109.45
153,134,109.2
154,134,108.98
155,134,116.55
156,134,116.31
157,134,116.1
158,134,115.92
159,134,115.77
160,134,96.42
161,134,96.44
162,134,96.47
163,134,96.51
164,134,96.56
165,134,108.06
166,134,108.1
167,134,108.14
168,134,108.21
169,134,108.28
170,134,123.71
171,134,123.77
172,134,123.85
173,134,123.94
174,134,124.05
175,134,88.6
176,134,88.78
177,134,124.45
178,134,124.6
179,134,124.76
180,134,110.85
181,134,111.04
182,134,111.24
183,134,111.45
184,134,111.66
185,134,88.8
186,134,89.03
187,134,89.26
188,134,89.5
189,134,89.74
190,134,123.03
191,134,123.26
192,134,123.5
193,134,123.75
194,134,123.99
195,134,104.22
196,134,104.47
197,134,104.72
198,134,104.97
199,134,105.23
0,135,93.49
1,135,93.74
2,135,114.91
3,135,115.16
4,135,115.41
5,135,93.65
6,135,93.9
7,135,94.14
8,135,94.39
9,135,94.63
10,135,94.87
11,135,95.11
12,135,95.35
13,135,95.58
14,135,95.81
15,135,128.15
16,135,128.39
17,135,128.63
18,135,128.86
19,135,129.1
20,135,97.11
21,135,97.31
22,135,97.51
23,135,97.7
24,135,97.89
25,135,98.07
26,135,98.24
27,135,98.41
28,135,98.58
29,135,98.73
30,135,139.84
31,135,140.1
32,135,140.36
33,135,140.64
34,135,140.92
35,135,141.21
36,135,141.51
37,135,141.82
38,135,142.14
39,135,142.48
40,135,137.48
41,135,137.81
42,135,138.16
43,135,138.52
44,135,138.89
45,135,144.86
46,135,145.33
47,135,145.82
48,135,146.34
49,135,146.89
50,135,102.1
51,135,102.11
52,135,135.44
53,135,135.92
54,135,136.43
55,135,119.3
56,135,119.58
57,135,119.86
58,135,120.16
59,135,120.47
60,135,141.38
61,135,142.1
62,135,142.84
63,135,143.61
64,135,144.41
65,135,113.56
66,135,113.79
67,135,114.03
68,135,114.27
69,135,114.53
70,135,163.1
71,135,164.34
72,135,165.6
73,135,166.88
74,135,168.18
75,135,101.74
76,135,101.63
77,135,175.92
78,135,177.3
79,135,178.66
80,135,178.01
81,135,179.31
82,135,180.58
83,135,181.82
84,135,183.01
85,135,115.03
86,135,115.24
87,135,115.43
88,135,115.6
89,135,115.75
90,135,143.27
91,135,143.6
92,135,143.87
93,135,144.09
94,135,144.24
95,135,99.47
96,135,99.32
97,135,99.15
98,135,98.95
99,135,98.72
100,135,94.12
101,135,93.87
102,135,128.79
103,135,128.37
104,135,127.9
105,135,96.83
106,135,96.44
107,135,96.03
108,135,95.6
109,135,95.16
110,135,158.04
111,135,156.93
112,135,155.78
113,135,154.57
114,135,153.32
115,135,166.96
116,135,165.45
117,135,163.9
118,135,162.33
119,135,160.75
120,135,90.13
121,135,89.71
122,135,89.31
123,135,88.93
124,135,88.56
125,135,87.15
126,135,86.96
127,135,96.21
128,135,95.74
129,135,95.29
130,135,148.75
131,135,147.28
132,135,145.85
133,135,144.47
134,135,143.13
135,135,134.44
136,135,133.35
137,135,132.29
138,135,131.29
139,135,130.33
140,135,128.07
141,135,127.22
142,135,126.43
143,135,125.67
144,135,124.97
145,135,84.54
146,135,84.5
147,135,84.47
148,135,84.44
149,135,84.43
150,135,86.6
151,135,86.59
152,135,127.61
153,135,127.19
154,135,126.81
155,135,117.64
156,135,117.41
157,135,117.2
158,135,117.03
159,135,116.88
160,135,111.44
161,135,111.37
162,135,111.32
163,135,111.3
164,135,111.29
165,135,92.62
166,135,92.72
167,135,92.82
168,135,92.94
169,135,93.06
170,135,86.05
171,135,86.2
172,135,86.37
173,135,86.54
174,135,86.71
175,135,88.26
176,135,88.44
177,135,114.51
178,135,114.68
179,135,114.85
180,135,98.94
181,135,99.14
182,135,99.35
183,135,99.56
184,135,99.78
185,135,125.07
186,135,125.29
187,135,125.51
188,135,125.74
189,135,125.97
190,135,106.17
191,135,106.41
192,135,106.65
193,135,106.9
194,135,107.14
195,135,110.4
196,135,110.64
197,135,110.89
198,135,111.15
199,135,111.4
0,136,93.66
1,136,93.92
2,136,115.08
3,136,115.33
4,136,115.58
5,136,93.82
6,136,94.07
7,136,94.32
8,136,94.56
9,136,94.81
10,136,95.05
11,136,95.29
12,136,95.52
13,136,95.75
14,136,95.98
15,136,128.31
16,136,128.55
17,136,128.79
18,136,129.02
19,136,129.26
20,136,97.29
21,136,97.49
22,136,97.68
23,136,97.87
24,136,98.06
25,136,98.24
26,136,98.42
27,136,98.59
28,136,98.75
29,136,98.91
30,136,139.95
31,136,140.21
32,136,140.46
33,136,140.73
34,136,141.0
35,136,141.28
36,136,141.57
37,136,141.87
38,136,142.18
39,136,142.5
40,136,137.51
41,136,137.82
42,136,138.15
43,136,138.49
44,136,138.85
45,136,144.76
46,136,145.21
47,136,145.67
48,136,146.16
49,136,146.68
50,136,102.25
51,136,102.27
52,136,135.25
53,136,135.7
54,136,136.18
55,136,119.23
56,136,119.48
57,136,119.75
58,136,120.02
59,136,120.31
60,136,140.86
61,136,141.53
62,136,142.22
63,136,142.94
64,136,143.68
65,136,113.4
66,136,113.6
67,136,113.8
68,136,114.02
69,136,114.24
70,136,161.64
71,136,162.79
72,136,163.96
73,136,165.14
74,136,166.34
75,136,101.8
76,136,101.69
77,136,173.66
78,136,174.93
79,136,176.19
80,136,175.49
81,136,176.68
82,136,177.84
83,136,178.97
84,136,180.06
85,136,114.17
86,136,114.33
87,136,114.48
88,136,114.6
89,136,114.71
90,136,141.29
91,136,141.57
92,136,141.79
93,136,141.97
94,136,142.09
95,136,98.81
96,136,98.64
97,136,98.46
98,136,98.25
99,136,98.02
100,136,94.2
101,136,93.94
102,136,127.05
103,136,126.65
104,136,126.2
105,136,96.18
106,136,95.81
107,136,95.42
108,136,95.02
109,136,94.61
110,136,155.45
111,136,154.41
112,136,153.32
113,136,152.19
114,136,151.03
115,136,164.28
116,136,162.86
117,136,161.41
118,136,159.94
119,136,158.46
120,136,89.94
121,136,89.56
122,136,89.18
123,136,88.82
124,136,88.48
125,136,87.3
126,136,87.11
127,136,95.99
128,136,95.55
129,136,95.13
130,136,147.38
131,136,146.0
132,136,144.65
133,136,143.35
134,136,142.09
135,136,133.62
136,136,132.59
137,136,131.6
138,136,130.65
139,136,129.74
140,136,127.56
141,136,126.76
142,136,126.01
143,136,125.3
144,136,124.63
145,136,84.7
146,136,84.66
147,136,84.63
148,136,84.61
149,136,84.59
150,136,86.76
151,136,86.74
152,136,127.48
153,136,127.08
154,136,126.73
155,136,117.63
156,136,117.41
157,136,117.22
158,136,117.06
159,136,116.93
160,136,111.52
161,136,111.46
162,136,111.42
163,136,111.4
164,136,111.4
165,136,92.78
166,136,92.88
167,136,92.98
168,136,93.1
169,136,93.22
170,136,86.22
171,136,86.38
172,136,86.54
173,136,86.71
174,136,86.88
175,136,88.43
176,136,88.61
177,136,114.67
178,136,114.83
179,136,115.01
180,136,99.11
181,136,99.31
182,136,99.52
183,136,99.73
184,136,99.95
185,136,125.24
186,136,125.46
187,136,125.68
188,136,125.9
189,136,126.13
190,136,106.34
191,136,106.58
192,136,106.82
193,136,107.07
194,136,107.32
195,136,110.57
196,136,110.82
197,136,111.07
198,136,111.32
199,136,111.57
0,137,93.84
1,137,94.09
2,137,115.25
3,137,115.5
4,137,115.76
5,137,93.99
6,137,94.24
7,137,94.49
8,137,94.74
9,137,94.98
10,137,95.22
11,137,95.46
12,137,95.7
13,137,95.93
14,137,96.16
15,137,128.48
16,137,128.72
17,137,128.95
18,137,129.19
19,137,129.42
20,137,97.46
21,137,97.66
22,137,97.86
23,137,98.05
24,137,98.24
25,137,98.42
26,137,98.59
27,137,98.76
28,137,98.92
29,137,99.08
30,137,140.07
31,137,140.32
32,137,140.57
33,137,140.83
34,137,141.09
35,137,141.36
36,137,141.64
37,137,141.93
38,137,142.22
39,137,142.53
40,137,137.54
41,137,137.84
42,137,138.15
43,137,138.48
44,137,138.82
45,137,144.68
46,137,145.09
47,137,145.53
48,137,146.0
49,137,146.48
50,137,102.41
51,137,102.43
52,137,135.07
53,137,135.5
54,137,135.94
55,137,119.17
56,137,119.4
57,137,119.65
58,137,119.9
59,137,120.16
60,137,140.37
61,137,140.99
62,137,141.63
63,137,142.29
64,137,142.98
65,137,113.25
66,137,113.42
67,137,113.6
68,137,113.79
69,137,113.99
70,137,160.26
71,137,161.32
72,137,162.39
73,137,163.48
74,137,164.59
75,137,101.87
76,137,101.75
77,137,171.51
78,137,172.68
79,137,173.84
80,137,173.09
81,137,174.17
82,137,175.24
83,137,176.27
84,137,177.27
85,137,113.39
86,137,113.51
87,137,113.61
88,137,113.7
89,137,113.77
90,137,139.44
91,137,139.67
92,137,139.86
93,137,140.0
94,137,140.08
95,137,98.24
96,137,98.07
97,137,97.87
98,137,97.66
99,137,97.42
100,137,94.28
101,137,94.03
102,137,125.45
103,137,125.06
104,137,124.63
105,137,95.64
106,137,95.28
107,137,94.91
108,137,94.54
109,137,94.15
110,137,153.0
111,137,152.03
112,137,151.01
113,137,149.95
114,137,148.86
115,137,161.74
116,137,160.41
117,137,159.06
118,137,157.68
119,137,156.29
120,137,89.8
121,137,89.44
122,137,89.09
123,137,88.76
124,137,88.44
125,137,87.45
126,137,87.27
127,137,95.8
128,137,95.39
129,137,94.99
130,137,146.08
131,137,144.78
132,137,143.52
133,137,142.29
134,137,141.11
135,137,132.84
136,137,131.87
137,137,130.94
138,137,130.04
139,137,129.19
140,137,127.07
141,137,126.32
142,137,125.62
143,137,124.95
144,137,124.32
145,137,84.87
146,137,84.83
147,137,84.8
148,137,84.78
149,137,84.76
150,137,86.91
151,137,86.9
152,137,127.35
153,137,126.99
154,137,126.65
155,137,117.62
156,137,117.42
157,137,117.25
158,137,117.1
159,137,116.98
160,137,111.6
161,137,111.55
162,137,111.52
163,137,111.51
164,137,111.51
165,137,92.94
166,137,93.04
167,137,93.15
168,137,93.26
169,137,93.39
170,137,86.39
171,137,86.55
172,137,86.71
173,137,86.88
174,137,87.06
175,137,88.6
176,137,88.79
177,137,114.83
178,137,115.0
179,137,115.18
180,137,99.28
181,137,99.48
182,137,99.69
183,137,99.9
184,137,100.12
185,137,125.41
186,137,125.63
187,137,125.85
188,137,126.07
189,137,126.3
190,137,106.51
191,137,106.75
192,137,107.0
193,137,107.24
194,137,107.49
195,137,110.74
196,137,110.99
197,137,111.24
198,137,111.49
199,137,111.74
0,138,94.01
1,138,94.27
2,138,115.43
3,138,115.68
4,138,115.93
5,138,94.17
6,138,94.42
7,138,94.67
8,138,94.91
9,138,95.16
10,138,95.4
11,138,95.64
12,138,95.87
13,138,96.11
14,138,96.34
15,138,128.65
16,138,128.89
17,138,129.12
18,138,129.36
19,138,129.59
20,138,97.64
21,138,97.84
22,138,98.03
23,138,98.23
24,138,98.41
25,138,98.59
26,138,98.77
27,138,98.94
28,138,99.1
29,138,99.26
30,138,140.2
31,138,140.44
32,138,140.68
33,138,140.93
34,138,141.19
35,138,141.45
36,138,141.71
37,138,141.99
38,138,142.27
39,138,142.57
40,138,137.58
41,138,137.87
42,138,138.17
43,138,138.47
44,138,138.8
45,138,144.6
46,138,145.0
47,138,145.41
48,138,145.84
49,138,146.3
50,138,102.58
51,138,102.59
52,138,134.91
53,138,135.31
54,138,135.72
55,138,119.12
56,138,119.33
57,138,119.56
58,138,119.79
59,138,120.03
60,138,139.91
61,138,140.48
62,138,141.07
63,138,141.69
64,138,142.32
65,138,113.12
66,138,113.27
67,138,113.43
68,138,113.59
69,138,113.75
70,138,158.94
71,138,159.92
72,138,160.91
73,138,161.91
74,138,162.92
75,138,101.94
76,138,101.82
77,138,169.48
78,138,170.54
79,138,171.6
80,138,170.81
81,138,171.8
82,138,172.77
83,138,173.71
84,138,174.62
85,138,112.68
86,138,112.77
87,138,112.84
88,138,112.89
89,138,112.93
90,138,137.72
91,138,137.91
92,138,138.06
93,138,138.16
94,138,138.22
95,138,97.77
96,138,97.59
97,138,97.38
98,138,97.16
99,138,96.93
100,138,94.38
101,138,94.12
102,138,123.98
103,138,123.6
104,138,123.19
105,138,95.18
106,138,94.84
107,138,94.49
108,138,94.13
109,138,93.77
110,138,150.71
111,138,149.79
112,138,148.84
113,138,147.85
114,138,146.82
115,138,159.34
116,138,158.1
117,138,156.83
118,138,155.54
119,138,154.23
120,138,89.7
121,138,89.36
122,138,89.04
123,138,88.72
124,138,88.42
125,138,87.61
126,138,87.43
127,138,95.64
128,138,95.25
129,138,94.88
130,138,144.84
131,138,143.62
132,138,142.43
133,138,141.28
134,138,140.17
135,138,132.11
136,138,131.19
137,138,130.31
138,138,129.47
139,138,128.67
140,138,126.62
141,138,125.91
142,138,125.25
143,138,124.62
144,138,124.03
145,138,85.04
146,138,85.0
147,138,84.97
148,138,84.95
149,138,84.94
150,138,87.07
151,138,87.06
152,138,127.25
153,138,126.9
154,138,126.59
155,138,117.63
156,138,117.45
157,138,117.29
158,138,117.15
159,138,117.04
160,138,111.69
161,138,111.65
162,138,111.63
163,138,111.62
164,138,111.63
165,138,93.1
166,138,93.2
167,138,93.31
168,138,93.43
169,138,93.56
170,138,86.57
171,138,86.73
172,138,86.89
173,138,87.06
174,138,87.23
175,138,88.78
176,138,88.96
177,138,114.99
178,138,115.16
179,138,115.34
180,138,99.45
181,138,99.65
182,138,99.86
183,138,100.08
184,138,100.3
185,138,125.58
186,138,125.8
187,138,126.02
188,138,126.25
189,138,126.48
190,138,106.69
191,138,106.93
192,138,107.17
193,138,107.42
194,138,107.67
195,138,110.92
196,138,111.17
197,138,111.42
198,138,111.67
199,138,111.92
0,139,94.19
1,139,94.44
2,139,115.6
3,139,115.86
4,139,116.11
5,139,94.35
6,139,94.6
7,139,94.85
8,139,95.09
9,139,95.33
10,139,95.58
11,139,95.81
12,139,96.05
13,139,96.28
14,139,96.51
15,139,128.83
16,139,129.06
17,139,129.29
18,139,129.53
19,139,129.76
20,139,97.81
21,139,98.02
22,139,98.21
23,139,98.4
24,139,98.59
25,139,98.77
26,139,98.95
27,139,99.12
28,139,99.28
29,139,99.44
30,139,140.32
31,139,140.56
32,139,140.8
33,139,141.04
34,139,141.29
35,139,141.54
36,139,141.8
37,139,142.06
38,139,142.33
39,139,142.61
40,139,137.63
41,139,137.9
42,139,138.19
43,139,138.48
44,139,138.78
45,139,144.54
46,139,144.91
47,139,145.3
48,139,145.71
49,139,146.13
50,139,102.74
51,139,102.75
52,139,134.77
53,139,135.14
54,139,135.52
55,139,119.08
56,139,119.28
57,139,119.48
58,139,119.7
59,139,119.91
60,139,139.48
61,139,140.01
62,139,140.55
63,139,141.12
64,139,141.7
65,139,113.01
66,139,113.14
67,139,113.27
68,139,113.41
69,139,113.55
70,139,157.69
71,139,158.59
72,139,159.5
73,139,160.42
74,139,161.35
75,139,102.03
76,139,101.9
77,139,167.55
78,139,168.52
79,139,169.49
80,139,168.66
81,139,169.56
82,139,170.44
83,139,171.3
84,139,172.12
85,139,112.06
86,139,112.11
87,139,112.15
88,139,112.17
89,139,112.18
90,139,136.13
91,139,136.28
92,139,136.39
93,139,136.47
94,139,136.5
95,139,97.39
96,139,97.19
97,139,96.98
98,139,96.76
99,139,96.52
100,139,94.48
101,139,94.23
102,139,122.63
103,139,122.27
104,139,121.87
105,139,94.81
106,139,94.48
107,139,94.15
108,139,93.81
109,139,93.46
110,139,148.56
111,139,147.7
112,139,146.8
113,139,145.87
114,139,144.91
115,139,157.08
116,139,155.91
117,139,154.72
118,139,153.51
119,139,152.29
120,139,89.63
121,139,89.32
122,139,89.01
123,139,88.72
124,139,88.44
125,139,87.77
126,139,87.59
127,139,95.5
128,139,95.14
129,139,94.79
130,139,143.67
131,139,142.52
132,139,141.41
133,139,140.33
134,139,139.28
135,139,131.41
136,139,130.55
137,139,129.72
138,139,128.93
139,139,128.18
140,139,126.19
141,139,125.53
142,139,124.9
143,139,124.31
144,139,123.75
145,139,85.21
146,139,85.17
147,139,85.14
148,139,85.12
149,139,85.11
150,139,87.23
151,139,87.22
152,139,127.15
153,139,126.83
154,139,126.54
155,139,117.64
156,139,117.47
157,139,117.33
158,139,117.21
159,139,117.11
160,139,111.78
161,139,111.75
162,139,111.74
163,139,111.74
164,139,111.76
165,139,93.26
166,139,93.37
167,139,93.48
168,139,93.6
169,139,93.73
170,139,86.75
171,139,86.91
172,139,87.07
173,139,87.24
174,139,87.41
175,139,88.96
176,139,89.14
177,139,115.16
178,139,115.33
179,139,115.51
180,139,99.63
181,139,99.83
182,139,100.04
183,139,100.25
184,139,100.47
185,139,125.75
186,139,125.97
187,139,126.19
188,139,126.42
189,139,126.65
190,139,106.87
191,139,107.11
192,139,107.35
193,139,107.6
194,139,107.84
195,139,111.09
196,139,111.34
197,139,111.59
198,139,111.85
199,139,112.1
0,140,93.27
1,140,93.53
2,140,93.78
3,140,94.03
4,140,94.28
5,140,124.55
6,140,124.8
7,140,125.05
8,140,125.3
9,140,125.55
10,140,111.78
11,140,112.02
12,140,112.26
13,140,112.49
14,140,112.73
15,140,113.96
16,140,114.19
17,140,114.42
18,140,114.64
19,140,114.86
20,140,133.17
21,140,133.39
22,140,133.62
23,140,133.84
24,140,134.06
25,140,100.36
26,140,100.54
27,140,127.63
28,140,127.84
29,140,128.05
30,140,116.04
31,140,116.22
32,140,116.4
33,140,116.57
34,140,116.74
35,140,133.39
36,140,133.61
37,140,133.83
38,140,134.06
39,140,134.29
40,140,137.69
41,140,137.95
42,140,138.21
43,140,138.49
44,140,138.78
45,140,131.5
46,140,131.75
47,140,132.02
48,140,132.29
49,140,132.57
50,140,102.29
51,140,102.29
52,140,121.99
53,140,122.19
54,140,122.41
55,140,101.21
56,140,101.17
57,140,101.13
58,140,101.08
59,140,101.02
60,140,141.62
61,140,142.14
62,140,142.68
63,140,143.24
64,140,143.81
65,140,133.45
66,140,133.89
67,140,134.34
68,140,134.8
69,140,135.26
70,140,149.09
71,140,149.79
72,140,150.51
73,140,151.22
74,140,151.95
75,140,101.23
76,140,101.09
77,140,147.5
78,140,148.11
79,140,148.72
80,140,144.13
81,140,144.64
82,140,145.14
83,140,145.62
84,140,146.08
85,140,109.66
86,140,109.66
87,140,109.65
88,140,109.62
89,140,109.59
90,140,111.47
91,140,111.41
92,140,111.34
93,140,111.25
94,140,111.13
95,140,111.0
96,140,110.84
97,140,110.66
98,140,110.45
99,140,110.22
100,140,93.99
101,140,93.73
102,140,109.4
103,140,109.08
104,140,108.73
105,140,171.74
106,140,171.04
107,140,170.28
108,140,169.45
109,140,168.57
110,140,135.04
111,140,134.34
112,140,133.6
113,140,132.84
114,140,132.06
115,140,145.84
116,140,144.85
117,140,143.85
118,140,142.84
119,140,141.81
120,140,120.31
121,140,119.57
122,140,118.84
123,140,118.11
124,140,117.39
125,140,87.54
126,140,87.36
127,140,87.73
128,140,87.51
129,140,87.3
130,140,104.61
131,140,104.14
132,140,103.69
133,140,103.26
134,140,102.84
135,140,86.27
136,140,86.13
137,140,86.01
138,140,85.9
139,140,85.79
140,140,85.7
141,140,85.62
142,140,85.54
143,140,85.48
144,140,85.43
145,140,130.07
146,140,129.54
147,140,129.04
148,140,128.58
149,140,128.15
150,140,87.4
151,140,87.39
152,140,127.07
153,140,126.77
154,140,126.5
155,140,118.74
156,140,118.58
157,140,118.44
158,140,118.33
159,140,118.23
160,140,116.07
161,140,116.03
162,140,116.0
163,140,115.99
164,140,116.0
165,140,99.6
166,140,99.68
167,140,99.78
168,140,99.89
169,140,100.0
170,140,96.07
171,140,96.21
172,140,96.36
173,140,96.51
174,140,96.68
175,140,88.88
176,140,89.07
177,140,110.29
178,140,110.47
179,140,110.66
180,140,103.82
181,140,104.02
182,140,104.23
183,140,104.44
184,140,104.66
185,140,104.88
186,140,105.11
187,140,105.34
188,140,105.57
189,140,105.81
190,140,119.06
191,140,119.3
192,140,119.54
193,140,119.78
194,140,120.03
195,140,105.27
196,140,105.52
197,140,105.77
198,140,106.02
199,140,106.28
0,141,93.45
1,141,93.71
2,141,93.96
3,141,94.21
4,141,94.46
5,141,124.73
6,141,124.98
7,141,125.23
8,141,125.48
9,141,125.73
10,141,111.96
11,141,112.2
12,141,112.44
13,141,112.67
14,141,112.91
15,141,114.14
16,141,114.37
17,141,114.6
18,141,114.82
19,141,115.04
20,141,133.34
21,141,133.56
22,141,133.78
23,141,134.01
24,141,134.22
25,141,100.55
26,141,100.72
27,141,127.79
28,141,128.0
29,141,128.2
30,141,116.21
31,141,116.38
32,141,116.56
33,141,116.73
34,141,116.89
35,141,133.51
36,141,133.72
37,141,133.94
38,141,134.16
39,141,134.38
40,141,137.75
41,141,138.0
42,141,138.25
43,141,138.51
44,141,138.78
45,141,131.53
46,141,131.77
47,141,132.01
48,141,132.27
49,141,132.54
50,141,102.46
51,141,102.47
52,141,121.98
53,141,122.17
54,141,122.37
55,141,101.38
56,141,101.34
57,141,101.3
58,141,101.25
59,141,101.19
60,141,141.2
61,141,141.68
62,141,142.18
63,141,142.69
64,141,143.22
65,141,133.01
66,141,133.4
67,141,133.81
68,141,134.23
69,141,134.65
70,141,148.14
71,141,148.78
72,141,149.43
73,141,150.08
74,141,150.74
75,141,101.35
76,141,101.2
77,141,146.26
78,141,146.81
79,141,147.36
80,141,142.85
81,141,143.3
82,141,143.74
83,141,144.17
84,141,144.57
85,141,109.22
86,141,109.19
87,141,109.16
88,141,109.11
89,141,109.05
90,141,110.85
91,141,110.77
92,141,110.68
93,141,110.57
94,141,110.44
95,141,110.3
96,141,110.13
97,141,109.94
98,141,109.73
99,141,109.5
100,141,94.12
101,141,93.87
102,141,108.68
103,141,108.36
104,141,108.03
105,141,168.96
106,141,168.3
107,141,167.58
108,141,166.79
109,141,165.96
110,141,133.53
111,141,132.86
112,141,132.17
113,141,131.46
114,141,130.73
115,141,144.11
116,141,143.19
117,141,142.25
118,141,141.3
119,141,140.33
120,141,119.46
121,141,118.77
122,141,118.08
123,141,117.4
124,141,116.72
125,141,87.72
126,141,87.54
127,141,87.83
128,141,87.61
129,141,87.41
130,141,104.37
131,141,103.92
132,141,103.5
133,141,103.09
134,141,102.69
135,141,86.42
136,141,86.29
137,141,86.17
138,141,86.06
139,141,85.96
140,141,85.87
141,141,85.79
142,141,85.72
143,141,85.65
144,141,85.6
145,141,129.8
146,141,129.3
147,141,128.83
148,141,128.4
149,141,128.0
150,141,87.57
151,141,87.56
152,141,127.0
153,141,126.72
154,141,126.48
155,141,118.77
156,141,118.62
157,141,118.5
158,141,118.39
159,141,118.31
160,141,116.16
161,141,116.13
162,141,116.11
163,141,116.11
164,141,116.13
165,141,99.75
166,141,99.84
167,141,99.94
168,141,100.05
169,141,100.17
170,141,96.24
171,141,96.38
172,141,96.53
173,141,96.69
174,141,96.85
175,141,89.06
176,141,89.25
177,141,110.47
178,141,110.65
179,141,110.83
180,141,104.0
181,141,104.2
182,141,104.41
183,141,104.62
184,141,104.84
185,141,105.06
186,141,105.29
187,141,105.52
188,141,105.75
189,141,105.99
190,141,119.24
191,141,119.48
192,141,119.72
193,141,119.96
194,141,120.21
195,141,105.45
196,141,105.7
197,141,105.95
198,141,106.21
199,141,106.46
0,142,93.64
1,142,93.89
2,142,94.14
3,142,94.4
4,142,94.65
5,142,124.91
6,142,125.16
7,142,125.41
8,142,125.66
9,142,125.91
10,142,112.14
11,142,112.38
12,142,112.62
13,142,112.86
14,142,113.09
15,142,114.32
16,142,114.55
17,142,114.78
18,142,115.0
19,142,115.22
20,142,133.51
21,142,133.73
22,142,133.95
23,142,134.17
24,142,134.39
25,142,100.73
26,142,100.91
27,142,127.96
28,142,128.16
29,142,128.36
30,142,116.37
31,142,116.55
32,142,116.72
33,142,116.88
34,142,117.05
35,142,133.63
36,142,133.84
37,142,134.04
38,142,134.25
39,142,134.47
40,142,137.82
41,142,138.05
42,142,138.3
43,142,138.54
44,142,138.8
45,142,131.56
46,142,131.79
47,142,132.02
48,142,132.26
49,142,132.51
50,142,102.64
51,142,102.64
52,142,121.99
53,142,122.17
54,142,122.35
55,142,101.56
56,142,101.52
57,142,101.47
58,142,101.42
59,142,101.36
60,142,140.82
61,142,141.26
62,142,141.72
63,142,142.19
64,142,142.67
65,142,132.6
66,142,132.95
67,142,133.32
68,142,133.69
69,142,134.08
70,142,147.25
71,142,147.83
72,142,148.41
73,142,149.01
74,142,149.6
75,142,101.47
76,142,101.32
77,142,145.1
78,142,145.59
79,142,146.08
80,142,141.65
81,142,142.05
82,142,142.44
83,142,142.81
84,142,143.16
85,142,108.83
86,142,108.79
87,142,108.73
88,142,108.66
89,142,108.58
90,142,110.3
91,142,110.21
92,142,110.1
93,142,109.98
94,142,109.83
95,142,109.67
96,142,109.5
97,142,109.3
98,142,109.08
99,142,108.85
100,142,94.27
101,142,94.01
102,142,108.04
103,142,107.73
104,142,107.41
105,142,166.35
106,142,165.72
107,142,165.04
108,142,164.3
109,142,163.51
110,142,132.13
111,142,131.5
112,142,130.85
113,142,130.17
114,142,129.49
115,142,142.5
116,142,141.63
117,142,140.75
118,142,139.85
119,142,138.95
120,142,118.68
121,142,118.03
122,142,117.38
123,142,116.74
124,142,116.1
125,142,87.9
126,142,87.72
127,142,87.93
128,142,87.73
129,142,87.53
130,142,104.15
131,142,103.73
132,142,103.32
133,142,102.93
134,142,102.56
135,142,86.57
136,142,86.45
137,142,86.33
138,142,86.22
139,142,86.13
140,142,86.04
141,142,85.96
142,142,85.89
143,142,85.83
144,142,85.78
145,142,129.55
146,142,129.09
147,142,128.65
148,142,128.25
149,142,127.88
150,142,87.74
151,142,87.73
152,142,126.94
153,142,126.69
154,142,126.46
155,142,118.8
156,142,118.67
157,142,118.56
158,142,118.46
159,142,118.39
160,142,116.26
161,142,116.23
162,142,116.23
163,142,116.23
164,142,116.26
165,142,99.91
166,142,100.01
167,142,100.11
168,142,100.22
169,142,100.34
170,142,96.41
171,142,96.56
172,142,96.71
173,142,96.87
174,142,97.03
175,142,89.25
176,142,89.43
177,142,110.64
178,142,110.82
179,142,111.01
180,142,104.18
181,142,104.38
182,142,104.59
183,142,104.8
184,142,105.02
185,142,105.24
186,142,105.47
187,142,105.7
188,142,105.93
189,142,106.17
190,142,119.42
191,142,119.66
192,142,119.9
193,142,120.15
194,142,120.39
195,142,105.64
196,142,105.89
197,142,106.14
198,142,106.39
199,142,106.64
0,143,93.82
1,143,94.08
2,143,94.33
3,143,94.58
4,143,94.83
5,143,125.09
6,143,125.35
7,143,125.6
8,143,125.84
9,143,126.09
10,143,112.32
11,143,112.56
12,143,112.8
13,143,113.04
14,143,113.27
15,143,114.51
16,143,114.73
17,143,114.96
18,143,115.18
19,143,115.4
20,143,133.69
21,143,133.91
22,143,134.13
23,143,134.34
24,143,134.56
25,143,100.91
26,143,101.09
27,143,128.12
28,143,128.32
29,143,128.51
30,143,116.54
31,143,116.71
32,143,116.88
33,143,117.05
34,143,117.21
35,143,133.76
36,143,133.96
37,143,134.16
38,143,134.36
39,143,134.56
40,143,137.89
41,143,138.12
42,143,138.35
43,143,138.58
44,143,138.82
45,143,131.61
46,143,131.82
47,143,132.04
48,143,132.26
49,143,132.49
50,143,102.82
51,143,102.82
52,143,122.01
53,143,122.17
54,143,122.34
55,143,101.74
56,143,101.7
57,143,101.65
58,143,101.6
59,143,101.54
60,143,140.47
61,143,140.87
62,143,141.29
63,143,141.71
64,143,142.15
65,143,132.22
66,143,132.54
67,143,132.87
68,143,133.2
69,143,133.55
70,143,146.41
71,143,146.94
72,143,147.47
73,143,148.0
74,143,148.54
75,143,101.6
76,143,101.45
77,143,144.01
78,143,144.45
79,143,144.89
80,143,140.54
81,143,140.89
82,143,141.23
83,143,141.55
84,143,141.85
85,143,108.5
86,143,108.44
87,143,108.36
88,143,108.27
89,143,108.18
90,143,109.82
91,143,109.71
92,143,109.59
93,143,109.45
94,143,109.3
95,143,109.13
96,143,108.94
97,143,108.74
98,143,108.52
99,143,108.28
100,143,94.41
101,143,94.16
102,143,107.48
103,143,107.18
104,143,106.86
105,143,163.91
106,143,163.31
107,143,162.66
108,143,161.96
109,143,161.22
110,143,130.83
111,143,130.24
112,143,129.62
113,143,128.99
114,143,128.34
115,143,140.99
116,143,140.17
117,143,139.34
118,143,138.51
119,143,137.66
120,143,117.96
121,143,117.34
122,143,116.73
123,143,116.13
124,143,115.53
125,143,88.08
126,143,87.9
127,143,88.05
128,143,87.85
129,143,87.67
130,143,103.95
131,143,103.55
132,143,103.17
133,143,102.8
134,143,102.45
135,143,86.74
136,143,86.61
137,143,86.5
138,143,86.4
139,143,86.3
140,143,86.21
141,143,86.14
142,143,86.07
143,143,86.01
144,143,85.96
145,143,129.33
146,143,128.89
147,143,128.49
148,143,128.11
149,143,127.76
150,143,87.91
151,143,87.9
152,143,126.9
153,143,126.66
154,143,126.45
155,143,118.84
156,143,118.72
157,143,118.62
158,143,118.54
159,143,118.48
160,143,116.36
161,143,116.35
162,143,116.34
163,143,116.36
164,143,116.39
165,143,100.08
166,143,100.17
167,143,100.28
168,143,100.39
169,143,100.51
170,143,96.59
171,143,96.74
172,143,96.89
173,143,97.05
174,143,97.21
175,143,89.43
176,143,89.62
177,143,110.82
178,143,111.0
179,143,111.19
180,143,104.36
181,143,104.56
182,143,104.77
183,143,104.99
184,143,105.2
185,143,105.43
186,143,105.65
187,143,105.88
188,143,106.12
189,143,106.35
190,143,119.6
191,143,119.84
192,143,120.09
193,143,120.33
194,143,120.58
195,143,105.82
196,143,106.07
197,143,106.32
198,143,106.57
199,143,106.83
0,144,94.01
1,144,94.26
2,144,94.51
3,144,94.77
4,144,95.02
5,144,125.28
6,144,125.53
7,144,125.78
8,144,126.03
9,144,126.28
10,144,112.51
11,144,112.75
12,144,112.99
13,144,113.22
14,144,113.46
15,144,114.69
16,144,114.92
17,144,115.14
18,144,115.36
19,144,115.58
20,144,133.86
21,144,134.08
22,144,134.3
23,144,134.51
24,144,134.73
25,144,101.1
26,144,101.28
27,144,128.29
28,144,128.48
29,144,128.68
30,144,116.71
31,144,116.88
32,144,117.05
33,144,117.21
34,144,117.37
35,144,133.89
36,144,134.08
37,144,134.27
38,144,134.47
39,144,134.66
40,144,137.98
41,144,138.19
42,144,138.41
43,144,138.63
44,144,138.86
45,144,131.66
46,144,131.86
47,144,132.06
48,144,132.27
49,144,132.49
50,144,103.0
51,144,103.0
52,144,122.04
53,144,122.19
54,144,122.34
55,144,101.92
56,144,101.88
57,144,101.83
58,144,101.78
59,144,101.71
60,144,140.15
61,144,140.51
62,144,140.89
63,144,141.28
64,144,141.68
65,144,131.87
66,144,132.16
67,144,132.45
68,144,132.75
69,144,133.06
70,144,145.63
71,144,146.1
72,144,146.58
73,144,147.06
74,144,147.54
75,144,101.73
76,144,101.58
77,144,143.0
78,144,143.39
79,144,143.78
80,144,139.5
81,144,139.81
82,144,140.1
83,144,140.38
84,144,140.64
85,144,108.22
86,144,108.13
87,144,108.04
88,144,107.94
89,144,107.83
90,144,109.4
91,144,109.28
92,144,109.14
93,144,108.99
94,144,108.83
95,144,108.65
96,144,108.45
97,144,108.25
98,144,108.02
99,144,107.79
100,144,94.57
101,144,94.31
102,144,106.98
103,144,106.69
104,144,106.38
105,144,161.63
106,144,161.06
107,144,160.44
108,144,159.78
109,144,159.08
110,144,129.63
111,144,129.07
112,144,128.49
113,144,127.89
114,144,127.27
115,144,139.58
116,144,138.82
117,144,138.04
118,144,137.25
119,144,136.46
120,144,117.29
121,144,116.72
122,144,116.14
123,144,115.57
124,144,115.01
125,144,88.26
126,144,88.09
127,144,88.18
128,144,87.99
129,144,87.81
130,144,103.78
131,144,103.4
132,144,103.04
133,144,102.69
134,144,102.36
135,144,86.9
136,144,86.78
137,144,86.67
138,144,86.57
139,144,86.48
140,144,86.39
141,144,86.32
142,144,86.25
143,144,86.19
144,144,86.14
145,144,129.12
146,144,128.72
147,144,128.34
148,144,127.99
149,144,127.67
150,144,88.08
151,144,88.08
152,144,126.87
153,144,126.65
154,144,126.46
155,144,118.9
156,144,118.79
157,144,118.7
158,144,118.63
159,144,118.58
160,144,116.47
161,144,116.46
162,144,116.47
163,144,116.49
164,144,116.52
165,144,100.24
166,144,100.34
167,144,100.45
168,144,100.56
169,144,100.68
170,144,96.77
171,144,96.92
172,144,97.07
173,144,97.23
174,144,97.39
175,144,89.62
176,144,89.8
177,144,111.0
178,144,111.18
179,144,111.37
180,144,104.54
181,144,104.75
182,144,104.96
183,144,105.17
184,144,105.39
185,144,105.61
186,144,105.84
187,144,106.07
188,144,106.3
189,144,106.54
190,144,119.79
191,144,120.03
192,144,120.27
193,144,120.52
194,144,120.76
195,144,106.01
196,144,106.26
197,144,106.51
198,144,106.76
199,144,107.01
0,145,95.55
1,145,95.8
2,145,121.71
3,145,121.96
4,145,122.21
5,145,133.47
6,145,133.72
7,145,133.97
8,145,134.22
9,145,134.47
10,145,131.71
11,145,131.95
12,145,132.2
13,145,132.43
14,145,132.67
15,145,110.87
16,145,111.09
17,145,111.32
18,145,111.54
19,145,111.75
20,145,136.05
21,145,136.27
22,145,136.48
23,145,136.7
24,145,136.91
25,145,99.88
26,145,100.05
27,145,100.22
28,145,100.38
29,145,100.54
30,145,109.8
31,145,109.96
32,145,110.11
33,145,110.26
34,145,110.4
35,145,140.15
36,145,140.35
37,145,140.55
38,145,140.76
39,145,140.96
40,145,110.11
41,145,110.21
42,145,110.31
43,145,110.4
44,145,110.49
45,145,140.18
46,145,140.41
47,145,140.65
48,145,140.89
49,145,141.15
50,145,103.94
51,145,103.95
52,145,137.54
53,145,137.8
54,145,138.06
55,145,102.11
56,145,102.06
57,145,102.01
58,145,101.96
59,145,101.89
60,145,101.82
61,145,101.75
62,145,101.66
63,145,101.58
64,145,101.48
65,145,141.61
66,145,141.99
67,145,142.37
68,145,142.77
69,145,143.17
70,145,100.8
71,145,100.67
72,145,100.53
73,145,100.39
74,145,100.25
75,145,101.01
76,145,100.84
77,145,124.58
78,145,124.71
79,145,124.85
80,145,131.0
81,145,131.18
82,145,131.35
83,145,131.51
84,145,131.65
85,145,144.47
86,145,144.69
87,145,144.89
88,145,145.06
89,145,145.2
90,145,125.53
91,145,125.49
92,145,125.43
93,145,125.35
94,145,125.24
95,145,113.3
96,145,113.11
97,145,112.91
98,145,112.69
99,145,112.45
100,145,94.13
101,145,93.87
102,145,94.68
103,145,94.41
104,145,94.15
105,145,149.4
106,145,148.9
107,145,148.36
108,145,147.79
109,145,147.19
110,145,126.89
111,145,126.37
112,145,125.83
113,145,125.27
114,145,124.71
115,145,147.71
116,145,146.9
117,145,146.07
118,145,145.23
119,145,144.39
120,145,143.54
121,145,142.68
122,145,141.83
123,145,140.98
124,145,140.14
125,145,89.78
126,145,89.59
127,145,114.36
128,145,113.85
129,145,113.35
130,145,126.07
131,145,125.44
132,145,124.82
133,145,124.23
134,145,123.66
135,145,136.77
136,145,136.08
137,145,135.42
138,145,134.79
139,145,134.19
140,145,117.15
141,145,116.77
142,145,116.41
143,145,116.08
144,145,115.76
145,145,127.82
146,145,127.45
147,145,127.11
148,145,126.79
149,145,126.5
150,145,86.2
151,145,86.21
152,145,86.23
153,145,86.26
154,145,86.29
155,145,100.01
156,145,100.0
157,145,100.0
158,145,100.01
159,145,100.04
160,145,111.43
161,145,111.44
162,145,111.46
163,145,111.5
164,145,111.56
165,145,125.89
166,145,125.93
167,145,126.0
168,145,126.07
169,145,126.16
170,145,124.24
171,145,124.35
172,145,124.48
173,145,124.61
174,145,124.75
175,145,88.7
176,145,88.89
177,145,89.08
178,145,89.27
179,145,89.47
180,145,89.68
181,145,89.89
182,145,90.11
183,145,90.33
184,145,90.55
185,145,90.78
186,145,91.01
187,145,91.24
188,145,91.47
189,145,91.71
190,145,107.97
191,145,108.21
192,145,108.45
193,145,108.7
194,145,108.95
195,145,125.2
196,145,125.45
197,145,125.7
198,145,125.95
199,145,126.2
0,146,95.74
1,146,95.99
2,146,121.9
3,146,122.15
4,146,122.4
5,146,133.66
6,146,133.91
7,146,134.16
8,146,134.41
9,146,134.65
10,146,131.9
11,146,132.14
12,146,132.38
13,146,132.62
14,146,132.86
15,146,111.05
16,146,111.28
17,146,111.5
18,146,111.72
19,146,111.94
20,146,136.23
21,146,136.44
22,146,136.66
23,146,136.87
24,146,137.08
25,146,100.06
26,146,100.24
27,146,100.41
28,146,100.57
29,146,100.73
30,146,109.98
31,146,110.14
32,146,110.29
33,146,110.43
34,146,110.57
35,146,140.28
36,146,140.47
37,146,140.67
38,146,140.86
39,146,141.06
40,146,110.27
41,146,110.37
42,146,110.47
43,146,110.56
44,146,110.64
45,146,140.21
46,146,140.43
47,146,140.65
48,146,140.88
49,146,141.11
50,146,104.12
51,146,104.12
52,146,137.48
53,146,137.71
54,146,137.96
55,146,102.29
56,146,102.25
57,146,102.2
58,146,102.14
59,146,102.08
60,146,102.0
61,146,101.93
62,146,101.84
63,146,101.75
64,146,101.65
65,146,141.17
66,146,141.51
67,146,141.85
68,146,142.2
69,146,142.56
70,146,100.95
71,146,100.82
72,146,100.68
73,146,100.54
74,146,100.39
75,146,101.17
76,146,101.0
77,146,124.12
78,146,124.23
79,146,124.33
80,146,130.31
81,146,130.45
82,146,130.59
83,146,130.71
84,146,130.82
85,146,143.26
86,146,143.45
87,146,143.61
88,146,143.75
89,146,143.86
90,146,124.73
91,146,124.67
92,146,124.6
93,146,124.5
94,146,124.38
95,146,112.78
96,146,112.59
97,146,112.38
98,146,112.16
99,146,111.92
100,146,94.31
101,146,94.05
102,146,94.67
103,146,94.41
104,146,94.14
105,146,147.72
106,146,147.25
107,146,146.73
108,146,146.19
109,146,145.61
110,146,125.92
111,146,125.42
112,146,124.91
113,146,124.39
114,146,123.85
115,146,146.24
116,146,145.48
117,146,144.7
118,146,143.92
119,146,143.12
120,146,142.33
121,146,141.52
122,146,140.72
123,146,139.93
124,146,139.14
125,146,89.94
126,146,89.75
127,146,113.98
128,146,113.5
129,146,113.03
130,146,125.54
131,146,124.95
132,146,124.37
133,146,123.81
134,146,123.27
135,146,136.22
136,146,135.58
137,146,134.96
138,146,134.37
139,146,133.81
140,146,116.99
141,146,116.63
142,146,116.3
143,146,115.98
144,146,115.69
145,146,127.67
146,146,127.32
147,146,127.0
148,146,126.71
149,146,126.44
150,146,86.39
151,146,86.4
152,146,86.42
153,146,86.44
154,146,86.48
155,146,100.15
156,146,100.14
157,146,100.15
158,146,100.16
159,146,100.19
160,146,111.56
161,146,111.57
162,146,111.61
163,146,111.65
164,146,111.71
165,146,126.02
166,146,126.07
167,146,126.14
168,146,126.22
169,146,126.31
170,146,124.4
171,146,124.51
172,146,124.64
173,146,124.78
174,146,124.92
175,146,88.89
176,146,89.07
177,146,89.26
178,146,89.46
179,146,89.66
180,146,89.87
181,146,90.08
182,146,90.29
183,146,90.51
184,146,90.74
185,146,90.96
186,146,91.19
187,146,91.43
188,146,91.66
189,146,91.9
190,146,108.15
191,146,108.4
192,146,108.64
193,146,108.89
194,146,109.13
195,146,125.39
196,146,125.64
197,146,125.89
198,146,126.14
199,146,126.39
0,147,95.92
1,147,96.18
2,147,122.08
3,147,122.34
4,147,122.59
5,147,133.84
6,147,134.1
7,147,134.34
8,147,134.59
9,147,134.84
10,147,132.08
11,147,132.33
12,147,132.57
13,147,132.8
14,147,133.04
15,147,111.24
16,147,111.47
17,147,111.69
18,147,111.91
19,147,112.12
20,147,136.41
21,147,136.62
22,147,136.84
23,147,137.05
24,147,137.26
25,147,100.25
26,147,100.43
27,147,100.6
28,147,100.76
29,147,100.92
30,147,110.16
31,147,110.32
32,147,110.47
33,147,110.61
34,147,110.75
35,147,140.41
36,147,140.6
37,147,140.78
38,147,140.97
39,147,141.16
40,147,110.44
41,147,110.54
42,147,110.63
43,147,110.72
44,147,110.8
45,147,140.25
46,147,140.46
47,147,140.66
48,147,140.88
49,147,141.09
50,147,104.3
51,147,104.3
52,147,137.43
53,147,137.64
54,147,137.87
55,147,102.48
56,147,102.43
57,147,102.38
58,147,102.32
59,147,102.26
60,147,102.19
61,147,102.11
62,147,102.02
63,147,101.93
64,147,101.83
65,147,140.76
66,147,141.07
67,147,141.38
68,147,141.69
69,147,142.01
70,147,101.12
71,147,100.98
72,147,100.84
73,147,100.69
74,147,100.54
75,147,101.33
76,147,101.16
77,147,123.7
78,147,123.78
79,147,123.86
80,147,129.67
81,147,129.78
82,147,129.89
83,147,129.99
84,147,130.07
85,147,142.15
86,147,142.3
87,147,142.42
88,147,142.53
89,147,142.61
90,147,124.0
91,147,123.93
92,147,123.84
93,147,123.73
94,147,123.6
95,147,112.32
96,147,112.13
97,147,111.91
98,147,111.69
99,147,111.45
100,147,94.49
101,147,94.23
102,147,94.7
103,147,94.44
104,147,94.17
105,147,146.17
106,147,145.71
107,147,145.22
108,147,144.7
109,147,144.16
110,147,125.04
111,147,124.56
112,147,124.07
113,147,123.57
114,147,123.06
115,147,144.88
116,147,144.16
117,147,143.43
118,147,142.69
119,147,141.95
120,147,141.2
121,147,140.45
122,147,139.7
123,147,138.95
124,147,138.21
125,147,90.1
126,147,89.91
127,147,113.64
128,147,113.19
129,147,112.75
130,147,125.05
131,147,124.49
132,147,123.95
133,147,123.43
134,147,122.92
135,147,135.72
136,147,135.11
137,147,134.54
138,147,133.99
139,147,133.46
140,147,116.85
141,147,116.52
142,147,116.2
143,147,115.91
144,147,115.64
145,147,127.53
146,147,127.21
147,147,126.92
148,147,126.64
149,147,126.4
150,147,86.58
151,147,86.59
152,147,86.61
153,147,86.63
154,147,86.67
155,147,100.29
156,147,100.29
157,147,100.29
158,147,100.31
159,147,100.35
160,147,111.69
161,147,111.71
162,147,111.75
163,147,111.8
164,147,111.86
165,147,126.16
166,147,126.22
167,147,126.29
168,147,126.37
169,147,126.47
170,147,124.56
171,147,124.68
172,147,124.81
173,147,124.95
174,147,125.1
175,147,89.08
176,147,89.26
177,147,89.45
178,147,89.65
179,147,89.85
180,147,90.06
181,147,90.27
182,147,90.48
183,147,90.7
184,147,90.93
185,147,91.15
186,147,91.38
187,147,91.62
188,147,91.85
189,147,92.09
190,147,108.34
191,147,108.58
192,147,108.83
193,147,109.07
194,147,109.32
195,147,125.58
196,147,125.83
197,147,126.08
198,147,126.33
199,147,126.58
0,148,96.11
1,148,96.37
2,148,122.27
3,148,122.53
4,148,122.78
5,148,134.03
6,148,134.28
7,148,134.53
8,148,134.78
9,148,135.03
10,148,132.27
11,148,132.51
12,148,132.75
13,148,132.99
14,148,133.23
15,148,111.43
16,148,111.66
17,148,111.88
18,148,112.1
19,148,112.31
20,148,136.59
21,148,136.8
22,148,137.01
23,148,137.22
24,148,137.43
25,148,100.44
26,148,100.62
27,148,100.79
28,148,100.95
29,148,101.11
30,148,110.34
31,148,110.5
32,148,110.65
33,148,110.79
34,148,110.93
35,148,140.54
36,148,140.73
37,148,140.91
38,148,141.09
39,148,141.27
40,148,110.61
41,148,110.71
42,148,110.8
43,148,110.88
44,148,110.96
45,148,140.31
46,148,140.5
47,148,140.69
48,148,140.89
49,148,141.09
50,148,104.48
51,148,104.48
52,148,137.39
53,148,137.59
54,148,137.79
55,148,102.66
56,148,102.62
57,148,102.57
58,148,102.51
59,148,102.44
60,148,102.37
61,148,102.29
62,148,102.2
63,148,102.11
64,148,102.01
65,148,140.39
66,148,140.66
67,148,140.94
68,148,141.22
69,148,141.5
70,148,101.28
71,148,101.14
72,148,101.0
73,148,100.85
74,148,100.69
75,148,101.49
76,148,101.32
77,148,123.33
78,148,123.38
79,148,123.44
80,148,129.09
81,148,129.17
82,148,129.25
83,148,129.32
84,148,129.37
85,148,141.12
86,148,141.23
87,148,141.33
88,148,141.41
89,148,141.46
90,148,123.34
91,148,123.26
92,148,123.15
93,148,123.03
94,148,122.88
95,148,111.92
96,148,111.72
97,148,111.5
98,148,111.28
99,148,111.03
100,148,94.67
101,148,94.42
102,148,94.75
103,148,94.49
104,148,94.23
105,148,144.73
106,148,144.29
107,148,143.82
108,148,143.33
109,148,142.81
110,148,124.22
111,148,123.77
112,148,123.3
113,148,122.83
114,148,122.34
115,148,143.62
116,148,142.94
117,148,142.26
118,148,141.56
119,148,140.86
120,148,140.16
121,148,139.45
122,148,138.75
123,148,138.04
124,148,137.35
125,148,90.26
126,148,90.07
127,148,113.34
128,148,112.91
129,148,112.49
130,148,124.6
131,148,124.08
132,148,123.57
133,148,123.08
134,148,122.61
135,148,135.25
136,148,134.69
137,148,134.15
138,148,133.63
139,148,133.14
140,148,116.73
141,148,116.42
142,148,116.13
143,148,115.85
144,148,115.59
145,148,127.42
146,148,127.12
147,148,126.85
148,148,126.6
149,148,126.37
150,148,86.77
151,148,86.78
152,148,86.8
153,148,86.82
154,148,86.85
155,148,100.43
156,148,100.43
157,148,100.45
158,148,100.47
159,148,100.5
160,148,111.83
161,148,111.86
162,148,111.9
163,148,111.95
164,148,112.01
165,148,126.3
166,148,126.36
167,148,126.44
168,148,126.53
169,148,126.63
170,148,124.72
171,148,124.85
172,148,124.98
173,148,125.12
174,148,125.27
175,148,89.26
176,148,89.45
177,148,89.64
178,148,89.84
179,148,90.04
180,148,90.25
181,148,90.46
182,148,90.67
183,148,90.89
184,148,91.11
185,148,91.34
186,148,91.57
187,148,91.8
188,148,92.04
189,148,92.28
190,148,108.53
191,148,108.77
192,148,109.02
193,148,109.26
194,148,109.51
195,148,125.76
196,148,126.01
197,148,126.26
198,148,126.52
199,148,126.77
0,149,96.3
1,149,96.56
2,149,122.46
3,149,122.71
4,149,122.97
5,149,134.22
6,149,134.47
7,149,134.72
8,149,134.97
9,149,135.22
10,149,132.46
11,149,132.7
12,149,132.94
13,149,133.18
14,149,133.41
15,149,111.62
16,149,111.84
17,149,112.06
18,149,112.28
19,149,112.5
20,149,136.77
21,149,136.98
22,149,137.19
23,149,137.4
24,149,137.61
25,149,100.63
26,149,100.81
27,149,100.98
28,149,101.14
29,149,101.3
30,149,110.53
31,149,110.68
32,149,110.83
33,149,110.97
34,149,111.11
35,149,140.68
36,149,140.86
37,149,141.03
38,149,141.21
39,149,141.38
40,149,110.78
41,149,110.88
42,149,110.97
43,149,111.05
44,149,111.13
45,149,140.37
46,149,140.54
47,149,140.72
48,149,140.91
49,149,141.09
50,149,104.66
51,149,104.66
52,149,137.37
53,149,137.55
54,149,137.74
55,149,102.85
56,149,102.81
57,149,102.76
58,149,102.7
59,149,102.63
60,149,102.56
61,149,102.48
62,149,102.39
63,149,102.29
64,149,102.19
65,149,140.06
66,149,140.3
67,149,140.54
68,149,140.78
69,149,141.03
70,149,101.45
71,149,101.31
72,149,101.16
73,149,101.01
74,149,100.85
75,149,101.66
76,149,101.49
77,149,122.99
78,149,123.03
79,149,123.06
80,149,128.56
81,149,128.62
82,149,128.67
83,149,128.71
84,149,128.74
85,149,140.17
86,149,140.26
87,149,140.32
88,149,140.37
89,149,140.4
90,149,122.75
91,149,122.65
92,149,122.53
93,149,122.39
94,149,122.24
95,149,111.57
96,149,111.36
97,149,111.14
98,149,110.91
99,149,110.67
100,149,94.85
101,149,94.6
102,149,94.82
103,149,94.56
104,149,94.31
105,149,143.41
106,149,142.98
107,149,142.53
108,149,142.06
109,149,141.56
110,149,123.48
111,149,123.05
112,149,122.61
113,149,122.15
114,149,121.69
115,149,142.45
116,149,141.82
117,149,141.17
118,149,140.51
119,149,139.85
120,149,139.19
121,149,138.53
122,149,137.87
123,149,137.21
124,149,136.55
125,149,90.42
126,149,90.24
127,149,113.06
128,149,112.66
129,149,112.26
130,149,124.2
131,149,123.7
132,149,123.23
133,149,122.77
134,149,122.32
135,149,134.83
136,149,134.3
137,149,133.8
138,149,133.32
139,149,132.86
140,149,116.63
141,149,116.34
142,149,116.06
143,149,115.81
144,149,115.57
145,149,127.33
146,149,127.05
147,149,126.79
148,149,126.56
149,149,126.35
150,149,86.96
151,149,86.96
152,149,86.98
153,149,87.01
154,149,87.04
155,149,100.58
156,149,100.58
157,149,100.6
158,149,100.63
159,149,100.66
160,149,111.97
161,149,112.0
162,149,112.05
163,149,112.1
164,149,112.17
165,149,126.44
166,149,126.51
167,149,126.59
168,149,126.69
169,149,126.79
170,149,124.89
171,149,125.01
172,149,125.15
173,149,125.29
174,149,125.44
175,149,89.45
176,149,89.64
177,149,89.83
178,149,90.03
179,149,90.23
180,149,90.44
181,149,90.65
182,149,90.86
183,149,91.08
184,149,91.3
185,149,91.53
186,149,91.76
187,149,91.99
188,149,92.23
189,149,92.47
190,149,108.72
191,149,108.96
192,149,109.2
193,149,109.45
194,149,109.7
195,149,125.95
196,149,126.2
197,149,126.45
198,149,126.7
199,149,126.96
0,150,96.29
1,150,96.54
2,150,96.8
3,150,97.05
4,150,97.3
5,150,98.0
6,150,98.25
7,150,98.5
8,150,98.74
9,150,98.99
10,150,99.03
11,150,99.27
12,150,99.5
13,150,99.74
14,150,99.97
15,150,99.29
16,150,99.51
17,150,99.73
18,150,99.95
19,150,100.16
20,150,101.67
21,150,101.87
22,150,102.07
23,150,102.26
24,150,102.45
25,150,102.68
26,150,102.86
27,150,103.03
28,150,103.19
29,150,103.35
30,150,101.64
31,150,101.78
32,150,101.92
33,150,102.05
34,150,102.17
35,150,102.65
36,150,102.76
37,150,102.86
38,150,102.95
39,150,103.04
40,150,103.28
41,150,103.35
42,150,103.42
43,150,103.48
44,150,103.53
45,150,104.56
46,150,104.6
47,150,104.63
48,150,104.65
49,150,104.67
50,150,104.41
51,150,104.41
52,150,104.41
53,150,104.39
54,150,104.37
55,150,103.85
56,150,103.81
57,150,103.76
58,150,103.71
59,150,103.64
60,150,104.87
61,150,104.8
62,150,104.72
63,150,104.64
64,150,104.55
65,150,104.23
66,150,104.12
67,150,104.01
68,150,103.9
69,150,103.78
70,150,102.18
71,150,102.03
72,150,101.88
73,150,101.72
74,150,101.55
75,150,101.76
76,150,101.59
77,150,101.41
78,150,101.23
79,150,101.04
80,150,100.17
81,150,99.97
82,150,99.76
83,150,99.55
84,150,99.33
85,150,98.69
86,150,98.46
87,150,98.23
88,150,98.0
89,150,97.76
90,150,97.52
91,150,97.28
92,150,97.04
93,150,96.79
94,150,96.54
95,150,96.81
96,150,96.56
97,150,96.31
98,150,96.05
99,150,95.8
100,150,96.87
101,150,96.62
102,150,96.36
103,150,96.11
104,150,95.85
105,150,96.33
106,150,96.07
107,150,95.81
108,150,95.56
109,150,95.3
110,150,93.62
111,150,93.38
112,150,93.14
113,150,92.9
114,150,92.66
115,150,92.22
116,150,91.99
117,150,91.77
118,150,91.55
119,150,91.33
120,150,91.12
121,150,90.92
122,150,90.72
123,150,90.52
124,150,90.33
125,150,89.38
126,150,89.21
127,150,89.04
128,150,88.88
129,150,88.73
130,150,89.0
131,150,88.86
132,150,88.72
133,150,88.59
134,150,88.46
135,150,88.64
136,150,88.52
137,150,88.42
138,150,88.32
139,150,88.23
140,150,88.54
141,150,88.47
142,150,88.4
143,150,88.34
144,150,88.29
145,150,87.86
146,150,87.83
147,150,87.8
148,150,87.79
149,150,87.78
150,150,87.99
151,150,87.99
152,150,88.01
153,150,88.03
154,150,88.06
155,150,87.27
156,150,87.32
157,150,87.38
158,150,87.45
159,150,87.52
160,150,87.6
161,150,87.69
162,150,87.78
163,150,87.88
164,150,87.99
165,150,88.82
166,150,88.94
167,150,89.07
168,150,89.21
169,150,89.35
170,150,89.96
171,150,90.11
172,150,90.28
173,150,90.44
174,150,90.62
175,150,91.6
176,150,91.79
177,150,91.98
178,150,92.17
179,150,92.37
180,150,91.28
181,150,91.49
182,150,91.7
183,150,91.92
184,150,92.14
185,150,93.57
186,150,93.8
187,150,94.03
188,150,94.27
189,150,94.51
190,150,94.9
191,150,95.14
192,150,95.39
193,150,95.64
194,150,95.88
195,150,95.68
196,150,95.94
197,150,96.19
198,150,96.44
199,150,96.69
0,151,96.48
1,151,96.73
2,151,96.99
3,151,97.24
4,151,97.49
5,151,98.19
6,151,98.44
7,151,98.69
8,151,98.93
9,151,99.17
10,151,99.22
11,151,99.46
12,151,99.69
13,151,99.92
14,151,100.15
15,151,99.48
16,151,99.7
17,151,99.92
18,151,100.14
19,151,100.35
20,151,101.86
21,151,102.06
22,151,102.26
23,151,102.45
24,151,102.64
25,151,102.87
26,151,103.04
27,151,103.21
28,151,103.38
29,151,103.54
30,151,101.83
31,151,101.97
32,151,102.11
33,151,102.24
34,151,102.36
35,151,102.83
36,151,102.94
37,151,103.05
38,151,103.14
39,151,103.23
40,151,103.47
41,151,103.54
42,151,103.61
43,151,103.66
44,151,103.72
45,151,104.74
46,151,104.78
47,151,104.81
48,151,104.84
49,151,104.85
50,151,104.6
51,151,104.6
52,151,104.59
53,151,104.57
54,151,104.55
55,151,104.03
56,151,103.99
57,151,103.94
58,151,103.89
59,151,103.82
60,151,105.04
61,151,104.97
62,151,104.89
63,151,104.81
64,151,104.72
65,151,104.39
66,151,104.29
67,151,104.18
68,151,104.06
69,151,103.93
70,151,102.36
71,151,102.21
72,151,102.05
73,151,101.89
74,151,101.73
75,151,101.93
76,151,101.76
77,151,101.58
78,151,101.39
79,151,101.2
80,151,100.35
81,151,100.15
82,151,99.94
83,151,99.72
84,151,99.51
85,151,98.88
86,151,98.65
87,151,98.42
88,151,98.19
89,151,97.95
90,151,97.71
91,151,97.47
92,151,97.22
93,151,96.98
94,151,96.73
95,151,96.98
96,151,96.73
97,151,96.48
98,151,96.23
99,151,95.97
100,151,97.01
101,151,96.75
102,151,96.5
103,151,96.25
104,151,95.99
105,151,96.45
106,151,96.19
107,151,95.94
108,151,95.68
109,151,95.43
110,151,93.78
111,151,93.54
112,151,93.3
113,151,93.06
114,151,92.83
115,151,92.39
116,151,92.16
117,151,91.94
118,151,91.72
119,151,91.51
120,151,91.29
121,151,91.09
122,151,90.89
123,151,90.69
124,151,90.5
125,151,89.57
126,151,89.4
127,151,89.23
128,151,89.07
129,151,88.91
130,151,89.19
131,151,89.04
132,151,88.9
133,151,88.77
134,151,88.65
135,151,88.82
136,151,88.71
137,151,88.6
138,151,88.51
139,151,88.42
140,151,88.72
141,151,88.65
142,151,88.58
143,151,88.52
144,151,88.47
145,151,88.05
146,151,88.02
147,151,87.99
148,151,87.97
149,151,87.96
150,151,88.17
151,151,88.18
152,151,88.2
153,151,88.22
154,151,88.25
155,151,87.46
156,151,87.51
157,151,87.57
158,151,87.63
159,151,87.71
160,151,87.79
161,151,87.88
162,151,87.97
163,151,88.07
164,151,88.18
165,151,89.01
166,151,89.13
167,151,89.26
168,151,89.4
169,151,89.54
170,151,90.15
171,151,90.3
172,151,90.46
173,151,90.63
174,151,90.81
175,151,91.79
176,151,91.98
177,151,92.17
178,151,92.36
179,151,92.56
180,151,91.47
181,151,91.68
182,151,91.89
183,151,92.11
184,151,92.33
185,151,93.76
186,151,93.99
187,151,94.22
188,151,94.46
189,151,94.7
190,151,95.09
191,151,95.33
192,151,95.58
193,151,95.83
194,151,96.07
195,151,95.87
196,151,96.12
197,151,96.38
198,151,96.63
199,151,96.88
0,152,96.67
1,152,96.92
2,152,119.03
3,152,119.28
4,152,119.53
5,152,128.78
6,152,129.03
7,152,129.28
8,152,129.53
9,152,129.78
10,152,126.02
11,152,126.26
12,152,126.5
13,152,126.73
14,152,126.97
15,152,109.18
16,152,109.4
17,152,109.62
18,152,109.84
19,152,110.05
20,152,136.31
21,152,136.52
22,152,136.73
23,152,136.94
24,152,137.14
25,152,103.06
26,152,103.23
27,152,138.72
28,152,138.9
29,152,139.09
30,152,102.01
31,152,102.16
32,152,102.3
33,152,102.43
34,152,102.55
35,152,109.75
36,152,109.87
37,152,109.98
38,152,110.09
39,152,110.19
40,152,113.34
41,152,113.44
42,152,113.53
43,152,113.61
44,152,113.68
45,152,133.37
46,152,133.49
47,152,133.61
48,152,133.73
49,152,133.85
50,152,104.78
51,152,104.78
52,152,128.91
53,152,129.01
54,152,129.1
55,152,119.53
56,152,119.57
57,152,119.61
58,152,119.64
59,152,119.67
60,152,145.13
61,152,145.32
62,152,145.52
63,152,145.71
64,152,145.91
65,152,141.54
66,152,141.71
67,152,141.89
68,152,142.06
69,152,142.23
70,152,113.87
71,152,113.82
72,152,113.76
73,152,113.7
74,152,113.63
75,152,102.1
76,152,101.93
77,152,120.94
78,152,120.91
79,152,120.87
80,152,107.97
81,152,107.83
82,152,107.68
83,152,107.53
84,152,107.37
85,152,99.23
86,152,99.01
87,152,98.79
88,152,98.56
89,152,98.34
90,152,98.1
91,152,97.87
92,152,97.63
93,152,97.39
94,152,97.15
95,152,106.61
96,152,106.39
97,152,106.15
98,152,105.91
99,152,105.66
100,152,97.15
101,152,96.9
102,152,129.93
103,152,129.62
104,152,129.3
105,152,142.8
106,152,142.41
107,152,142.0
108,152,141.57
109,152,141.13
110,152,113.5
111,152,113.16
112,152,112.81
113,152,112.45
114,152,112.1
115,152,107.77
116,152,107.44
117,152,107.11
118,152,106.77
119,152,106.44
120,152,106.12
121,152,105.79
122,152,105.48
123,152,105.16
124,152,104.85
125,152,89.76
126,152,89.58
127,152,89.47
128,152,89.3
129,152,89.14
130,152,97.25
131,152,97.04
132,152,96.84
133,152,96.65
134,152,96.46
135,152,101.97
136,152,101.76
137,152,101.57
138,152,101.39
139,152,101.21
140,152,108.75
141,152,108.55
142,152,108.37
143,152,108.2
144,152,108.04
145,152,100.42
146,152,100.33
147,152,100.25
148,152,100.18
149,152,100.12
150,152,88.36
151,152,88.37
152,152,104.17
153,152,104.14
154,152,104.13
155,152,87.65
156,152,87.7
157,152,87.76
158,152,87.82
159,152,87.9
160,152,87.98
161,152,88.06
162,152,88.16
163,152,88.26
164,152,88.37
165,152,102.64
166,152,102.75
167,152,102.86
168,152,102.99
169,152,103.12
170,152,112.31
171,152,112.46
172,152,112.61
173,152,112.76
174,152,112.93
175,152,91.98
176,152,92.16
177,152,129.5
178,152,129.68
179,152,129.87
180,152,104.03
181,152,104.23
182,152,104.45
183,152,104.66
184,152,104.88
185,152,129.13
186,152,129.35
187,152,129.58
188,152,129.82
189,152,130.05
190,152,133.29
191,152,133.53
192,152,133.78
193,152,134.02
194,152,134.27
195,152,125.52
196,152,125.77
197,152,126.02
198,152,126.27
199,152,126.52
0,153,96.86
1,153,97.11
2,153,119.22
3,153,119.47
4,153,119.72
5,153,128.97
6,153,129.22
7,153,129.47
8,153,129.72
9,153,129.96
10,153,126.2
11,153,126.45
12,153,126.68
13,153,126.92
14,153,127.15
15,153,109.37
16,153,109.59
17,153,109.81
18,153,110.03
19,153,110.24
20,153,136.49
21,153,136.71
22,153,136.91
23,153,137.11
24,153,137.31
25,153,103.24
26,153,103.42
27,153,138.89
28,153,139.08
29,153,139.26
30,153,102.2
31,153,102.35
32,153,102.48
33,153,102.62
34,153,102.74
35,153,109.93
36,153,110.05
37,153,110.16
38,153,110.27
39,153,110.37
40,153,113.52
41,153,113.61
42,153,113.69
43,153,113.77
44,153,113.85
45,153,133.48
46,153,133.59
47,153,133.7
48,153,133.82
49,153,133.93
50,153,104.96
51,153,104.96
52,153,128.98
53,153,129.07
54,153,129.15
55,153,119.62
56,153,119.65
57,153,119.68
58,153,119.71
59,153,119.73
60,153,144.98
61,153,145.14
62,153,145.31
63,153,145.48
64,153,145.66
65,153,141.31
66,153,141.45
67,153,141.6
68,153,141.75
69,153,141.89
70,153,113.89
71,153,113.83
72,153,113.76
73,153,113.69
74,153,113.61
75,153,102.27
76,153,102.1
77,153,120.76
78,153,120.71
79,153,120.66
80,153,107.99
81,153,107.84
82,153,107.69
83,153,107.53
84,153,107.36
85,153,99.38
86,153,99.16
87,153,98.94
88,153,98.71
89,153,98.48
90,153,98.25
91,153,98.01
92,153,97.77
93,153,97.53
94,153,97.29
95,153,106.52
96,153,106.29
97,153,106.05
98,153,105.81
99,153,105.56
100,153,97.29
101,153,97.04
102,153,129.23
103,153,128.93
104,153,128.62
105,153,141.79
106,153,141.42
107,153,141.02
108,153,140.61
109,153,140.18
110,153,113.19
111,153,112.85
112,153,112.51
113,153,112.17
114,153,111.83
115,153,107.6
116,153,107.28
117,153,106.96
118,153,106.64
119,153,106.32
120,153,106.0
121,153,105.69
122,153,105.38
123,153,105.08
124,153,104.78
125,153,89.94
126,153,89.77
127,153,89.65
128,153,89.48
129,153,89.32
130,153,97.32
131,153,97.12
132,153,96.92
133,153,96.74
134,153,96.56
135,153,102.01
136,153,101.82
137,153,101.63
138,153,101.46
139,153,101.29
140,153,108.77
141,153,108.59
142,153,108.42
143,153,108.26
144,153,108.11
145,153,100.54
146,153,100.45
147,153,100.38
148,153,100.31
149,153,100.26
150,153,88.54
151,153,88.55
152,153,104.3
153,153,104.28
154,153,104.27
155,153,87.84
156,153,87.89
157,153,87.95
158,153,88.01
159,153,88.08
160,153,88.17
161,153,88.25
162,153,88.35
163,153,88.45
164,153,88.56
165,153,102.81
166,153,102.92
167,153,103.04
168,153,103.17
169,153,103.3
170,153,112.49
171,153,112.63
172,153,112.78
173,153,112.94
174,153,113.11
175,153,92.17
176,153,92.35
177,153,129.68
178,153,129.86
179,153,130.05
180,153,104.21
181,153,104.42
182,153,104.63
183,153,104.85
184,153,105.07
185,153,129.31
186,153,129.54
187,153,129.77
188,153,130.0
189,153,130.24
190,153,133.48
191,153,133.72
192,153,133.97
193,153,134.21
194,153,134.46
195,153,125.71
196,153,125.96
197,153,126.21
198,153,126.46
199,153,126.71
0,154,97.05
1,154,97.3
2,154,119.4
3,154,119.66
4,154,119.91
5,154,129.16
6,154,129.41
7,154,129.66
8,154,129.9
9,154,130.15
10,154,126.39
11,154,126.63
12,154,126.87
13,154,127.11
14,154,127.34
15,154,109.55
16,154,109.78
17,154,110.0
18,154,110.21
19,154,110.43
20,154,136.68
21,154,136.89
22,154,137.09
23,154,137.29
24,154,137.49
25,154,103.43
26,154,103.61
27,154,139.07
28,154,139.25
29,154,139.43
30,154,102.39
31,154,102.54
32,154,102.67
33,154,102.8
34,154,102.93
35,154,110.11
36,154,110.23
37,154,110.34
38,154,110.45
39,154,110.55
40,154,113.69
41,154,113.78
42,154,113.86
43,154,113.94
44,154,114.01
45,154,133.59
46,154,133.7
47,154,133.8
48,154,133.91
49,154,134.01
50,154,105.15
51,154,105.14
52,154,129.06
53,154,129.13
54,154,129.21
55,154,119.72
56,154,119.75
57,154,119.77
58,154,119.79
59,154,119.8
60,154,144.84
61,154,144.99
62,154,145.13
63,154,145.28
64,154,145.43
65,154,141.1
66,154,141.22
67,154,141.35
68,154,141.47
69,154,141.59
70,154,113.92
71,154,113.85
72,154,113.77
73,154,113.69
74,154,113.61
75,154,102.45
76,154,102.27
77,154,120.6
78,154,120.54
79,154,120.48
80,154,108.02
81,154,107.87
82,154,107.71
83,154,107.54
84,154,107.37
85,154,99.54
86,154,99.32
87,154,99.09
88,154,98.87
89,154,98.64
90,154,98.4
91,154,98.16
92,154,97.92
93,154,97.68
94,154,97.44
95,154,106.45
96,154,106.22
97,154,105.98
98,154,105.74
99,154,105.49
100,154,97.44
101,154,97.19
102,154,128.6
103,154,128.3
104,154,127.99
105,154,140.87
106,154,140.51
107,154,140.13
108,154,139.73
109,154,139.32
110,154,112.92
111,154,112.59
112,154,112.26
113,154,111.93
114,154,111.6
115,154,107.46
116,154,107.14
117,154,106.83
118,154,106.52
119,154,106.21
120,154,105.91
121,154,105.61
122,154,105.31
123,154,105.02
124,154,104.73
125,154,90.13
126,154,89.96
127,154,89.83
128,154,89.66
129,154,89.5
130,154,97.4
131,154,97.21
132,154,97.02
133,154,96.84
134,154,96.66
135,154,102.07
136,154,101.88
137,154,101.7
138,154,101.53
139,154,101.38
140,154,108.81
141,154,108.63
142,154,108.47
143,154,108.32
144,154,108.19
145,154,100.66
146,154,100.58
147,154,100.51
148,154,100.45
149,154,100.4
150,154,88.73
151,154,88.74
152,154,104.44
153,154,104.43
154,154,104.42
155,154,88.03
156,154,88.08
157,154,88.13
158,154,88.2
159,154,88.27
160,154,88.35
161,154,88.44
162,154,88.54
163,154,88.64
164,154,88.75
165,154,102.99
166,154,103.1
167,154,103.22
168,154,103.35
169,154,103.48
170,154,112.67
171,154,112.81
172,154,112.96
173,154,113.12
174,154,113.29
175,154,92.35
176,154,92.54
177,154,129.86
178,154,130.04
179,154,130.24
180,154,104.4
181,154,104.61
182,154,104.82
183,154,105.04
184,154,105.26
185,154,129.5
186,154,129.73
187,154,129.96
188,154,130.19
189,154,130.43
190,154,133.67
191,154,133.91
192,154,134.15
193,154,134.4
194,154,134.65
195,154,125.89
196,154,126.14
197,154,126.4
198,154,126.65
199,154,126.9
0,155,96.08
1,155,96.34
2,155,96.59
3,155,96.84
4,155,97.09
5,155,137.35
6,155,137.6
7,155,137.85
8,155,138.09
9,155,138.34
10,155,124.58
11,155,124.82
12,155,125.05
13,155,125.29
14,155,125.52
15,155,131.76
16,155,131.98
17,155,132.21
18,155,132.42
19,155,132.64
20,155,134.86
21,155,135.06
22,155,135.27
23,155,135.47
24,155,135.67
25,155,102.16
26,155,102.34
27,155,110.14
28,155,110.3
29,155,110.46
30,155,133.74
31,155,133.9
32,155,134.06
33,155,134.21
34,155,134.37
35,155,108.28
36,155,108.39
37,155,108.5
38,155,108.6
39,155,108.7
40,155,132.13
41,155,132.25
42,155,132.36
43,155,132.47
44,155,132.58
45,155,129.61
46,155,129.7
47,155,129.79
48,155,129.87
49,155,129.96
50,155,106.0
51,155,106.0
52,155,142.72
53,155,142.84
54,155,142.95
55,155,127.22
56,155,127.27
57,155,127.32
58,155,127.36
59,155,127.4
60,155,119.88
61,155,119.88
62,155,119.87
63,155,119.86
64,155,119.85
65,155,145.36
66,155,145.49
67,155,145.61
68,155,145.74
69,155,145.87
70,155,110.53
71,155,110.43
72,155,110.32
73,155,110.21
74,155,110.1
75,155,101.67
76,155,101.49
77,155,101.35
78,155,101.16
79,155,100.96
80,155,139.72
81,155,139.74
82,155,139.75
83,155,139.76
84,155,139.75
85,155,139.73
86,155,139.7
87,155,139.65
88,155,139.59
89,155,139.52
90,155,121.55
91,155,121.39
92,155,121.22
93,155,121.04
94,155,120.84
95,155,110.29
96,155,110.06
97,155,109.82
98,155,109.58
99,155,109.34
100,155,98.37
101,155,98.11
102,155,143.6
103,155,143.29
104,155,142.97
105,155,146.5
106,155,146.13
107,155,145.74
108,155,145.34
109,155,144.93
110,155,93.59
111,155,93.34
112,155,93.1
113,155,92.87
114,155,92.63
115,155,135.96
116,155,135.51
117,155,135.05
118,155,134.59
119,155,134.13
120,155,120.36
121,155,119.98
122,155,119.6
123,155,119.23
124,155,118.87
125,155,92.31
126,155,92.13
127,155,129.39
128,155,128.98
129,155,128.58
130,155,125.91
131,155,125.55
132,155,125.19
133,155,124.85
134,155,124.52
135,155,133.03
136,155,132.68
137,155,132.35
138,155,132.03
139,155,131.72
140,155,97.03
141,155,96.92
142,155,96.82
143,155,96.73
144,155,96.65
145,155,109.2
146,155,109.1
147,155,109.0
148,155,108.92
149,155,108.85
150,155,88.09
151,155,88.1
152,155,88.11
153,155,88.14
154,155,88.17
155,155,112.75
156,155,112.75
157,155,112.77
158,155,112.79
159,155,112.82
160,155,126.05
161,155,126.09
162,155,126.14
163,155,126.2
164,155,126.27
165,155,125.34
166,155,125.44
167,155,125.54
168,155,125.65
169,155,125.77
170,155,123.89
171,155,124.03
172,155,124.18
173,155,124.34
174,155,124.5
175,155,90.99
176,155,91.17
177,155,98.98
178,155,99.17
179,155,99.37
180,155,91.57
181,155,91.78
182,155,91.99
183,155,92.21
184,155,92.43
185,155,108.67
186,155,108.9
187,155,109.13
188,155,109.37
189,155,109.6
190,155,130.85
191,155,131.09
192,155,131.34
193,155,131.58
194,155,131.83
195,155,103.08
196,155,103.33
197,155,103.58
198,155,103.83
199,155,104.08
0,156,96.27
1,156,96.52
2,156,96.77
3,156,97.03
4,156,97.28
5,156,137.53
6,156,137.78
7,156,138.03
8,156,138.28
9,156,138.52
10,156,124.76
11,156,125.0
12,156,125.24
13,156,125.47
14,156,125.71
15,156,131.94
16,156,132.17
17,156,132.39
18,156,132.61
19,156,132.82
20,156,135.04
21,156,135.25
22,156,135.45
23,156,135.65
24,156,135.84
25,156,102.35
26,156,102.52
27,156,110.32
28,156,110.49
29,156,110.65
30,156,133.91
31,156,134.07
32,156,134.23
33,156,134.38
34,156,134.53
35,156,108.46
36,156,108.57
37,156,108.68
38,156,108.78
39,156,108.88
40,156,132.28
41,156,132.39
42,156,132.5
43,156,132.61
44,156,132.71
45,156,129.74
46,156,129.83
47,156,129.91
48,156,129.99
49,156,130.06
50,156,106.18
51,156,106.18
52,156,142.76
53,156,142.86
54,156,142.96
55,156,127.29
56,156,127.33
57,156,127.37
58,156,127.41
59,156,127.44
60,156,119.96
61,156,119.95
62,156,119.93
63,156,119.92
64,156,119.89
65,156,145.17
66,156,145.27
67,156,145.38
68,156,145.48
69,156,145.58
70,156,110.62
71,156,110.52
72,156,110.41
73,156,110.29
74,156,110.17
75,156,101.86
76,156,101.68
77,156,101.52
78,156,101.33
79,156,101.14
80,156,139.26
81,156,139.27
82,156,139.26
83,156,139.24
84,156,139.21
85,156,139.17
86,156,139.12
87,156,139.06
88,156,138.99
89,156,138.9
90,156,121.26
91,156,121.09
92,156,120.92
93,156,120.73
94,156,120.53
95,156,110.18
96,156,109.95
97,156,109.71
98,156,109.47
99,156,109.22
100,156,98.5
101,156,98.25
102,156,142.77
103,156,142.46
104,156,142.14
105,156,145.61
106,156,145.25
107,156,144.88
108,156,144.49
109,156,144.09
110,156,93.75
111,156,93.51
112,156,93.27
113,156,93.03
114,156,92.8
115,156,135.36
116,156,134.93
117,156,134.49
118,156,134.06
119,156,133.62
120,156,120.08
121,156,119.72
122,156,119.36
123,156,119.0
124,156,118.65
125,156,92.47
126,156,92.29
127,156,129.08
128,156,128.7
129,156,128.32
130,156,125.7
131,156,125.35
132,156,125.02
133,156,124.7
134,156,124.39
135,156,132.84
136,156,132.51
137,156,132.2
138,156,131.9
139,156,131.62
140,156,97.16
141,156,97.05
142,156,96.96
143,156,96.87
144,156,96.79
145,156,109.3
146,156,109.19
147,156,109.11
148,156,109.03
149,156,108.96
150,156,88.27
151,156,88.28
152,156,88.3
153,156,88.33
154,156,88.36
155,156,112.89
156,156,112.9
157,156,112.91
158,156,112.94
159,156,112.98
160,156,126.19
161,156,126.23
162,156,126.28
163,156,126.35
164,156,126.42
165,156,125.5
166,156,125.6
167,156,125.7
168,156,125.82
169,156,125.94
170,156,124.07
171,156,124.21
172,156,124.36
173,156,124.51
174,156,124.68
175,156,91.17
176,156,91.36
177,156,99.16
178,156,99.36
179,156,99.56
180,156,91.75
181,156,91.96
182,156,92.18
183,156,92.4
184,156,92.62
185,156,108.86
186,156,109.08
187,156,109.32
188,156,109.55
189,156,109.79
190,156,131.04
191,156,131.28
192,156,131.52
193,156,131.77
194,156,132.02
195,156,103.26
196,156,103.51
197,156,103.76
198,156,104.02
199,156,104.27
0,157,96.45
1,157,96.71
2,157,96.96
3,157,97.21
4,157,97.46
5,157,137.72
6,157,137.97
7,157,138.21
8,157,138.46
9,157,138.71
10,157,124.95
11,157,125.19
12,157,125.42
13,157,125.66
14,157,125.89
15,157,132.12
16,157,132.35
17,157,132.57
18,157,132.79
19,157,133.0
20,157,135.22
21,157,135.42
22,157,135.63
23,157,135.83
24,157,136.02
25,157,102.53
26,157,102.71
27,157,110.5
28,157,110.67
29,157,110.83
30,157,134.08
31,157,134.24
32,157,134.4
33,157,134.55
34,157,134.69
35,157,108.64
36,157,108.75
37,157,108.86
38,157,108.96
39,157,109.05
40,157,132.43
41,157,132.54
42,157,132.64
43,157,132.74
44,157,132.84
45,157,129.87
46,157,129.95
47,157,130.03
48,157,130.11
49,157,130.17
50,157,106.36
51,157,106.36
52,157,142.8
53,157,142.9
54,157,142.99
55,157,127.37
56,157,127.41
57,157,127.44
58,157,127.46
59,157,127.49
60,157,120.04
61,157,120.02
62,157,120.0
63,157,119.98
64,157,119.95
65,157,145.0
66,157,145.09
67,157,145.17
68,157,145.25
69,157,145.33
70,157,110.72
71,157,110.61
72,157,110.49
73,157,110.37
74,157,110.24
75,157,102.04
76,157,101.86
77,157,101.7
78,157,101.51
79,157,101.31
80,157,138.86
81,157,138.84
82,157,138.81
83,157,138.78
84,157,138.73
85,157,138.68
86,157,138.61
87,157,138.53
88,157,138.44
89,157,138.34
90,157,121.01
91,157,120.84
92,157,120.65
93,157,120.46
94,157,120.26
95,157,110.1
96,157,109.87
97,157,109.63
98,157,109.39
99,157,109.14
100,157,98.64
101,157,98.39
102,157,142.01
103,157,141.71
104,157,141.4
105,157,144.8
106,157,144.45
107,157,144.09
108,157,143.72
109,157,143.33
110,157,93.92
111,157,93.68
112,157,93.44
113,157,93.2
114,157,92.97
115,157,134.82
116,157,134.41
117,157,133.99
118,157,133.57
119,157,133.16
120,157,119.83
121,157,119.49
122,157,119.14
123,157,118.8
124,157,118.47
125,157,92.63
126,157,92.45
127,157,128.82
128,157,128.45
129,157,128.09
130,157,125.52
131,157,125.19
132,157,124.87
133,157,124.57
134,157,124.28
135,157,132.68
136,157,132.37
137,157,132.08
138,157,131.8
139,157,131.53
140,157,97.29
141,157,97.19
142,157,97.1
143,157,97.01
144,157,96.94
145,157,109.39
146,157,109.3
147,157,109.22
148,157,109.14
149,157,109.08
150,157,88.46
151,157,88.47
152,157,88.48
153,157,88.51
154,157,88.54
155,157,113.03
156,157,113.04
157,157,113.06
158,157,113.09
159,157,113.13
160,157,126.33
161,157,126.38
162,157,126.43
163,157,126.5
164,157,126.58
165,157,125.66
166,157,125.76
167,157,125.87
168,157,125.99
169,157,126.11
170,157,124.24
171,157,124.38
172,157,124.53
173,157,124.69
174,157,124.85
175,157,91.36
176,157,91.54
177,157,99.35
178,157,99.54
179,157,99.74
180,157,91.94
181,157,92.15
182,157,92.36
183,157,92.58
184,157,92.8
185,157,109.04
186,157,109.27
187,157,109.5
188,157,109.74
189,157,109.97
190,157,131.22
191,157,131.46
192,157,131.71
193,157,131.95
194,157,132.2
195,157,103.45
196,157,103.7
197,157,103.95
198,157,104.2
199,157,104.45
0,158,96.64
1,158,96.89
2,158,97.14
3,158,97.39
4,158,97.64
5,158,137.9
6,158,138.15
7,158,138.4
8,158,138.64
9,158,138.89
10,158,125.13
11,158,125.37
12,158,125.6
13,158,125.84
14,158,126.07
15,158,132.3
16,158,132.53
17,158,132.75
18,158,132.97
19,158,133.18
20,158,135.4
21,158,135.6
22,158,135.81
23,158,136.0
24,158,136.2
25,158,102.72
26,158,102.89
27,158,110.68
28,158,110.85
29,158,111.01
30,158,134.25
31,158,134.41
32,158,134.56
33,158,134.71
34,158,134.86
35,158,108.82
36,158,108.93
37,158,109.04
38,158,109.14
39,158,109.23
40,158,132.58
41,158,132.69
42,158,132.79
43,158,132.88
44,158,132.98
45,158,130.01
46,158,130.09
47,158,130.16
48,158,130.23
49,158,130.29
50,158,106.54
51,158,106.54
52,158,142.86
53,158,142.94
54,158,143.02
55,158,127.46
56,158,127.49
57,158,127.51
58,158,127.53
59,158,127.54
60,158,120.13
61,158,120.11
62,158,120.08
63,158,120.05
64,158,120.01
65,158,144.86
66,158,144.93
67,158,144.99
68,158,145.05
69,158,145.11
70,158,110.82
71,158,110.71
72,158,110.59
73,158,110.46
74,158,110.33
75,158,102.23
76,158,102.04
77,158,101.88
78,158,101.68
79,158,101.49
80,158,138.5
81,158,138.46
82,158,138.42
83,158,138.37
84,158,138.3
85,158,138.23
86,158,138.15
87,158,138.06
88,158,137.95
89,158,137.84
90,158,120.8
91,158,120.62
92,158,120.42
93,158,120.23
94,158,120.02
95,158,110.04
96,158,109.8
97,158,109.56
98,158,109.32
99,158,109.07
100,158,98.78
101,158,98.53
102,158,141.33
103,158,141.04
104,158,140.73
105,158,144.07
106,158,143.73
107,158,143.38
108,158,143.02
109,158,142.65
110,158,94.08
111,158,93.84
112,158,93.61
113,158,93.37
114,158,93.14
115,158,134.33
116,158,133.94
117,158,133.54
118,158,133.15
119,158,132.75
120,158,119.62
121,158,119.29
122,158,118.96
123,158,118.63
124,158,118.32
125,158,92.79
126,158,92.61
127,158,128.58
128,158,128.23
129,158,127.89
130,158,125.36
131,158,125.05
132,158,124.75
133,158,124.46
134,158,124.19
135,158,132.54
136,158,132.26
137,158,131.98
138,158,131.72
139,158,131.47
140,158,97.43
141,158,97.33
142,158,97.24
143,158,97.16
144,158,97.09
145,158,109.5
146,158,109.41
147,158,109.33
148,158,109.26
149,158,109.21
150,158,88.64
151,158,88.65
152,158,88.67
153,158,88.69
154,158,88.73
155,158,113.17
156,158,113.18
157,158,113.21
158,158,113.24
159,158,113.29
160,158,126.47
161,158,126.52
162,158,126.59
163,158,126.66
164,158,126.74
165,158,125.82
166,158,125.92
167,158,126.03
168,158,126.15
169,158,126.28
170,158,124.41
171,158,124.55
172,158,124.7
173,158,124.86
174,158,125.03
175,158,91.54
176,158,91.73
177,158,99.53
178,158,99.72
179,158,99.92
180,158,92.12
181,158,92.33
182,158,92.55
183,158,92.76
184,158,92.99
185,158,109.22
186,158,109.45
187,158,109.68
188,158,109.92
189,158,110.16
190,158,131.4
191,158,131.64
192,158,131.89
193,158,132.14
194,158,132.38
195,158,103.63
196,158,103.88
197,158,104.13
198,158,104.38
199,158,104.64
0,159,96.82
1,159,97.07
2,159,97.32
3,159,97.57
4,159,97.83
5,159,138.08
6,159,138.33
7,159,138.58
8,159,138.82
9,159,139.07
10,159,125.31
11,159,125.55
12,159,125.79
13,159,126.02
14,159,126.25
15,159,132.48
16,159,132.71
17,159,132.93
18,159,133.15
19,159,133.36
20,159,135.57
21,159,135.78
22,159,135.98
23,159,136.18
24,159,136.37
25,159,102.9
26,159,103.07
27,159,110.86
28,159,111.03
29,159,111.19
30,159,134.42
31,159,134.58
32,159,134.73
33,159,134.88
34,159,135.02
35,159,109.0
36,159,109.11
37,159,109.22
38,159,109.32
39,159,109.41
40,159,132.73
41,159,132.83
42,159,132.93
43,159,133.02
44,159,133.11
45,159,130.15
46,159,130.22
47,159,130.29
48,159,130.35
49,159,130.41
50,159,106.72
51,159,106.71
52,159,142.92
53,159,142.99
54,159,143.06
55,159,127.55
56,159,127.57
57,159,127.59
58,159,127.6
59,159,127.6
60,159,120.22
61,159,120.2
62,159,120.16
63,159,120.12
64,159,120.08
65,159,144.75
66,159,144.79
67,159,144.84
68,159,144.88
69,159,144.92
70,159,110.93
71,159,110.81
72,159,110.69
73,159,110.56
74,159,110.42
75,159,102.41
76,159,102.22
77,159,102.05
78,159,101.86
79,159,101.66
80,159,138.18
81,159,138.13
82,159,138.07
83,159,138.0
84,159,137.92
85,159,137.83
86,159,137.74
87,159,137.63
88,159,137.52
89,159,137.39
90,159,120.61
91,159,120.42
92,159,120.23
93,159,120.02
94,159,119.81
95,159,110.0
96,159,109.76
97,159,109.52
98,159,109.28
99,159,109.03
100,159,98.92
101,159,98.67
102,159,140.72
103,159,140.43
104,159,140.13
105,159,143.41
106,159,143.08
107,159,142.74
108,159,142.39
109,159,142.03
110,159,94.25
111,159,94.02
112,159,93.78
113,159,93.55
114,159,93.31
115,159,133.9
116,159,133.52
117,159,133.14
118,159,132.76
119,159,132.38
120,159,119.44
121,159,119.12
122,159,118.8
123,159,118.49
124,159,118.19
125,159,92.95
126,159,92.77
127,159,128.38
128,159,128.05
129,159,127.73
130,159,125.23
131,159,124.94
132,159,124.65
133,159,124.38
134,159,124.12
135,159,132.43
136,159,132.16
137,159,131.9
138,159,131.65
139,159,131.42
140,159,97.57
141,159,97.47
142,159,97.38
143,159,97.3
144,159,97.24
145,159,109.6
146,159,109.52
147,159,109.45
148,159,109.39
149,159,109.34
150,159,88.82
151,159,88.83
152,159,88.85
153,159,88.87
154,159,88.91
155,159,113.31
156,159,113.33
157,159,113.36
158,159,113.4
159,159,113.44
160,159,126.62
161,159,126.67
162,159,126.74
163,159,126.81
164,159,126.9
165,159,125.98
166,159,126.09
167,159,126.2
168,159,126.32
169,159,126.45
170,159,124.58
171,159,124.72
172,159,124.88
173,159,125.04
174,159,125.2
175,159,91.72
176,159,91.91
177,159,99.71
178,159,99.9
179,159,100.1
180,159,92.3
181,159,92.51
182,159,92.73
183,159,92.95
184,159,93.17
185,159,109.4
186,159,109.63
187,159,109.86
188,159,110.1
189,159,110.34
190,159,131.58
191,159,131.83
192,159,132.07
193,159,132.32
194,159,132.56
195,159,103.81
196,159,104.06
197,159,104.31
198,159,104.57
199,159,104.82
0,160,97.0
1,160,97.25
2,160,97.5
3,160,97.75
4,160,98.01
5,160,137.26
6,160,137.51
7,160,137.76
8,160,138.0
9,160,138.25
10,160,133.49
11,160,133.73
12,160,133.97
13,160,134.2
14,160,134.43
15,160,127.66
16,160,127.88
17,160,128.1
18,160,128.32
19,160,128.54
20,160,139.75
21,160,139.96
22,160,140.16
23,160,140.36
24,160,140.55
25,160,104.18
26,160,104.35
27,160,133.09
28,160,133.26
29,160,133.43
30,160,128.57
31,160,128.72
32,160,128.87
33,160,129.02
34,160,129.15
35,160,144.37
36,160,144.5
37,160,144.63
38,160,144.76
39,160,144.88
40,160,104.62
41,160,104.69
42,160,104.76
43,160,104.82
44,160,104.87
45,160,139.42
46,160,139.5
47,160,139.58
48,160,139.66
49,160,139.73
50,160,105.0
51,160,104.99
52,160,104.98
53,160,104.96
54,160,104.93
55,160,139.03
56,160,139.08
57,160,139.11
58,160,139.15
59,160,139.18
60,160,142.36
61,160,142.4
62,160,142.43
63,160,142.46
64,160,142.49
65,160,128.64
66,160,128.61
67,160,128.58
68,160,128.54
69,160,128.5
70,160,103.42
71,160,103.27
72,160,103.11
73,160,102.95
74,160,102.78
75,160,103.14
76,160,102.96
77,160,113.43
78,160,113.28
79,160,113.13
80,160,131.1
81,160,131.01
82,160,130.91
83,160,130.8
84,160,130.68
85,160,119.02
86,160,118.85
87,160,118.68
88,160,118.5
89,160,118.31
90,160,99.39
91,160,99.15
92,160,98.91
93,160,98.66
94,160,98.42
95,160,104.07
96,160,103.83
97,160,103.58
98,160,103.33
99,160,103.08
100,160,97.94
101,160,97.69
102,160,117.69
103,160,117.43
104,160,117.15
105,160,95.65
106,160,95.4
107,160,95.16
108,160,94.91
109,160,94.67
110,160,101.43
111,160,101.17
112,160,100.92
113,160,100.66
114,160,100.41
115,160,104.76
116,160,104.5
117,160,104.24
118,160,103.98
119,160,103.73
120,160,124.93
121,160,124.6
122,160,124.27
123,160,123.95
124,160,123.63
125,160,91.73
126,160,91.55
127,160,100.77
128,160,100.57
129,160,100.38
130,160,90.44
131,160,90.29
132,160,90.16
133,160,90.03
134,160,89.91
135,160,98.31
136,160,98.17
137,160,98.04
138,160,97.92
139,160,97.81
140,160,109.22
141,160,109.09
142,160,108.97
143,160,108.86
144,160,108.77
145,160,98.36
146,160,98.31
147,160,98.27
148,160,98.23
149,160,98.21
150,160,89.41
151,160,89.42
152,160,97.17
153,160,97.19
154,160,97.21
155,160,98.25
156,160,98.29
157,160,98.34
158,160,98.39
159,160,98.46
160,160,129.79
161,160,129.85
162,160,129.91
163,160,129.99
164,160,130.07
165,160,99.01
166,160,99.13
167,160,99.26
168,160,99.39
169,160,99.53
170,160,108.7
171,160,108.86
172,160,109.01
173,160,109.18
174,160,109.35
175,160,91.5
176,160,91.69
177,160,91.88
178,160,92.07
179,160,92.27
180,160,113.5
181,160,113.71
182,160,113.92
183,160,114.14
184,160,114.36
185,160,116.58
186,160,116.81
187,160,117.05
188,160,117.28
189,160,117.52
190,160,112.76
191,160,113.0
192,160,113.25
193,160,113.49
194,160,113.74
195,160,95.99
196,160,96.24
197,160,96.49
198,160,96.75
199,160,97.0
0,161,97.18
1,161,97.43
2,161,97.68
3,161,97.93
4,161,98.18
5,161,137.44
6,161,137.69
7,161,137.93
8,161,138.18
9,161,138.42
10,161,133.67
11,161,133.91
12,161,134.14
13,161,134.38
14,161,134.61
15,161,127.84
16,161,128.06
17,161,128.28
18,161,128.5
19,161,128.71
20,161,139.93
21,161,140.13
22,161,140.34
23,161,140.53
24,161,140.73
25,161,104.36
26,161,104.53
27,161,133.26
28,161,133.43
29,161,133.59
30,161,128.74
31,161,128.89
32,161,129.04
33,161,129.18
34,161,129.32
35,161,144.52
36,161,144.66
37,161,144.78
38,161,144.91
39,161,145.02
40,161,104.8
41,161,104.87
42,161,104.94
43,161,104.99
44,161,105.04
45,161,139.55
46,161,139.63
47,161,139.7
48,161,139.77
49,161,139.83
50,161,105.18
51,161,105.17
52,161,105.16
53,161,105.13
54,161,105.1
55,161,139.1
56,161,139.13
57,161,139.16
58,161,139.19
59,161,139.21
60,161,142.37
61,161,142.39
62,161,142.41
63,161,142.43
64,161,142.45
65,161,128.67
66,161,128.63
67,161,128.59
68,161,128.54
69,161,128.49
70,161,103.6
71,161,103.45
72,161,103.29
73,161,103.12
74,161,102.95
75,161,103.32
76,161,103.13
77,161,113.49
78,161,113.33
79,161,113.18
80,161,130.94
81,161,130.83
82,161,130.72
83,161,130.6
84,161,130.47
85,161,118.95
86,161,118.78
87,161,118.6
88,161,118.41
89,161,118.22
90,161,99.56
91,161,99.32
92,161,99.08
93,161,98.83
94,161,98.59
95,161,104.15
96,161,103.91
97,161,103.66
98,161,103.41
99,161,103.16
100,161,98.1
101,161,97.85
102,161,117.54
103,161,117.28
104,161,117.0
105,161,95.82
106,161,95.57
107,161,95.33
108,161,95.08
109,161,94.84
110,161,101.5
111,161,101.25
112,161,100.99
113,161,100.74
114,161,100.49
115,161,104.79
116,161,104.53
117,161,104.27
118,161,104.02
119,161,103.77
120,161,124.74
121,161,124.42
122,161,124.11
123,161,123.8
124,161,123.49
125,161,91.9
126,161,91.73
127,161,100.87
128,161,100.67
129,161,100.48
130,161,90.61
131,161,90.47
132,161,90.34
133,161,90.21
134,161,90.09
135,161,98.43
136,161,98.3
137,161,98.17
138,161,98.06
139,161,97.95
140,161,109.31
141,161,109.18
142,161,109.07
143,161,108.97
144,161,108.88
145,161,98.51
146,161,98.46
147,161,98.42
148,161,98.39
149,161,98.37
150,161,89.59
151,161,89.59
152,161,97.34
153,161,97.35
154,161,97.37
155,161,98.42
156,161,98.46
157,161,98.51
158,161,98.56
159,161,98.63
160,161,129.94
161,161,129.99
162,161,130.06
163,161,130.14
164,161,130.23
165,161,99.18
166,161,99.3
167,161,99.43
168,161,99.57
169,161,99.71
170,161,108.88
171,161,109.03
172,161,109.19
173,161,109.35
174,161,109.52
175,161,91.68
176,161,91.86
177,161,92.05
178,161,92.25
179,161,92.45
180,161,113.67
181,161,113.88
182,161,114.1
183,161,114.31
184,161,114.53
185,161,116.76
186,161,116.99
187,161,117.22
188,161,117.46
189,161,117.7
190,161,112.94
191,161,113.18
192,161,113.42
193,161,113.67
194,161,113.92
195,161,96.17
196,161,96.42
197,161,96.67
198,161,96.92
199,161,97.18
0,162,97.35
1,162,97.6
2,162,97.86
3,162,98.11
4,162,98.36
5,162,137.61
6,162,137.86
7,162,138.11
8,162,138.36
9,162,138.6
10,162,133.84
11,162,134.08
12,162,134.32
13,162,134.55
14,162,134.78
15,162,128.01
16,162,128.23
17,162,128.45
18,162,128.67
19,162,128.88
20,162,140.1
21,162,140.31
22,162,140.51
23,162,140.7
24,162,140.9
25,162,104.53
26,162,104.71
27,162,133.43
28,162,133.6
29,162,133.76
30,162,128.91
31,162,129.06
32,162,129.21
33,162,129.35
34,162,129.48
35,162,144.68
36,162,144.81
37,162,144.93
38,162,145.05
39,162,145.17
40,162,104.97
41,162,105.05
42,162,105.11
43,162,105.17
44,162,105.22
45,162,139.68
46,162,139.75
47,162,139.82
48,162,139.88
49,162,139.94
50,162,105.35
51,162,105.34
52,162,105.33
53,162,105.31
54,162,105.28
55,162,139.17
56,162,139.2
57,162,139.22
58,162,139.24
59,162,139.25
60,162,142.38
61,162,142.4
62,162,142.41
63,162,142.41
64,162,142.42
65,162,128.7
66,162,128.66
67,162,128.61
68,162,128.55
69,162,128.49
70,162,103.77
71,162,103.62
72,162,103.46
73,162,103.3
74,162,103.12
75,162,103.49
76,162,103.3
77,162,113.55
78,162,113.39
79,162,113.23
80,162,130.8
81,162,130.68
82,162,130.56
83,162,130.43
84,162,130.3
85,162,118.9
86,162,118.72
87,162,118.54
88,162,118.35
89,162,118.15
90,162,99.73
91,162,99.49
92,162,99.25
93,162,99.0
94,162,98.76
95,162,104.24
96,162,103.99
97,162,103.75
98,162,103.5
99,162,103.25
100,162,98.26
101,162,98.01
102,162,117.42
103,162,117.15
104,162,116.88
105,162,95.99
106,162,95.74
107,162,95.49
108,162,95.25
109,162,95.01
110,162,101.58
111,162,101.33
112,162,101.08
113,162,100.83
114,162,100.58
115,162,104.82
116,162,104.57
117,162,104.32
118,162,104.07
119,162,103.83
120,162,124.58
121,162,124.27
122,162,123.97
123,162,123.67
124,162,123.38
125,162,92.07
126,162,91.9
127,162,100.96
128,162,100.77
129,162,100.58
130,162,90.79
131,162,90.65
132,162,90.51
133,162,90.38
134,162,90.26
135,162,98.56
136,162,98.43
137,162,98.31
138,162,98.19
139,162,98.09
140,162,109.4
141,162,109.29
142,162,109.18
143,162,109.08
144,162,109.0
145,162,98.66
146,162,98.61
147,162,98.57
148,162,98.54
149,162,98.52
150,162,89.76
151,162,89.77
152,162,97.5
153,162,97.51
154,162,97.54
155,162,98.58
156,162,98.62
157,162,98.67
158,162,98.73
159,162,98.8
160,162,130.08
161,162,130.14
162,162,130.21
163,162,130.29
164,162,130.38
165,162,99.36
166,162,99.48
167,162,99.6
168,162,99.74
169,162,99.88
170,162,109.05
171,162,109.2
172,162,109.36
173,162,109.52
174,162,109.7
175,162,91.85
176,162,92.04
177,162,92.23
178,162,92.43
179,162,92.63
180,162,113.85
181,162,114.06
182,162,114.27
183,162,114.49
184,162,114.71
185,162,116.94
186,162,117.16
187,162,117.4
188,162,117.63
189,162,117.87
190,162,113.11
191,162,113.35
192,162,113.6
193,162,113.85
194,162,114.09
195,162,96.34
196,162,96.59
197,162,96.85
198,162,97.1
199,162,97.35
0,163,97.52
1,163,97.78
2,163,98.03
3,163,98.28
4,163,98.53
5,163,137.78
6,163,138.03
7,163,138.28
8,163,138.53
9,163,138.77
10,163,134.01
11,163,134.25
12,163,134.49
13,163,134.72
14,163,134.96
15,163,128.18
16,163,128.41
17,163,128.63
18,163,128.84
19,163,129.06
20,163,140.27
21,163,140.48
22,163,140.68
23,163,140.87
24,163,141.06
25,163,104.7
26,163,104.88
27,163,133.6
28,163,133.76
29,163,133.93
30,163,129.08
31,163,129.23
32,163,129.37
33,163,129.51
34,163,129.65
35,163,144.83
36,163,144.96
37,163,145.08
38,163,145.2
39,163,145.31
40,163,105.15
41,163,105.22
42,163,105.29
43,163,105.34
44,163,105.39
45,163,139.81
46,163,139.88
47,163,139.94
48,163,140.0
49,163,140.06
50,163,105.52
51,163,105.52
52,163,105.5
53,163,105.48
54,163,105.45
55,163,139.25
56,163,139.27
57,163,139.28
58,163,139.29
59,163,139.3
60,163,142.41
61,163,142.41
62,163,142.41
63,163,142.41
64,163,142.4
65,163,128.75
66,163,128.7
67,163,128.64
68,163,128.57
69,163,128.51
70,163,103.95
71,163,103.79
72,163,103.63
73,163,103.47
74,163,103.3
75,163,103.65
76,163,103.47
77,163,113.62
78,163,113.46
79,163,113.3
80,163,130.69
81,163,130.56
82,163,130.43
83,163,130.29
84,163,130.15
85,163,118.87
86,163,118.69
87,163,118.5
88,163,118.3
89,163,118.1
90,163,99.9
91,163,99.66
92,163,99.42
93,163,99.17
94,163,98.92
95,163,104.33
96,163,104.09
97,163,103.84
98,163,103.59
99,163,103.34
100,163,98.42
101,163,98.17
102,163,117.32
103,163,117.05
104,163,116.78
105,163,96.16
106,163,95.91
107,163,95.66
108,163,95.42
109,163,95.18
110,163,101.67
111,163,101.42
112,163,101.17
113,163,100.92
114,163,100.67
115,163,104.87
116,163,104.62
117,163,104.37
118,163,104.13
119,163,103.89
120,163,124.44
121,163,124.15
122,163,123.86
123,163,123.57
124,163,123.29
125,163,92.24
126,163,92.07
127,163,101.06
128,163,100.87
129,163,100.69
130,163,90.96
131,163,90.82
132,163,90.68
133,163,90.56
134,163,90.43
135,163,98.69
136,163,98.56
137,163,98.44
138,163,98.33
139,163,98.23
140,163,109.5
141,163,109.39
142,163,109.29
143,163,109.2
144,163,109.12
145,163,98.81
146,163,98.76
147,163,98.73
148,163,98.7
149,163,98.68
150,163,89.93
151,163,89.94
152,163,97.66
153,163,97.68
154,163,97.7
155,163,98.75
156,163,98.79
157,163,98.84
158,163,98.89
159,163,98.96
160,163,130.23
161,163,130.29
162,163,130.36
163,163,130.45
164,163,130.54
165,163,99.53
166,163,99.65
167,163,99.77
168,163,99.91
169,163,100.05
170,163,109.22
171,163,109.37
172,163,109.53
173,163,109.7
174,163,109.87
175,163,92.03
176,163,92.21
177,163,92.4
178,163,92.6
179,163,92.8
180,163,114.02
181,163,114.23
182,163,114.44
183,163,114.66
184,163,114.88
185,163,117.11
186,163,117.34
187,163,117.57
188,163,117.81
189,163,118.04
190,163,113.28
191,163,113.53
192,163,113.77
193,163,114.02
194,163,114.27
195,163,96.52
196,163,96.77
197,163,97.02
198,163,97.27
199,163,97.52
0,164,97.69
1,164,97.95
2,164,98.2
3,164,98.45
4,164,98.7
5,164,137.95
6,164,138.2
7,164,138.45
8,164,138.7
9,164,138.94
10,164,134.18
11,164,134.42
12,164,134.66
13,164,134.89
14,164,135.13
15,164,128.35
16,164,128.58
17,164,128.8
18,164,129.01
19,164,129.22
20,164,140.44
21,164,140.64
22,164,140.84
23,164,141.04
24,164,141.23
25,164,104.88
26,164,105.05
27,164,133.76
28,164,133.93
29,164,134.09
30,164,129.24
31,164,129.39
32,164,129.54
33,164,129.67
34,164,129.81
35,164,144.99
36,164,145.11
37,164,145.23
38,164,145.35
39,164,145.46
40,164,105.32
41,164,105.39
42,164,105.46
43,164,105.51
44,164,105.56
45,164,139.94
46,164,140.01
47,164,140.07
48,164,140.12
49,164,140.17
50,164,105.69
51,164,105.69
52,164,105.67
53,164,105.65
54,164,105.62
55,164,139.34
56,164,139.35
57,164,139.36
58,164,139.36
59,164,139.36
60,164,142.45
61,164,142.44
62,164,142.43
63,164,142.42
64,164,142.4
65,164,128.8
66,164,128.74
67,164,128.68
68,164,128.61
69,164,128.53
70,164,104.12
71,164,103.96
72,164,103.8
73,164,103.64
74,164,103.47
75,164,103.82
76,164,103.64
77,164,113.7
78,164,113.54
79,164,113.37
80,164,130.6
81,164,130.46
82,164,130.32
83,164,130.18
84,164,130.02
85,164,118.86
86,164,118.67
87,164,118.47
88,164,118.27
89,164,118.07
90,164,100.07
91,164,99.83
92,164,99.58
93,164,99.34
94,164,99.09
95,164,104.43
96,164,104.19
97,164,103.94
98,164,103.69
99,164,103.44
100,164,98.58
101,164,98.32
102,164,117.24
103,164,116.97
104,164,116.71
105,164,96.33
106,164,96.08
107,164,95.83
108,164,95.58
109,164,95.34
110,164,101.76
111,164,101.51
112,164,101.26
113,164,101.02
114,164,100.77
115,164,104.93
116,164,104.68
117,164,104.43
118,164,104.19
119,164,103.96
120,164,124.33
121,164,124.05
122,164,123.77
123,164,123.49
124,164,123.22
125,164,92.41
126,164,92.24
127,164,101.17
128,164,100.98
129,164,100.8
130,164,91.13
131,164,90.99
132,164,90.85
133,164,90.73
134,164,90.61
135,164,98.83
136,164,98.7
137,164,98.58
138,164,98.47
139,164,98.37
140,164,109.61
141,164,109.5
142,164,109.4
143,164,109.32
144,164,109.24
145,164,98.96
146,164,98.91
147,164,98.88
148,164,98.85
149,164,98.83
150,164,90.1
151,164,90.11
152,164,97.82
153,164,97.84
154,164,97.86
155,164,98.91
156,164,98.95
157,164,99.0
158,164,99.06
159,164,99.13
160,164,130.37
161,164,130.44
162,164,130.51
163,164,130.6
164,164,130.69
165,164,99.69
166,164,99.81
167,164,99.94
168,164,100.08
169,164,100.22
170,164,109.38
171,164,109.54
172,164,109.7
173,164,109.86
174,164,110.04
175,164,92.2
176,164,92.38
177,164,92.57
178,164,92.77
179,164,92.97
180,164,114.19
181,164,114.4
182,164,114.61
183,164,114.83
184,164,115.05
185,164,117.28
186,164,117.51
187,164,117.74
188,164,117.98
189,164,118.21
190,164,113.45
191,164,113.7
192,164,113.94
193,164,114.19
194,164,114.44
195,164,96.69
196,164,96.94
197,164,97.19
198,164,97.44
199,164,97.69
0,165,98.81
1,165,99.06
2,165,117.37
3,165,117.62
4,165,117.87
5,165,117.12
6,165,117.37
7,165,117.62
8,165,117.86
9,165,118.11
10,165,111.35
11,165,111.59
12,165,111.82
13,165,112.06
14,165,112.29
15,165,132.52
16,165,132.74
17,165,132.96
18,165,133.18
19,165,133.39
20,165,129.6
21,165,129.8
22,165,130.0
23,165,130.2
24,165,130.38
25,165,104.74
26,165,104.92
27,165,127.92
28,165,128.08
29,165,128.25
30,165,135.41
31,165,135.57
32,165,135.71
33,165,135.85
34,165,135.98
35,165,110.03
36,165,110.14
37,165,110.24
38,165,110.34
39,165,110.43
40,165,143.69
41,165,143.79
42,165,143.88
43,165,143.96
44,165,144.04
45,165,119.9
46,165,119.94
47,165,119.98
48,165,120.01
49,165,120.04
50,165,106.83
51,165,106.82
52,165,125.15
53,165,125.15
54,165,125.15
55,165,118.0
56,165,117.97
57,165,117.94
58,165,117.9
59,165,117.85
60,165,123.97
61,165,123.92
62,165,123.87
63,165,123.81
64,165,123.74
65,165,129.91
66,165,129.84
67,165,129.77
68,165,129.7
69,165,129.62
70,165,104.28
71,165,104.13
72,165,103.97
73,165,103.8
74,165,103.63
75,165,103.45
76,165,103.27
77,165,103.08
78,165,102.89
79,165,102.69
80,165,107.88
81,165,107.68
82,165,107.48
83,165,107.28
84,165,107.07
85,165,101.4
86,165,101.18
87,165,100.95
88,165,100.71
89,165,100.47
90,165,131.04
91,165,130.84
92,165,130.63
93,165,130.42
94,165,130.2
95,165,113.39
96,165,113.15
97,165,112.9
98,165,112.65
99,165,112.4
100,165,98.84
101,165,98.59
102,165,119.39
103,165,119.13
104,165,118.86
105,165,105.33
106,165,105.08
107,165,104.82
108,165,104.56
109,165,104.31
110,165,118.34
111,165,118.06
112,165,117.78
113,165,117.51
114,165,117.23
115,165,124.58
116,165,124.29
117,165,124.01
118,165,123.72
119,165,123.44
120,165,109.18
121,165,108.94
122,165,108.71
123,165,108.48
124,165,108.25
125,165,92.89
126,165,92.72
127,165,107.62
128,165,107.42
129,165,107.22
130,165,91.3
131,165,91.16
132,165,91.02
133,165,90.89
134,165,90.77
135,165,110.37
136,165,110.22
137,165,110.08
138,165,109.95
139,165,109.83
140,165,130.26
141,165,130.12
142,165,129.99
143,165,129.87
144,165,129.77
145,165,106.24
146,165,106.18
147,165,106.14
148,165,106.11
149,165,106.08
150,165,91.79
151,165,91.8
152,165,128.3
153,165,128.29
154,165,128.29
155,165,89.99
156,165,90.04
157,165,90.1
158,165,90.17
159,165,90.24
160,165,104.39
161,165,104.47
162,165,104.56
163,165,104.66
164,165,104.76
165,165,109.89
166,165,110.0
167,165,110.13
168,165,110.26
169,165,110.4
170,165,100.53
171,165,100.69
172,165,100.85
173,165,101.02
174,165,101.19
175,165,92.76
176,165,92.95
177,165,100.75
178,165,100.94
179,165,101.14
180,165,105.35
181,165,105.56
182,165,105.78
183,165,105.99
184,165,106.22
185,165,114.44
186,165,114.67
187,165,114.91
188,165,115.14
189,165,115.38
190,165,125.62
191,165,125.87
192,165,126.11
193,165,126.36
194,165,126.61
195,165,96.85
196,165,97.11
197,165,97.36
198,165,97.61
199,165,97.86
0,166,98.98
1,166,99.23
2,166,117.53
3,166,117.78
4,166,118.04
5,166,117.29
6,166,117.53
7,166,117.78
8,166,118.03
9,166,118.27
10,166,111.51
11,166,111.75
12,166,111.99
13,166,112.22
14,166,112.45
15,166,132.68
16,166,132.91
17,166,133.13
18,166,133.34
19,166,133.56
20,166,129.76
21,166,129.97
22,166,130.16
23,166,130.36
24,166,130.55
25,166,104.91
26,166,105.08
27,166,128.08
28,166,128.25
29,166,128.41
30,166,135.57
31,166,135.72
32,166,135.87
33,166,136.01
34,166,136.14
35,166,110.19
36,166,110.3
37,166,110.41
38,166,110.5
39,166,110.59
40,166,143.84
41,166,143.93
42,166,144.02
43,166,144.1
44,166,144.17
45,166,120.05
46,166,120.09
47,166,120.13
48,166,120.16
49,166,120.18
50,166,106.99
51,166,106.98
52,166,125.28
53,166,125.28
54,166,125.28
55,166,118.14
56,166,118.11
57,166,118.07
58,166,118.03
59,166,117.98
60,166,124.08
61,166,124.03
62,166,123.97
63,166,123.91
64,166,123.83
65,166,129.97
66,166,129.9
67,166,129.82
68,166,129.74
69,166,129.66
70,166,104.45
71,166,104.29
72,166,104.13
73,166,103.97
74,166,103.8
75,166,103.62
76,166,103.43
77,166,103.25
78,166,103.05
79,166,102.85
80,166,108.0
81,166,107.81
82,166,107.6
83,166,107.4
84,166,107.19
85,166,101.57
86,166,101.34
87,166,101.11
88,166,100.87
89,166,100.64
90,166,130.91
91,166,130.7
92,166,130.49
93,166,130.28
94,166,130.06
95,166,113.4
96,166,113.16
97,166,112.92
98,166,112.67
99,166,112.42
100,166,99.0
101,166,98.75
102,166,119.33
103,166,119.07
104,166,118.8
105,166,105.41
106,166,105.15
107,166,104.9
108,166,104.64
109,166,104.39
110,166,118.28
111,166,118.01
112,166,117.74
113,166,117.47
114,166,117.2
115,166,124.48
116,166,124.2
117,166,123.93
118,166,123.65
119,166,123.38
120,166,109.23
121,166,108.99
122,166,108.76
123,166,108.54
124,166,108.32
125,166,93.05
126,166,92.88
127,166,107.69
128,166,107.5
129,166,107.31
130,166,91.46
131,166,91.32
132,166,91.19
133,166,91.06
134,166,90.94
135,166,110.46
136,166,110.32
137,166,110.18
138,166,110.05
139,166,109.94
140,166,130.31
141,166,130.18
142,166,130.06
143,166,129.95
144,166,129.85
145,166,106.37
146,166,106.32
147,166,106.28
148,166,106.25
149,166,106.22
150,166,91.95
151,166,91.96
152,166,128.42
153,166,128.41
154,166,128.42
155,166,90.16
156,166,90.21
157,166,90.27
158,166,90.33
159,166,90.4
160,166,104.55
161,166,104.63
162,166,104.72
163,166,104.81
164,166,104.92
165,166,110.05
166,166,110.16
167,166,110.29
168,166,110.42
169,166,110.56
170,166,100.7
171,166,100.85
172,166,101.01
173,166,101.18
174,166,101.36
175,166,92.93
176,166,93.12
177,166,100.91
178,166,101.11
179,166,101.31
180,166,105.52
181,166,105.73
182,166,105.94
183,166,106.16
184,166,106.38
185,166,114.61
186,166,114.84
187,166,115.07
188,166,115.31
189,166,115.55
190,166,125.79
191,166,126.03
192,166,126.28
193,166,126.52
194,166,126.77
195,166,97.02
196,166,97.27
197,166,97.52
198,166,97.77
199,166,98.03
0,167,99.14
1,167,99.39
2,167,117.69
3,167,117.95
4,167,118.2
5,167,117.45
6,167,117.7
7,167,117.94
8,167,118.19
9,167,118.43
10,167,111.67
11,167,111.91
12,167,112.15
13,167,112.38
14,167,112.61
15,167,132.84
16,167,133.07
17,167,133.29
18,167,133.51
19,167,133.72
20,167,129.92
21,167,130.13
22,167,130.32
23,167,130.52
24,167,130.71
25,167,105.07
26,167,105.24
27,167,128.24
28,167,128.4
29,167,128.56
30,167,135.73
31,167,135.88
32,167,136.02
33,167,136.16
34,167,136.29
35,167,110.35
36,167,110.46
37,167,110.57
38,167,110.66
39,167,110.75
40,167,143.98
41,167,144.07
42,167,144.15
43,167,144.23
44,167,144.3
45,167,120.2
46,167,120.24
47,167,120.28
48,167,120.31
49,167,120.33
50,167,107.15
51,167,107.14
52,167,125.41
53,167,125.41
54,167,125.4
55,167,118.28
56,167,118.25
57,167,118.21
58,167,118.16
59,167,118.11
60,167,124.19
61,167,124.14
62,167,124.07
63,167,124.01
64,167,123.93
65,167,130.04
66,167,129.97
67,167,129.88
68,167,129.8
69,167,129.71
70,167,104.61
71,167,104.46
72,167,104.3
73,167,104.13
74,167,103.96
75,167,103.78
76,167,103.6
77,167,103.41
78,167,103.21
79,167,103.02
80,167,108.13
81,167,107.93
82,167,107.73
83,167,107.52
84,167,107.31
85,167,101.73
86,167,101.5
87,167,101.27
88,167,101.04
89,167,100.8
90,167,130.8
91,167,130.59
92,167,130.38
93,167,130.16
94,167,129.94
95,167,113.43
96,167,113.19
97,167,112.94
98,167,112.7
99,167,112.44
100,167,99.15
101,167,98.9
102,167,119.28
103,167,119.02
104,167,118.76
105,167,105.49
106,167,105.23
107,167,104.98
108,167,104.72
109,167,104.47
110,167,118.24
111,167,117.98
112,167,117.71
113,167,117.44
114,167,117.18
115,167,124.41
116,167,124.13
117,167,123.86
118,167,123.59
119,167,123.33
120,167,109.28
121,167,109.05
122,167,108.82
123,167,108.6
124,167,108.38
125,167,93.21
126,167,93.04
127,167,107.77
128,167,107.58
129,167,107.39
130,167,91.62
131,167,91.48
132,167,91.35
133,167,91.22
134,167,91.1
135,167,110.55
136,167,110.41
137,167,110.28
138,167,110.16
139,167,110.05
140,167,130.38
141,167,130.25
142,167,130.13
143,167,130.03
144,167,129.94
145,167,106.5
146,167,106.46
147,167,106.42
148,167,106.39
149,167,106.37
150,167,92.11
151,167,92.12
152,167,128.54
153,167,128.54
154,167,128.55
155,167,90.32
156,167,90.37
157,167,90.43
158,167,90.49
159,167,90.57
160,167,104.7
161,167,104.78
162,167,104.87
163,167,104.97
164,167,105.08
165,167,110.2
166,167,110.32
167,167,110.45
168,167,110.58
169,167,110.72
170,167,100.86
171,167,101.01
172,167,101.18
173,167,101.34
174,167,101.52
175,167,93.09
176,167,93.28
177,167,101.07
178,167,101.27
179,167,101.47
180,167,105.68
181,167,105.89
182,167,106.1
183,167,106.32
184,167,106.54
185,167,114.77
186,167,115.0
187,167,115.23
188,167,115.47
189,167,115.71
190,167,125.95
191,167,126.19
192,167,126.44
193,167,126.68
194,167,126.93
195,167,97.18
196,167,97.43
197,167,97.68
198,167,97.94
199,167,98.19
0,168,99.3
1,168,99.55
2,168,117.85
3,168,118.11
4,168,118.36
5,168,117.61
6,168,117.86
7,168,118.1
8,168,118.35
9,168,118.59
10,168,111.83
11,168,112.07
12,168,112.31
13,168,112.54
14,168,112.77
15,168,133.0
16,168,133.23
17,168,133.45
18,168,133.66
19,168,133.87
20,168,130.08
21,168,130.28
22,168,130.48
23,168,130.68
24,168,130.86
25,168,105.23
26,168,105.4
27,168,128.39
28,168,128.56
29,168,128.72
30,168,135.88
31,168,136.03
32,168,136.18
33,168,136.31
34,168,136.44
35,168,110.51
36,168,110.62
37,168,110.72
38,168,110.82
39,168,110.91
40,168,144.12
41,168,144.21
42,168,144.29
43,168,144.37
44,168,144.44
45,168,120.35
46,168,120.39
47,168,120.42
48,168,120.45
49,168,120.47
50,168,107.31
51,168,107.3
52,168,125.55
53,168,125.54
54,168,125.53
55,168,118.41
56,168,118.38
57,168,118.34
58,168,118.3
59,168,118.24
60,168,124.31
61,168,124.25
62,168,124.18
63,168,124.11
64,168,124.03
65,168,130.12
66,168,130.04
67,168,129.95
68,168,129.86
69,168,129.76
70,168,104.77
71,168,104.61
72,168,104.45
73,168,104.29
74,168,104.12
75,168,103.94
76,168,103.75
77,168,103.57
78,168,103.37
79,168,103.17
80,168,108.25
81,168,108.05
82,168,107.85
83,168,107.64
84,168,107.43
85,168,101.89
86,168,101.66
87,168,101.43
88,168,101.19
89,168,100.96
90,168,130.72
91,168,130.5
92,168,130.29
93,168,130.06
94,168,129.84
95,168,113.47
96,168,113.23
97,168,112.98
98,168,112.73
99,168,112.48
100,168,99.3
101,168,99.05
102,168,119.25
103,168,119.0
104,168,118.73
105,168,105.57
106,168,105.32
107,168,105.06
108,168,104.81
109,168,104.56
110,168,118.22
111,168,117.96
112,168,117.69
113,168,117.43
114,168,117.17
115,168,124.35
116,168,124.08
117,168,123.82
118,168,123.56
119,168,123.3
120,168,109.34
121,168,109.11
122,168,108.89
123,168,108.67
124,168,108.46
125,168,93.36
126,168,93.19
127,168,107.85
128,168,107.67
129,168,107.48
130,168,91.78
131,168,91.64
132,168,91.51
133,168,91.38
134,168,91.26
135,168,110.65
136,168,110.52
137,168,110.39
138,168,110.27
139,168,110.16
140,168,130.44
141,168,130.32
142,168,130.21
143,168,130.11
144,168,130.03
145,168,106.64
146,168,106.59
147,168,106.55
148,168,106.52
149,168,106.51
150,168,92.27
151,168,92.28
152,168,128.67
153,168,128.67
154,168,128.68
155,168,90.48
156,168,90.53
157,168,90.59
158,168,90.65
159,168,90.72
160,168,104.85
161,168,104.94
162,168,105.03
163,168,105.13
164,168,105.23
165,168,110.36
166,168,110.48
167,168,110.6
168,168,110.74
169,168,110.88
170,168,101.02
171,168,101.17
172,168,101.33
173,168,101.5
174,168,101.68
175,168,93.25
176,168,93.44
177,168,101.23
178,168,101.43
179,168,101.63
180,168,105.84
181,168,106.05
182,168,106.26
183,168,106.48
184,168,106.7
185,168,114.93
186,168,115.16
187,168,115.39
188,168,115.63
189,168,115.87
190,168,126.11
191,168,126.35
192,168,126.6
193,168,126.84
194,168,127.09
195,168,97.34
196,168,97.59
197,168,97.84
198,168,98.1
199,168,98.35
0,169,99.45
1,169,99.71
2,169,118.01
3,169,118.26
4,169,118.51
5,169,117.76
6,169,118.01
7,169,118.26
8,169,118.5
9,169,118.75
10,169,111.99
11,169,112.23
12,169,112.46
13,169,112.7
14,169,112.93
15,169,133.16
16,169,133.38
17,169,133.6
18,169,133.82
19,169,134.03
20,169,130.24
21,169,130.44
22,169,130.64
23,169,130.83
24,169,131.02
25,169,105.38
26,169,105.56
27,169,128.55
28,169,128.71
29,169,128.87
30,169,136.03
31,169,136.18
32,169,136.33
33,169,136.46
34,169,136.59
35,169,110.66
36,169,110.77
37,169,110.88
38,169,110.97
39,169,111.06
40,169,144.26
41,169,144.35
42,169,144.43
43,169,144.5
44,169,144.57
45,169,120.49
46,169,120.53
47,169,120.57
48,169,120.59
49,169,120.61
50,169,107.46
51,169,107.46
52,169,125.68
53,169,125.67
54,169,125.66
55,169,118.55
56,169,118.52
57,169,118.48
58,169,118.43
59,169,118.37
60,169,124.42
61,169,124.36
62,169,124.29
63,169,124.22
64,169,124.14
65,169,130.2
66,169,130.11
67,169,130.02
68,169,129.93
69,169,129.82
70,169,104.92
71,169,104.77
72,169,104.61
73,169,104.44
74,169,104.27
75,169,104.09
76,169,103.91
77,169,103.72
78,169,103.53
79,169,103.33
80,169,108.37
81,169,108.17
82,169,107.97
83,169,107.76
84,169,107.55
85,169,102.04
86,169,101.81
87,169,101.58
88,169,101.35
89,169,101.11
90,169,130.65
91,169,130.44
92,169,130.22
93,169,129.99
94,169,129.76
95,169,113.52
96,169,113.27
97,169,113.02
98,169,112.78
99,169,112.52
100,169,99.45
101,169,99.19
102,169,119.24
103,169,118.98
104,169,118.72
105,169,105.66
106,169,105.41
107,169,105.15
108,169,104.9
109,169,104.65
110,169,118.22
111,169,117.95
112,169,117.69
113,169,117.43
114,169,117.18
115,169,124.31
116,169,124.05
117,169,123.79
118,169,123.53
119,169,123.28
120,169,109.4
121,169,109.18
122,169,108.96
123,169,108.75
124,169,108.54
125,169,93.52
126,169,93.34
127,169,107.94
128,169,107.76
129,169,107.58
130,169,91.94
131,169,91.8
132,169,91.66
133,169,91.53
134,169,91.41
135,169,110.75
136,169,110.62
137,169,110.49
138,169,110.38
139,169,110.27
140,169,130.52
141,169,130.4
142,169,130.3
143,169,130.2
144,169,130.12
145,169,106.77
146,169,106.72
147,169,106.69
148,169,106.66
149,169,106.64
150,169,92.42
151,169,92.43
152,169,128.79
153,169,128.79
154,169,128.81
155,169,90.64
156,169,90.68
157,169,90.74
158,169,90.81
159,169,90.88
160,169,105.0
161,169,105.09
162,169,105.18
163,169,105.28
164,169,105.38
165,169,110.51
166,169,110.63
167,169,110.76
168,169,110.89
169,169,111.03
170,169,101.17
171,169,101.33
172,169,101.49
173,169,101.66
174,169,101.83
175,169,93.41
176,169,93.59
177,169,101.39
178,169,101.58
179,169,101.78
180,169,105.99
181,169,106.2
182,169,106.42
183,169,106.63
184,169,106.86
185,169,115.08
186,169,115.31
187,169,115.55
188,169,115.78
189,169,116.02
190,169,126.26
191,169,126.51
192,169,126.75
193,169,127.0
194,169,127.25
195,169,97.5
196,169,97.75
197,169,98.0
198,169,98.25
199,169,98.5
0,170,98.96
1,170,99.21
2,170,105.16
3,170,105.41
4,170,105.66
5,170,109.91
6,170,110.16
7,170,110.41
8,170,110.66
9,170,110.9
10,170,101.14
11,170,101.38
12,170,101.61
13,170,101.85
14,170,102.08
15,170,128.31
16,170,128.53
17,170,128.75
18,170,128.97
19,170,129.18
20,170,110.38
21,170,110.58
22,170,110.78
23,170,110.97
24,170,111.16
25,170,104.64
26,170,104.81
27,170,110.68
28,170,110.85
29,170,111.0
30,170,105.15
31,170,105.29
32,170,105.43
33,170,105.56
34,170,105.69
35,170,136.86
36,170,136.98
37,170,137.09
38,170,137.19
39,170,137.29
40,170,129.35
41,170,129.43
42,170,129.5
43,170,129.57
44,170,129.63
45,170,106.57
46,170,106.6
47,170,106.63
48,170,106.64
49,170,106.65
50,170,108.67
51,170,108.67
52,170,147.0
53,170,147.01
54,170,147.01
55,170,106.55
56,170,106.5
57,170,106.45
58,170,106.39
59,170,106.32
60,170,106.24
61,170,106.16
62,170,106.06
63,170,105.97
64,170,105.86
65,170,124.15
66,170,124.05
67,170,123.95
68,170,123.84
69,170,123.72
70,170,134.93
71,170,134.81
72,170,134.7
73,170,134.57
74,170,134.45
75,170,104.92
76,170,104.74
77,170,117.39
78,170,117.22
79,170,117.04
80,170,124.16
81,170,123.98
82,170,123.8
83,170,123.61
84,170,123.41
85,170,111.65
86,170,111.44
87,170,111.21
88,170,110.99
89,170,110.76
90,170,138.0
91,170,137.79
92,170,137.57
93,170,137.35
94,170,137.12
95,170,119.93
96,170,119.69
97,170,119.44
98,170,119.19
99,170,118.94
100,170,100.17
101,170,99.92
102,170,130.91
103,170,130.65
104,170,130.38
105,170,129.06
106,170,128.79
107,170,128.53
108,170,128.26
109,170,127.99
110,170,96.05
111,170,95.82
112,170,95.58
113,170,95.35
114,170,95.12
115,170,94.9
116,170,94.68
117,170,94.46
118,170,94.25
119,170,94.04
120,170,112.6
121,170,112.38
122,170,112.16
123,170,111.94
124,170,111.73
125,170,94.86
126,170,94.68
127,170,131.78
128,170,131.56
129,170,131.35
130,170,108.53
131,170,108.37
132,170,108.21
133,170,108.07
134,170,107.92
135,170,105.75
136,170,105.62
137,170,105.51
138,170,105.4
139,170,105.3
140,170,107.24
141,170,107.15
142,170,107.08
143,170,107.01
144,170,106.95
145,170,104.88
146,170,104.84
147,170,104.8
148,170,104.78
149,170,104.76
150,170,92.17
151,170,92.18
152,170,120.87
153,170,120.88
154,170,120.9
155,170,96.81
156,170,96.86
157,170,96.92
158,170,96.98
159,170,97.05
160,170,122.2
161,170,122.28
162,170,122.37
163,170,122.46
164,170,122.56
165,170,127.68
166,170,127.8
167,170,127.93
168,170,128.06
169,170,128.2
170,170,116.33
171,170,116.49
172,170,116.65
173,170,116.82
174,170,116.99
175,170,93.41
176,170,93.59
177,170,98.54
178,170,98.73
179,170,98.93
180,170,99.14
181,170,99.35
182,170,99.57
183,170,99.78
184,170,100.01
185,170,95.23
186,170,95.46
187,170,95.7
188,170,95.93
189,170,96.17
190,170,131.42
191,170,131.66
192,170,131.9
193,170,132.15
194,170,132.4
195,170,125.65
196,170,125.9
197,170,126.15
198,170,126.4
199,170,126.66
0,171,99.1
1,171,99.36
2,171,105.31
3,171,105.56
4,171,105.81
5,171,110.06
6,171,110.31
7,171,110.56
8,171,110.8
9,171,111.05
10,171,101.29
11,171,101.53
12,171,101.76
13,171,102.0
14,171,102.23
15,171,128.46
16,171,128.68
17,171,128.9
18,171,129.12
19,171,129.33
20,171,110.53
21,171,110.73
22,171,110.93
23,171,111.12
24,171,111.31
25,171,104.78
26,171,104.96
27,171,110.83
28,171,111.0
29,171,111.15
30,171,105.3
31,171,105.44
32,171,105.58
33,171,105.71
34,171,105.84
35,171,137.0
36,171,137.12
37,171,137.23
38,171,137.33
39,171,137.42
40,171,129.49
41,171,129.57
42,171,129.64
43,171,129.71
44,171,129.77
45,171,106.71
46,171,106.75
47,171,106.77
48,171,106.79
49,171,106.8
50,171,108.82
51,171,108.81
52,171,147.11
53,171,147.11
54,171,147.11
55,171,106.69
56,171,106.65
57,171,106.6
58,171,106.53
59,171,106.47
60,171,106.39
61,171,106.3
62,171,106.21
63,171,106.11
64,171,106.01
65,171,124.25
66,171,124.15
67,171,124.05
68,171,123.93
69,171,123.82
70,171,134.98
71,171,134.86
72,171,134.74
73,171,134.61
74,171,134.48
75,171,105.06
76,171,104.88
77,171,117.48
78,171,117.3
79,171,117.12
80,171,124.21
81,171,124.03
82,171,123.84
83,171,123.65
84,171,123.45
85,171,111.75
86,171,111.53
87,171,111.31
88,171,111.08
89,171,110.85
90,171,137.92
91,171,137.71
92,171,137.49
93,171,137.26
94,171,137.03
95,171,119.95
96,171,119.71
97,171,119.46
98,171,119.21
99,171,118.96
100,171,100.31
101,171,100.06
102,171,130.84
103,171,130.58
104,171,130.32
105,171,129.01
106,171,128.74
107,171,128.48
108,171,128.21
109,171,127.95
110,171,96.2
111,171,95.96
112,171,95.73
113,171,95.5
114,171,95.27
115,171,95.04
116,171,94.82
117,171,94.61
118,171,94.39
119,171,94.18
120,171,112.66
121,171,112.44
122,171,112.22
123,171,112.01
124,171,111.8
125,171,95.0
126,171,94.82
127,171,131.79
128,171,131.58
129,171,131.37
130,171,108.63
131,171,108.47
132,171,108.32
133,171,108.17
134,171,108.03
135,171,105.86
136,171,105.74
137,171,105.63
138,171,105.52
139,171,105.42
140,171,107.36
141,171,107.28
142,171,107.2
143,171,107.14
144,171,107.08
145,171,105.01
146,171,104.97
147,171,104.94
148,171,104.91
149,171,104.9
150,171,92.32
151,171,92.32
152,171,120.99
153,171,121.01
154,171,121.03
155,171,96.96
156,171,97.01
157,171,97.06
158,171,97.13
159,171,97.2
160,171,122.34
161,171,122.42
162,171,122.51
163,171,122.6
164,171,122.71
165,171,127.83
166,171,127.94
167,171,128.07
168,171,128.2
169,171,128.34
170,171,116.48
171,171,116.64
172,171,116.8
173,171,116.96
174,171,117.14
175,171,93.56
176,171,93.74
177,171,98.69
178,171,98.88
179,171,99.08
180,171,99.29
181,171,99.5
182,171,99.71
183,171,99.93
184,171,100.16
185,171,95.38
186,171,95.61
187,171,95.84
188,171,96.08
189,171,96.32
190,171,131.56
191,171,131.81
192,171,132.05
193,171,132.3
194,171,132.55
195,171,125.8
196,171,126.05
197,171,126.3
198,171,126.55
199,171,126.8
0,172,99.25
1,172,99.5
2,172,105.45
3,172,105.71
4,172,105.96
5,172,110.21
6,172,110.46
7,172,110.7
8,172,110.95
9,172,111.19
10,172,101.43
11,172,101.67
12,172,101.91
13,172,102.14
14,172,102.37
15,172,128.6
16,172,128.82
17,172,129.04
18,172,129.26
19,172,129.47
20,172,110.67
21,172,110.87
22,172,111.07
23,172,111.26
24,172,111.45
25,172,104.93
26,172,105.1
27,172,110.98
28,172,111.14
29,172,111.3
30,172,105.44
31,172,105.59
32,172,105.72
33,172,105.86
34,172,105.98
35,172,137.14
36,172,137.26
37,172,137.36
38,172,137.47
39,172,137.56
40,172,129.63
41,172,129.71
42,172,129.78
43,172,129.84
44,172,129.9
45,172,106.86
46,172,106.89
47,172,106.92
48,172,106.94
49,172,106.95
50,172,108.96
51,172,108.96
52,172,147.22
53,172,147.22
54,172,147.21
55,172,106.84
56,172,106.79
57,172,106.74
58,172,106.68
59,172,106.61
60,172,106.53
61,172,106.45
62,172,106.36
63,172,106.26
64,172,106.15
65,172,124.36
66,172,124.25
67,172,124.15
68,172,124.03
69,172,123.91
70,172,135.04
71,172,134.92
72,172,134.79
73,172,134.66
74,172,134.52
75,172,105.21
76,172,105.02
77,172,117.57
78,172,117.39
79,172,117.21
80,172,124.27
81,172,124.08
82,172,123.89
83,172,123.69
84,172,123.49
85,172,111.85
86,172,111.63
87,172,111.4
88,172,111.18
89,172,110.95
90,172,137.87
91,172,137.65
92,172,137.43
93,172,137.2
94,172,136.97
95,172,119.98
96,172,119.73
97,172,119.49
98,172,119.24
99,172,118.99
100,172,100.45
101,172,100.19
102,172,130.8
103,172,130.54
104,172,130.28
105,172,128.97
106,172,128.71
107,172,128.44
108,172,128.18
109,172,127.92
110,172,96.35
111,172,96.11
112,172,95.87
113,172,95.64
114,172,95.41
115,172,95.19
116,172,94.97
117,172,94.75
118,172,94.54
119,172,94.33
120,172,112.73
121,172,112.51
122,172,112.3
123,172,112.09
124,172,111.88
125,172,95.13
126,172,94.96
127,172,131.81
128,172,131.6
129,172,131.4
130,172,108.73
131,172,108.57
132,172,108.42
133,172,108.28
134,172,108.14
135,172,105.98
136,172,105.86
137,172,105.75
138,172,105.64
139,172,105.54
140,172,107.48
141,172,107.4
142,172,107.33
143,172,107.26
144,172,107.2
145,172,105.14
146,172,105.1
147,172,105.07
148,172,105.05
149,172,105.03
150,172,92.46
151,172,92.47
152,172,121.12
153,172,121.13
154,172,121.16
155,172,97.1
156,172,97.15
157,172,97.2
158,172,97.27
159,172,97.34
160,172,122.47
161,172,122.55
162,172,122.64
163,172,122.74
164,172,122.85
165,172,127.96
166,172,128.08
167,172,128.21
168,172,128.34
169,172,128.48
170,172,116.62
171,172,116.78
172,172,116.94
173,172,117.11
174,172,117.28
175,172,93.7
176,172,93.89
177,172,98.83
178,172,99.03
179,172,99.23
180,172,99.43
181,172,99.64
182,172,99.86
183,172,100.08
184,172,100.3
185,172,95.53
186,172,95.76
187,172,95.99
188,172,96.23
189,172,96.46
190,172,131.71
191,172,131.95
192,172,132.2
193,172,132.44
194,172,132.69
195,172,125.94
196,172,126.19
197,172,126.44
198,172,126.7
199,172,126.95
0,173,99.39
1,173,99.64
2,173,105.59
3,173,105.85
4,173,106.1
5,173,110.35
6,173,110.6
7,173,110.84
8,173,111.09
9,173,111.33
10,173,101.57
11,173,101.81
12,173,102.05
13,173,102.28
14,173,102.51
15,173,128.74
16,173,128.96
17,173,129.18
18,173,129.4
19,173,129.61
20,173,110.81
21,173,111.02
22,173,111.21
23,173,111.4
24,173,111.59
25,173,105.07
26,173,105.24
27,173,111.12
28,173,111.28
29,173,111.44
30,173,105.58
31,173,105.73
32,173,105.87
33,173,106.0
34,173,106.12
35,173,137.28
36,173,137.39
37,173,137.5
38,173,137.6
39,173,137.69
40,173,129.76
41,173,129.84
42,173,129.91
43,173,129.97
44,173,130.03
45,173,107.0
46,173,107.03
47,173,107.06
48,173,107.08
49,173,107.09
50,173,109.1
51,173,109.09
52,173,147.32
53,173,147.32
54,173,147.31
55,173,106.98
56,173,106.93
57,173,106.88
58,173,106.82
59,173,106.75
60,173,106.67
61,173,106.59
62,173,106.5
63,173,106.4
64,173,106.29
65,173,124.46
66,173,124.36
67,173,124.25
68,173,124.13
69,173,124.01
70,173,135.1
71,173,134.98
72,173,134.85
73,173,134.71
74,173,134.57
75,173,105.35
76,173,105.16
77,173,117.67
78,173,117.49
79,173,117.3
80,173,124.33
81,173,124.14
82,173,123.94
83,173,123.75
84,173,123.54
85,173,111.95
86,173,111.72
87,173,111.5
88,173,111.27
89,173,111.04
90,173,137.83
91,173,137.61
92,173,137.38
93,173,137.15
94,173,136.92
95,173,120.01
96,173,119.77
97,173,119.52
98,173,119.27
99,173,119.02
100,173,100.58
101,173,100.33
102,173,130.77
103,173,130.51
104,173,130.25
105,173,128.95
106,173,128.69
107,173,128.43
108,173,128.17
109,173,127.9
110,173,96.49
111,173,96.25
112,173,96.01
113,173,95.78
114,173,95.55
115,173,95.33
116,173,95.11
117,173,94.89
118,173,94.68
119,173,94.47
120,173,112.8
121,173,112.58
122,173,112.37
123,173,112.16
124,173,111.96
125,173,95.27
126,173,95.09
127,173,131.84
128,173,131.64
129,173,131.44
130,173,108.83
131,173,108.68
132,173,108.53
133,173,108.38
134,173,108.25
135,173,106.09
136,173,105.97
137,173,105.86
138,173,105.76
139,173,105.66
140,173,107.6
141,173,107.52
142,173,107.45
143,173,107.38
144,173,107.33
145,173,105.27
146,173,105.23
147,173,105.2
148,173,105.18
149,173,105.16
150,173,92.6
151,173,92.61
152,173,121.24
153,173,121.26
154,173,121.28
155,173,97.24
156,173,97.29
157,173,97.34
158,173,97.41
159,173,97.48
160,173,122.61
161,173,122.69
162,173,122.78
163,173,122.88
164,173,122.98
165,173,128.1
166,173,128.22
167,173,128.35
168,173,128.48
169,173,128.62
170,173,116.76
171,173,116.92
172,173,117.08
173,173,117.25
174,173,117.42
175,173,93.84
176,173,94.03
177,173,98.97
178,173,99.17
179,173,99.37
180,173,99.57
181,173,99.78
182,173,100.0
183,173,100.22
184,173,100.44
185,173,95.67
186,173,95.9
187,173,96.13
188,173,96.37
189,173,96.61
190,173,131.85
191,173,132.09
192,173,132.34
193,173,132.58
194,173,132.83
195,173,126.08
196,173,126.33
197,173,126.58
198,173,126.84
199,173,127.09
0,174,99.53
1,174,99.78
2,174,105.73
3,174,105.98
4,174,106.23
5,174,110.48
6,174,110.73
7,174,110.98
8,174,111.23
9,174,111.47
10,174,101.71
11,174,101.95
12,174,102.18
13,174,102.42
14,174,102.65
15,174,128.88
16,174,129.1
17,174,129.32
18,174,129.54
19,174,129.75
20,174,110.95
21,174,111.15
22,174,111.35
23,174,111.54
24,174,111.73
25,174,105.21
26,174,105.38
27,174,111.25
28,174,111.42
29,174,111.57
30,174,105.72
31,174,105.86
32,174,106.0
33,174,106.13
34,174,106.26
35,174,137.41
36,174,137.52
37,174,137.63
38,174,137.73
39,174,137.82
40,174,129.89
41,174,129.97
42,174,130.04
43,174,130.1
44,174,130.16
45,174,107.14
46,174,107.17
47,174,107.2
48,174,107.21
49,174,107.22
50,174,109.24
51,174,109.23
52,174,147.43
53,174,147.43
54,174,147.42
55,174,107.12
56,174,107.07
57,174,107.02
58,174,106.96
59,174,106.89
60,174,106.81
61,174,106.73
62,174,106.63
63,174,106.54
64,174,106.43
65,174,124.56
66,174,124.46
67,174,124.35
68,174,124.23
69,174,124.1
70,174,135.17
71,174,135.04
72,174,134.91
73,174,134.77
74,174,134.62
75,174,105.48
76,174,105.3
77,174,117.76
78,174,117.58
79,174,117.39
80,174,124.39
81,174,124.2
82,174,124.0
83,174,123.8
84,174,123.6
85,174,112.04
86,174,111.82
87,174,111.6
88,174,111.37
89,174,111.14
90,174,137.8
91,174,137.58
92,174,137.35
93,174,137.12
94,174,136.89
95,174,120.06
96,174,119.81
97,174,119.56
98,174,119.32
99,174,119.06
100,174,100.71
101,174,100.46
102,174,130.75
103,174,130.49
104,174,130.23
105,174,128.94
106,174,128.68
107,174,128.42
108,174,128.16
109,174,127.9
110,174,96.62
111,174,96.39
112,174,96.15
113,174,95.92
114,174,95.69
115,174,95.47
116,174,95.24
117,174,95.03
118,174,94.81
119,174,94.61
120,174,112.88
121,174,112.66
122,174,112.45
123,174,112.24
124,174,112.04
125,174,95.4
126,174,95.23
127,174,131.87
128,174,131.68
129,174,131.49
130,174,108.93
131,174,108.78
132,174,108.63
133,174,108.49
134,174,108.36
135,174,106.2
136,174,106.09
137,174,105.98
138,174,105.88
139,174,105.78
140,174,107.72
141,174,107.64
142,174,107.57
143,174,107.5
144,174,107.45
145,174,105.39
146,174,105.35
147,174,105.32
148,174,105.3
149,174,105.29
150,174,92.73
151,174,92.74
152,174,121.37
153,174,121.38
154,174,121.41
155,174,97.37
156,174,97.42
157,174,97.48
158,174,97.54
159,174,97.61
160,174,122.74
161,174,122.82
162,174,122.91
163,174,123.01
164,174,123.11
165,174,128.23
166,174,128.35
167,174,128.48
168,174,128.61
169,174,128.75
170,174,116.9
171,174,117.05
172,174,117.21
173,174,117.38
174,174,117.56
175,174,93.98
176,174,94.16
177,174,99.11
178,174,99.3
179,174,99.5
180,174,99.71
181,174,99.92
182,174,100.14
183,174,100.35
184,174,100.58
185,174,95.8
186,174,96.03
187,174,96.27
188,174,96.5
189,174,96.74
190,174,131.98
191,174,132.23
192,174,132.47
193,174,132.72
194,174,132.97
195,174,126.22
196,174,126.47
197,174,126.72
198,174,126.97
199,174,127.23
0,175,100.01
1,175,100.26
2,175,100.51
3,175,100.76
4,175,101.02
5,175,102.27
6,175,102.51
7,175,102.76
8,175,103.01
9,175,103.25
10,175,102.59
11,175,102.83
12,175,103.07
13,175,103.3
14,175,103.53
15,175,104.16
16,175,104.38
17,175,104.6
18,175,104.81
19,175,105.02
20,175,104.78
21,175,104.98
22,175,105.18
23,175,105.37
24,175,105.56
25,175,105.04
26,175,105.21
27,175,105.38
28,175,105.54
29,175,105.7
30,175,105.85
31,175,106.0
32,175,106.13
33,175,106.27
34,175,106.39
35,175,107.56
36,175,107.67
37,175,107.77
38,175,107.87
39,175,107.95
40,175,107.43
41,175,107.51
42,175,107.57
43,175,107.63
44,175,107.68
45,175,109.12
46,175,109.16
47,175,109.18
48,175,109.2
49,175,109.21
50,175,107.71
51,175,107.7
52,175,107.69
53,175,107.67
54,175,107.64
55,175,108.56
56,175,108.51
57,175,108.46
58,175,108.4
59,175,108.33
60,175,108.61
61,175,108.52
62,175,108.43
63,175,108.34
64,175,108.23
65,175,106.9
66,175,106.78
67,175,106.66
68,175,106.52
69,175,106.38
70,175,105.78
71,175,105.62
72,175,105.46
73,175,105.3
74,175,105.13
75,175,106.58
76,175,106.4
77,175,106.21
78,175,106.02
79,175,105.82
80,175,105.98
81,175,105.77
82,175,105.56
83,175,105.34
84,175,105.12
85,175,103.56
86,175,103.33
87,175,103.1
88,175,102.87
89,175,102.63
90,175,101.72
91,175,101.48
92,175,101.24
93,175,100.99
94,175,100.74
95,175,101.37
96,175,101.12
97,175,100.87
98,175,100.61
99,175,100.36
100,175,100.88
101,175,100.63
102,175,100.38
103,175,100.13
104,175,99.88
105,175,98.65
106,175,98.4
107,175,98.15
108,175,97.91
109,175,97.66
110,175,97.27
111,175,97.03
112,175,96.8
113,175,96.56
114,175,96.34
115,175,97.6
116,175,97.38
117,175,97.16
118,175,96.94
119,175,96.73
120,175,94.53
121,175,94.34
122,175,94.14
123,175,93.95
124,175,93.77
125,175,93.59
126,175,93.42
127,175,93.25
128,175,93.09
129,175,92.94
130,175,94.21
131,175,94.07
132,175,93.93
133,175,93.81
134,175,93.68
135,175,93.22
136,175,93.11
137,175,93.01
138,175,92.92
139,175,92.83
140,175,92.15
141,175,92.08
142,175,92.02
143,175,91.97
144,175,91.92
145,175,91.43
146,175,91.4
147,175,91.38
148,175,91.36
149,175,91.36
150,175,91.91
151,175,91.92
152,175,91.94
153,175,91.97
154,175,92.0
155,175,93.39
156,175,93.44
157,175,93.5
158,175,93.57
159,175,93.64
160,175,93.12
161,175,93.2
162,175,93.3
163,175,93.4
164,175,93.51
165,175,94.13
166,175,94.25
167,175,94.38
168,175,94.52
169,175,94.66
170,175,94.42
171,175,94.57
172,175,94.74
173,175,94.9
174,175,95.08
175,175,95.61
176,175,95.8
177,175,95.99
178,175,96.18
179,175,96.39
180,175,95.94
181,175,96.15
182,175,96.37
183,175,96.59
184,175,96.81
185,175,95.94
186,175,96.17
187,175,96.4
188,175,96.64
189,175,96.87
190,175,97.12
191,175,97.36
192,175,97.6
193,175,97.85
194,175,98.1
195,175,98.35
196,175,98.6
197,175,98.85
198,175,99.11
199,175,99.36
0,176,100.14
1,176,100.39
2,176,100.64
3,176,100.89
4,176,101.14
5,176,102.39
6,176,102.64
7,176,102.89
8,176,103.14
9,176,103.38
10,176,102.72
11,176,102.96
12,176,103.2
13,176,103.43
14,176,103.66
15,176,104.29
16,176,104.51
17,176,104.73
18,176,104.94
19,176,105.15
20,176,104.91
21,176,105.11
22,176,105.31
23,176,105.5
24,176,105.68
25,176,105.17
26,176,105.34
27,176,105.51
28,176,105.67
29,176,105.83
30,176,105.98
31,176,106.12
32,176,106.26
33,176,106.39
34,176,106.52
35,176,107.69
36,176,107.8
37,176,107.9
38,176,107.99
39,176,108.08
40,176,107.56
41,176,107.63
42,176,107.7
43,176,107.76
44,176,107.81
45,176,109.25
46,176,109.29
47,176,109.31
48,176,109.33
49,176,109.34
50,176,107.84
51,176,107.83
52,176,107.82
53,176,107.8
54,176,107.77
55,176,108.68
56,176,108.64
57,176,108.59
58,176,108.53
59,176,108.46
60,176,108.73
61,176,108.65
62,176,108.56
63,176,108.46
64,176,108.36
65,176,107.03
66,176,106.91
67,176,106.78
68,176,106.65
69,176,106.51
70,176,105.91
71,176,105.75
72,176,105.59
73,176,105.43
74,176,105.25
75,176,106.7
76,176,106.52
77,176,106.33
78,176,106.14
79,176,105.94
80,176,106.1
81,176,105.89
82,176,105.68
83,176,105.46
84,176,105.24
85,176,103.69
86,176,103.46
87,176,103.23
88,176,102.99
89,176,102.76
90,176,101.85
91,176,101.61
92,176,101.36
93,176,101.12
94,176,100.87
95,176,101.49
96,176,101.24
97,176,100.99
98,176,100.74
99,176,100.49
100,176,101.01
101,176,100.75
102,176,100.5
103,176,100.25
104,176,100.0
105,176,98.77
106,176,98.52
107,176,98.28
108,176,98.03
109,176,97.79
110,176,97.4
111,176,97.16
112,176,96.92
113,176,96.69
114,176,96.46
115,176,97.72
116,176,97.5
117,176,97.28
118,176,97.07
119,176,96.86
120,176,94.66
121,176,94.46
122,176,94.27
123,176,94.08
124,176,93.9
125,176,93.72
126,176,93.55
127,176,93.38
128,176,93.22
129,176,93.07
130,176,94.34
131,176,94.2
132,176,94.06
133,176,93.93
134,176,93.81
135,176,93.34
136,176,93.24
137,176,93.14
138,176,93.04
139,176,92.96
140,176,92.28
141,176,92.21
142,176,92.15
143,176,92.09
144,176,92.05
145,176,91.56
146,176,91.53
147,176,91.51
148,176,91.49
149,176,91.49
150,176,92.04
151,176,92.05
152,176,92.07
153,176,92.09
154,176,92.13
155,176,93.52
156,176,93.57
157,176,93.63
158,176,93.69
159,176,93.77
160,176,93.24
161,176,93.33
162,176,93.43
163,176,93.53
164,176,93.64
165,176,94.26
166,176,94.38
167,176,94.51
168,176,94.65
169,176,94.79
170,176,94.54
171,176,94.7
172,176,94.86
173,176,95.03
174,176,95.21
175,176,95.74
176,176,95.92
177,176,96.12
178,176,96.31
179,176,96.51
180,176,96.07
181,176,96.28
182,176,96.5
183,176,96.71
184,176,96.94
185,176,96.06
186,176,96.29
187,176,96.53
188,176,96.76
189,176,97.0
190,176,97.24
191,176,97.49
192,176,97.73
193,176,97.98
194,176,98.23
195,176,98.48
196,176,98.73
197,176,98.98
198,176,99.23
199,176,99.49
0,177,100.26
1,177,100.51
2,177,113.11
3,177,113.37
4,177,113.62
5,177,133.87
6,177,134.12
7,177,134.36
8,177,134.61
9,177,134.85
10,177,117.09
11,177,117.33
12,177,117.57
13,177,117.8
14,177,118.03
15,177,126.26
16,177,126.48
17,177,126.7
18,177,126.92
19,177,127.13
20,177,118.33
21,177,118.54
22,177,118.73
23,177,118.92
24,177,119.11
25,177,105.29
26,177,105.46
27,177,105.63
28,177,105.8
29,177,105.95
30,177,106.1
31,177,106.25
32,177,106.39
33,177,106.52
34,177,106.64
35,177,127.77
36,177,127.89
37,177,127.99
38,177,128.09
39,177,128.18
40,177,116.25
41,177,116.32
42,177,116.39
43,177,116.44
44,177,116.5
45,177,144.6
46,177,144.64
47,177,144.67
48,177,144.7
49,177,144.72
50,177,107.96
51,177,107.95
52,177,114.62
53,177,114.6
54,177,114.57
55,177,133.63
56,177,133.59
57,177,133.55
58,177,133.5
59,177,133.44
60,177,140.42
61,177,140.35
62,177,140.28
63,177,140.19
64,177,140.1
65,177,115.78
66,177,115.67
67,177,115.55
68,177,115.42
69,177,115.28
70,177,106.03
71,177,105.88
72,177,105.72
73,177,105.55
74,177,105.38
75,177,106.82
76,177,106.64
77,177,137.36
78,177,137.19
79,177,137.01
80,177,143.95
81,177,143.77
82,177,143.58
83,177,143.38
84,177,143.18
85,177,116.42
86,177,116.2
87,177,115.98
88,177,115.75
89,177,115.52
90,177,101.97
91,177,101.73
92,177,101.49
93,177,101.24
94,177,100.99
95,177,118.17
96,177,117.92
97,177,117.67
98,177,117.42
99,177,117.17
100,177,101.12
101,177,100.87
102,177,131.79
103,177,131.54
104,177,131.28
105,177,111.55
106,177,111.3
107,177,111.05
108,177,110.8
109,177,110.55
110,177,107.24
111,177,107.0
112,177,106.76
113,177,106.52
114,177,106.29
115,177,135.66
116,177,135.42
117,177,135.18
118,177,134.94
119,177,134.71
120,177,94.79
121,177,94.59
122,177,94.39
123,177,94.2
124,177,94.02
125,177,93.84
126,177,93.67
127,177,93.5
128,177,93.34
129,177,93.19
130,177,121.37
131,177,121.21
132,177,121.06
133,177,120.92
134,177,120.78
135,177,113.59
136,177,113.47
137,177,113.36
138,177,113.26
139,177,113.17
140,177,101.01
141,177,100.93
142,177,100.87
143,177,100.81
144,177,100.76
145,177,91.68
146,177,91.65
147,177,91.63
148,177,91.62
149,177,91.61
150,177,92.16
151,177,92.17
152,177,102.67
153,177,102.69
154,177,102.72
155,177,129.81
156,177,129.86
157,177,129.91
158,177,129.97
159,177,130.04
160,177,118.1
161,177,118.18
162,177,118.27
163,177,118.37
164,177,118.48
165,177,128.6
166,177,128.72
167,177,128.85
168,177,128.99
169,177,129.13
170,177,121.28
171,177,121.43
172,177,121.59
173,177,121.76
174,177,121.94
175,177,95.86
176,177,96.05
177,177,129.49
178,177,129.69
179,177,129.89
180,177,117.1
181,177,117.31
182,177,117.52
183,177,117.74
184,177,117.96
185,177,96.19
186,177,96.42
187,177,96.65
188,177,96.89
189,177,97.13
190,177,97.37
191,177,97.61
192,177,97.86
193,177,98.1
194,177,98.35
195,177,98.6
196,177,98.85
197,177,99.1
198,177,99.36
199,177,99.61
0,178,100.38
1,178,100.63
2,178,113.23
3,178,113.49
4,178,113.74
5,178,133.99
6,178,134.24
7,178,134.48
8,178,134.73
9,178,134.97
10,178,117.21
11,178,117.45
12,178,117.69
13,178,117.92
14,178,118.15
15,178,126.38
16,178,126.6
17,178,126.82
18,178,127.04
19,178,127.25
20,178,118.45
21,178,118.65
22,178,118.85
23,178,119.04
24,178,119.23
25,178,105.41
26,178,105.58
27,178,105.75
28,178,105.92
29,178,106.07
30,178,106.22
31,178,106.37
32,178,106.5
33,178,106.64
34,178,106.76
35,178,127.89
36,178,128.0
37,178,128.11
38,178,128.2
39,178,128.29
40,178,116.36
41,178,116.44
42,178,116.5
43,178,116.56
44,178,116.61
45,178,144.71
46,178,144.75
47,178,144.78
48,178,144.81
49,178,144.82
50,178,108.08
51,178,108.07
52,178,114.73
53,178,114.71
54,178,114.68
55,178,133.73
56,178,133.69
57,178,133.65
58,178,133.6
59,178,133.54
60,178,140.51
61,178,140.44
62,178,140.36
63,178,140.28
64,178,140.19
65,178,115.89
66,178,115.78
67,178,115.65
68,178,115.52
69,178,115.39
70,178,106.15
71,178,105.99
72,178,105.83
73,178,105.67
74,178,105.5
75,178,106.94
76,178,106.76
77,178,137.41
78,178,137.24
79,178,137.06
80,178,143.98
81,178,143.79
82,178,143.6
83,178,143.4
84,178,143.2
85,178,116.51
86,178,116.29
87,178,116.06
88,178,115.83
89,178,115.6
90,178,102.09
91,178,101.85
92,178,101.61
93,178,101.36
94,178,101.11
95,178,118.24
96,178,117.99
97,178,117.74
98,178,117.49
99,178,117.24
100,178,101.24
101,178,100.99
102,178,131.81
103,178,131.55
104,178,131.3
105,178,111.63
106,178,111.38
107,178,111.13
108,178,110.88
109,178,110.63
110,178,107.33
111,178,107.09
112,178,106.85
113,178,106.61
114,178,106.38
115,178,135.68
116,178,135.44
117,178,135.2
118,178,134.97
119,178,134.74
120,178,94.9
121,178,94.71
122,178,94.51
123,178,94.32
124,178,94.14
125,178,93.96
126,178,93.79
127,178,93.62
128,178,93.46
129,178,93.31
130,178,121.45
131,178,121.29
132,178,121.14
133,178,121.0
134,178,120.87
135,178,113.69
136,178,113.57
137,178,113.46
138,178,113.36
139,178,113.27
140,178,101.12
141,178,101.05
142,178,100.98
143,178,100.92
144,178,100.88
145,178,91.8
146,178,91.77
147,178,91.75
148,178,91.73
149,178,91.73
150,178,92.28
151,178,92.29
152,178,102.78
153,178,102.81
154,178,102.84
155,178,129.92
156,178,129.97
157,178,130.02
158,178,130.08
159,178,130.15
160,178,118.21
161,178,118.3
162,178,118.39
163,178,118.49
164,178,118.6
165,178,128.72
166,178,128.84
167,178,128.97
168,178,129.11
169,178,129.25
170,178,121.39
171,178,121.55
172,178,121.71
173,178,121.88
174,178,122.06
175,178,95.98
176,178,96.17
177,178,129.61
178,178,129.81
179,178,130.01
180,178,117.21
181,178,117.42
182,178,117.64
183,178,117.86
184,178,118.08
185,178,96.31
186,178,96.54
187,178,96.77
188,178,97.01
189,178,97.24
190,178,97.49
191,178,97.73
192,178,97.97
193,178,98.22
194,178,98.47
195,178,98.72
196,178,98.97
197,178,99.22
198,178,99.48
199,178,99.73
0,179,100.49
1,179,100.75
2,179,113.35
3,179,113.6
4,179,113.85
5,179,134.1
6,179,134.35
7,179,134.6
8,179,134.84
9,179,135.09
10,179,117.33
11,179,117.57
12,179,117.8
13,179,118.04
14,179,118.27
15,179,126.49
16,179,126.72
17,179,126.94
18,179,127.15
19,179,127.36
20,179,118.57
21,179,118.77
22,179,118.97
23,179,119.16
24,179,119.34
25,179,105.52
26,179,105.7
27,179,105.87
28,179,106.03
29,179,106.19
30,179,106.34
31,179,106.48
32,179,106.62
33,179,106.75
34,179,106.87
35,179,128.0
36,179,128.11
37,179,128.22
38,179,128.32
39,179,128.41
40,179,116.48
41,179,116.55
42,179,116.62
43,179,116.67
44,179,116.72
45,179,144.81
46,179,144.85
47,179,144.88
48,179,144.91
49,179,144.93
50,179,108.19
51,179,108.19
52,179,114.84
53,179,114.82
54,179,114.8
55,179,133.83
56,179,133.79
57,179,133.75
58,179,133.69
59,179,133.63
60,179,140.6
61,179,140.53
62,179,140.45
63,179,140.36
64,179,140.27
65,179,116.0
66,179,115.88
67,179,115.76
68,179,115.63
69,179,115.49
70,179,106.26
71,179,106.11
72,179,105.95
73,179,105.78
74,179,105.61
75,179,107.05
76,179,106.87
77,179,137.47
78,179,137.29
79,179,137.11
80,179,144.02
81,179,143.83
82,179,143.63
83,179,143.43
84,179,143.23
85,179,116.59
86,179,116.37
87,179,116.14
88,179,115.91
89,179,115.68
90,179,102.21
91,179,101.96
92,179,101.72
93,179,101.47
94,179,101.23
95,179,118.3
96,179,118.05
97,179,117.8
98,179,117.55
99,179,117.3
100,179,101.35
101,179,101.1
102,179,131.84
103,179,131.58
104,179,131.33
105,179,111.71
106,179,111.46
107,179,111.21
108,179,110.96
109,179,110.72
110,179,107.42
111,179,107.18
112,179,106.94
113,179,106.7
114,179,106.47
115,179,135.71
116,179,135.47
117,179,135.23
118,179,135.0
119,179,134.78
120,179,95.02
121,179,94.82
122,179,94.63
123,179,94.44
124,179,94.25
125,179,94.08
126,179,93.9
127,179,93.74
128,179,93.58
129,179,93.42
130,179,121.53
131,179,121.37
132,179,121.23
133,179,121.09
134,179,120.95
135,179,113.78
136,179,113.67
137,179,113.56
138,179,113.46
139,179,113.37
140,179,101.23
141,179,101.15
142,179,101.09
143,179,101.03
144,179,100.99
145,179,91.91
146,179,91.89
147,179,91.86
148,179,91.85
149,179,91.84
150,179,92.4
151,179,92.41
152,179,102.89
153,179,102.92
154,179,102.95
155,179,130.03
156,179,130.07
157,179,130.13
158,179,130.19
159,179,130.26
160,179,118.32
161,179,118.41
162,179,118.5
163,179,118.6
164,179,118.71
165,179,128.83
166,179,128.95
167,179,129.08
168,179,129.22
169,179,129.36
170,179,121.51
171,179,121.66
172,179,121.83
173,179,121.99
174,179,122.17
175,179,96.09
176,179,96.28
177,179,129.73
178,179,129.92
179,179,130.12
180,179,117.33
181,179,117.54
182,179,117.75
183,179,117.97
184,179,118.2
185,179,96.42
186,179,96.65
187,179,96.88
188,179,97.12
189,179,97.36
190,179,97.6
191,179,97.84
192,179,98.09
193,179,98.34
194,179,98.59
195,179,98.84
196,179,99.09
197,179,99.34
198,179,99.59
199,179,99.84
0,180,100.25
1,180,100.5
2,180,106.46
3,180,106.71
4,180,106.96
5,180,111.21
6,180,111.46
7,180,111.71
8,180,111.95
9,180,112.2
10,180,110.44
11,180,110.68
12,180,110.91
13,180,111.14
14,180,111.37
15,180,114.6
16,180,114.82
17,180,115.04
18,180,115.26
19,180,115.47
20,180,104.68
21,180,104.88
22,180,105.07
23,180,105.26
24,180,105.45
25,180,106.28
26,180,106.46
27,180,118.98
28,180,119.14
29,180,119.3
30,180,124.45
31,180,124.6
32,180,124.74
33,180,124.87
34,180,124.99
35,180,138.12
36,180,138.23
37,180,138.33
38,180,138.43
39,180,138.52
40,180,128.59
41,180,128.67
42,180,128.74
43,180,128.8
44,180,128.85
45,180,147.92
46,180,147.96
47,180,147.99
48,180,148.01
49,180,148.03
50,180,109.86
51,180,109.85
52,180,146.03
53,180,146.02
54,180,145.99
55,180,112.86
56,180,112.81
57,180,112.76
58,180,112.7
59,180,112.64
60,180,107.54
61,180,107.45
62,180,107.36
63,180,107.26
64,180,107.16
65,180,107.04
66,180,106.92
67,180,106.79
68,180,106.66
69,180,106.52
70,180,106.37
71,180,106.22
72,180,106.06
73,180,105.89
74,180,105.72
75,180,106.91
76,180,106.72
77,180,132.47
78,180,132.29
79,180,132.1
80,180,144.06
81,180,143.86
82,180,143.67
83,180,143.46
84,180,143.26
85,180,131.89
86,180,131.67
87,180,131.45
88,180,131.22
89,180,130.99
90,180,114.51
91,180,114.27
92,180,114.02
93,180,113.78
94,180,113.53
95,180,101.09
96,180,100.83
97,180,100.58
98,180,100.33
99,180,100.08
100,180,101.81
101,180,101.56
102,180,138.99
103,180,138.73
104,180,138.48
105,180,113.82
106,180,113.57
107,180,113.32
108,180,113.07
109,180,112.83
110,180,129.85
111,180,129.6
112,180,129.36
113,180,129.11
114,180,128.88
115,180,115.46
116,180,115.23
117,180,115.0
118,180,114.78
119,180,114.57
120,180,95.13
121,180,94.93
122,180,94.74
123,180,94.55
124,180,94.36
125,180,94.64
126,180,94.47
127,180,102.93
128,180,102.76
129,180,102.61
130,180,103.46
131,180,103.32
132,180,103.18
133,180,103.05
134,180,102.92
135,180,128.96
136,180,128.84
137,180,128.73
138,180,128.63
139,180,128.53
140,180,116.39
141,180,116.32
142,180,116.25
143,180,116.19
144,180,116.14
145,180,92.02
146,180,91.99
147,180,91.97
148,180,91.96
149,180,91.95
150,180,92.56
151,180,92.57
152,180,104.0
153,180,104.03
154,180,104.06
155,180,109.11
156,180,109.15
157,180,109.21
158,180,109.27
159,180,109.34
160,180,92.41
161,180,92.5
162,180,92.59
163,180,92.69
164,180,92.8
165,180,114.93
166,180,115.05
167,180,115.18
168,180,115.32
169,180,115.46
170,180,129.62
171,180,129.77
172,180,129.94
173,180,130.1
174,180,130.28
175,180,94.45
176,180,94.64
177,180,94.83
178,180,95.03
179,180,95.23
180,180,130.44
181,180,130.65
182,180,130.86
183,180,131.08
184,180,131.31
185,180,111.53
186,180,111.76
187,180,111.99
188,180,112.23
189,180,112.47
190,180,97.71
191,180,97.95
192,180,98.2
193,180,98.45
194,180,98.69
195,180,113.94
196,180,114.2
197,180,114.45
198,180,114.7
199,180,114.95
0,181,100.36
1,181,100.61
2,181,106.56
3,181,106.81
4,181,107.06
5,181,111.31
6,181,111.56
7,181,111.81
8,181,112.06
9,181,112.3
10,181,110.54
11,181,110.78
12,181,111.02
13,181,111.25
14,181,111.48
15,181,114.71
16,181,114.93
17,181,115.15
18,181,115.36
19,181,115.57
20,181,104.78
21,181,104.98
22,181,105.18
23,181,105.37
24,181,105.56
25,181,106.39
26,181,106.56
27,181,119.08
28,181,119.25
29,181,119.4
30,181,124.56
31,181,124.7
32,181,124.84
33,181,124.97
34,181,125.1
35,181,138.22
36,181,138.33
37,181,138.43
38,181,138.53
39,181,138.62
40,181,128.7
41,181,128.77
42,181,128.84
43,181,128.9
44,181,128.95
45,181,148.02
46,181,148.05
47,181,148.09
48,181,148.11
49,181,148.12
50,181,109.96
51,181,109.95
52,181,146.12
53,181,146.11
54,181,146.08
55,181,112.96
56,181,112.92
57,181,112.86
58,181,112.8
59,181,112.74
60,181,107.64
61,181,107.56
62,181,107.47
63,181,107.37
64,181,107.26
65,181,107.15
66,181,107.03
67,181,106.9
68,181,106.77
69,181,106.62
70,181,106.48
71,181,106.32
72,181,106.16
73,181,106.0
74,181,105.82
75,181,107.01
76,181,106.83
77,181,132.54
78,181,132.35
79,181,132.16
80,181,144.1
81,181,143.9
82,181,143.71
83,181,143.5
84,181,143.29
85,181,131.94
86,181,131.72
87,181,131.5
88,181,131.27
89,181,131.04
90,181,114.59
91,181,114.35
92,181,114.1
93,181,113.86
94,181,113.61
95,181,101.19
96,181,100.94
97,181,100.69
98,181,100.44
99,181,100.18
100,181,101.91
101,181,101.66
102,181,139.01
103,181,138.75
104,181,138.5
105,181,113.89
106,181,113.64
107,181,113.39
108,181,113.15
109,181,112.9
110,181,129.89
111,181,129.64
112,181,129.4
113,181,129.16
114,181,128.92
115,181,115.53
116,181,115.3
117,181,115.08
118,181,114.86
119,181,114.64
120,181,95.23
121,181,95.03
122,181,94.84
123,181,94.65
124,181,94.47
125,181,94.74
126,181,94.57
127,181,103.02
128,181,102.86
129,181,102.7
130,181,103.56
131,181,103.41
132,181,103.28
133,181,103.14
134,181,103.02
135,181,129.04
136,181,128.92
137,181,128.81
138,181,128.71
139,181,128.62
140,181,116.49
141,181,116.41
142,181,116.34
143,181,116.28
144,181,116.23
145,181,92.13
146,181,92.1
147,181,92.08
148,181,92.06
149,181,92.06
150,181,92.66
151,181,92.67
152,181,104.1
153,181,104.13
154,181,104.16
155,181,109.21
156,181,109.26
157,181,109.31
158,181,109.37
159,181,109.45
160,181,92.51
161,181,92.6
162,181,92.7
163,181,92.8
164,181,92.91
165,181,115.03
166,181,115.16
167,181,115.29
168,181,115.42
169,181,115.57
170,181,129.72
171,181,129.88
172,181,130.04
173,181,130.21
174,181,130.38
175,181,94.56
176,181,94.74
177,181,94.94
178,181,95.13
179,181,95.33
180,181,130.54
181,181,130.75
182,181,130.97
183,181,131.19
184,181,131.41
185,181,111.64
186,181,111.86
187,181,112.1
188,181,112.33
189,181,112.57
190,181,97.81
191,181,98.06
192,181,98.3
193,181,98.55
194,181,98.8
195,181,114.05
196,181,114.3
197,181,114.55
198,181,114.8
199,181,115.06
0,182,100.46
1,182,100.71
2,182,106.66
3,182,106.91
4,182,107.16
5,182,111.41
6,182,111.66
7,182,111.91
8,182,112.16
9,182,112.4
10,182,110.64
11,182,110.88
12,182,111.12
13,182,111.35
14,182,111.58
15,182,114.81
16,182,115.03
17,182,115.25
18,182,115.46
19,182,115.67
20,182,104.88
21,182,105.08
22,182,105.28
23,182,105.47
24,182,105.65
25,182,106.49
26,182,106.66
27,182,119.18
28,182,119.35
29,182,119.5
30,182,124.65
31,182,124.8
32,182,124.94
33,182,125.07
34,182,125.19
35,182,138.32
36,182,138.43
37,182,138.53
38,182,138.63
39,182,138.72
40,182,128.79
41,182,128.87
42,182,128.93
43,182,128.99
44,182,129.05
45,182,148.11
46,182,148.15
47,182,148.18
48,182,148.2
49,182,148.21
50,182,110.06
51,182,110.05
52,182,146.21
53,182,146.19
54,182,146.17
55,182,113.06
56,182,113.01
57,182,112.96
58,182,112.9
59,182,112.83
60,182,107.74
61,182,107.66
62,182,107.57
63,182,107.47
64,182,107.36
65,182,107.25
66,182,107.13
67,182,107.0
68,182,106.86
69,182,106.72
70,182,106.58
71,182,106.42
72,182,106.26
73,182,106.1
74,182,105.92
75,182,107.11
76,182,106.92
77,182,132.6
78,182,132.42
79,182,132.23
80,182,144.14
81,182,143.95
82,182,143.75
83,182,143.54
84,182,143.33
85,182,132.0
86,182,131.78
87,182,131.55
88,182,131.32
89,182,131.09
90,182,114.66
91,182,114.42
92,182,114.18
93,182,113.94
94,182,113.69
95,182,101.29
96,182,101.04
97,182,100.79
98,182,100.54
99,182,100.28
100,182,102.01
101,182,101.75
102,182,139.03
103,182,138.78
104,182,138.52
105,182,113.96
106,182,113.71
107,182,113.47
108,182,113.22
109,182,112.97
110,182,129.93
111,182,129.69
112,182,129.44
113,182,129.21
114,182,128.97
115,182,115.6
116,182,115.37
117,182,115.15
118,182,114.93
119,182,114.72
120,182,95.33
121,182,95.13
122,182,94.94
123,182,94.75
124,182,94.57
125,182,94.84
126,182,94.67
127,182,103.11
128,182,102.95
129,182,102.79
130,182,103.65
131,182,103.5
132,182,103.37
133,182,103.24
134,182,103.11
135,182,129.11
136,182,129.0
137,182,128.89
138,182,128.79
139,182,128.7
140,182,116.57
141,182,116.5
142,182,116.43
143,182,116.37
144,182,116.32
145,182,92.23
146,182,92.2
147,182,92.18
148,182,92.16
149,182,92.16
150,182,92.76
151,182,92.77
152,182,104.2
153,182,104.23
154,182,104.26
155,182,109.3
156,182,109.35
157,182,109.41
158,182,109.47
159,182,109.54
160,182,92.61
161,182,92.7
162,182,92.8
163,182,92.9
164,182,93.01
165,182,115.13
166,182,115.26
167,182,115.39
168,182,115.52
169,182,115.67
170,182,129.82
171,182,129.98
172,182,130.14
173,182,130.31
174,182,130.48
175,182,94.66
176,182,94.84
177,182,95.04
178,182,95.23
179,182,95.43
180,182,130.64
181,182,130.85
182,182,131.07
183,182,131.29
184,182,131.51
185,182,111.73
186,182,111.96
187,182,112.2
188,182,112.43
189,182,112.67
190,182,97.91
191,182,98.16
192,182,98.4
193,182,98.65
194,182,98.9
195,182,114.15
196,182,114.4
197,182,114.65
198,182,114.9
199,182,115.16
0,183,100.55
1,183,100.8
2,183,106.76
3,183,107.01
4,183,107.26
5,183,111.51
6,183,111.76
7,183,112.0
8,183,112.25
9,183,112.49
10,183,110.73
11,183,110.97
12,183,111.21
13,183,111.44
14,183,111.67
15,183,114.9
16,183,115.12
17,183,115.34
18,183,115.56
19,183,115.77
20,183,104.97
21,183,105.17
22,183,105.37
23,183,105.56
24,183,105.75
25,183,106.58
26,183,106.75
27,183,119.28
28,183,119.44
29,183,119.6
30,183,124.75
31,183,124.89
32,183,125.03
33,183,125.16
34,183,125.29
35,183,138.41
36,183,138.52
37,183,138.62
38,183,138.72
39,183,138.81
40,183,128.89
41,183,128.96
42,183,129.03
43,183,129.09
44,183,129.14
45,183,148.2
46,183,148.24
47,183,148.26
48,183,148.29
49,183,148.3
50,183,110.15
51,183,110.15
52,183,146.29
53,183,146.28
54,183,146.25
55,183,113.15
56,183,113.11
57,183,113.05
58,183,112.99
59,183,112.93
60,183,107.84
61,183,107.75
62,183,107.66
63,183,107.56
64,183,107.45
65,183,107.34
66,183,107.22
67,183,107.09
68,183,106.96
69,183,106.82
70,183,106.67
71,183,106.52
72,183,106.36
73,183,106.19
74,183,106.02
75,183,107.2
76,183,107.02
77,183,132.67
78,183,132.48
79,183,132.29
80,183,144.19
81,183,143.99
82,183,143.79
83,183,143.58
84,183,143.37
85,183,132.05
86,183,131.83
87,183,131.6
88,183,131.38
89,183,131.14
90,183,114.74
91,183,114.5
92,183,114.26
93,183,114.01
94,183,113.77
95,183,101.38
96,183,101.13
97,183,100.88
98,183,100.63
99,183,100.38
100,183,102.1
101,183,101.84
102,183,139.06
103,183,138.8
104,183,138.55
105,183,114.03
106,183,113.78
107,183,113.54
108,183,113.29
109,183,113.04
110,183,129.98
111,183,129.73
112,183,129.49
113,183,129.25
114,183,129.02
115,183,115.67
116,183,115.44
117,183,115.22
118,183,115.0
119,183,114.79
120,183,95.43
121,183,95.23
122,183,95.03
123,183,94.84
124,183,94.66
125,183,94.94
126,183,94.76
127,183,103.2
128,183,103.04
129,183,102.88
130,183,103.73
131,183,103.59
132,183,103.45
133,183,103.32
134,183,103.2
135,183,129.19
136,183,129.07
137,183,128.97
138,183,128.87
139,183,128.78
140,183,116.66
141,183,116.58
142,183,116.52
143,183,116.46
144,183,116.41
145,183,92.32
146,183,92.29
147,183,92.27
148,183,92.26
149,183,92.25
150,183,92.85
151,183,92.86
152,183,104.29
153,183,104.32
154,183,104.35
155,183,109.4
156,183,109.44
157,183,109.5
158,183,109.56
159,183,109.64
160,183,92.71
161,183,92.79
162,183,92.89
163,183,92.99
164,183,93.1
165,183,115.23
166,183,115.35
167,183,115.48
168,183,115.62
169,183,115.76
170,183,129.91
171,183,130.07
172,183,130.23
173,183,130.4
174,183,130.58
175,183,94.75
176,183,94.94
177,183,95.13
178,183,95.33
179,183,95.53
180,183,130.74
181,183,130.95
182,183,131.16
183,183,131.38
184,183,131.6
185,183,111.83
186,183,112.06
187,183,112.29
188,183,112.53
189,183,112.77
190,183,98.01
191,183,98.25
192,183,98.5
193,183,98.74
194,183,98.99
195,183,114.24
196,183,114.49
197,183,114.75
198,183,115.0
199,183,115.25
0,184,100.64
1,184,100.89
2,184,106.84
3,184,107.1
4,184,107.35
5,184,111.6
6,184,111.85
7,184,112.09
8,184,112.34
9,184,112.58
10,184,110.82
11,184,111.06
12,184,111.3
13,184,111.53
14,184,111.76
15,184,114.99
16,184,115.21
17,184,115.43
18,184,115.65
19,184,115.86
20,184,105.06
21,184,105.26
22,184,105.46
23,184,105.65
24,184,105.84
25,184,106.67
26,184,106.84
27,184,119.36
28,184,119.53
29,184,119.69
30,184,124.84
31,184,124.98
32,184,125.12
33,184,125.25
34,184,125.38
35,184,138.5
36,184,138.61
37,184,138.71
38,184,138.81
39,184,138.9
40,184,128.97
41,184,129.05
42,184,129.11
43,184,129.17
44,184,129.22
45,184,148.28
46,184,148.32
47,184,148.35
48,184,148.37
49,184,148.38
50,184,110.24
51,184,110.24
52,184,146.38
53,184,146.36
54,184,146.33
55,184,113.24
56,184,113.19
57,184,113.14
58,184,113.08
59,184,113.01
60,184,107.92
61,184,107.84
62,184,107.75
63,184,107.65
64,184,107.54
65,184,107.43
66,184,107.31
67,184,107.18
68,184,107.05
69,184,106.91
70,184,106.76
71,184,106.61
72,184,106.45
73,184,106.28
74,184,106.11
75,184,107.29
76,184,107.1
77,184,132.73
78,184,132.54
79,184,132.35
80,184,144.24
81,184,144.04
82,184,143.83
83,184,143.63
84,184,143.41
85,184,132.11
86,184,131.88
87,184,131.66
88,184,131.43
89,184,131.19
90,184,114.81
91,184,114.57
92,184,114.33
93,184,114.08
94,184,113.84
95,184,101.47
96,184,101.22
97,184,100.97
98,184,100.72
99,184,100.47
100,184,102.18
101,184,101.93
102,184,139.09
103,184,138.84
104,184,138.58
105,184,114.1
106,184,113.85
107,184,113.6
108,184,113.36
109,184,113.11
110,184,130.02
111,184,129.78
112,184,129.54
113,184,129.3
114,184,129.07
115,184,115.73
116,184,115.51
117,184,115.28
118,184,115.07
119,184,114.85
120,184,95.52
121,184,95.32
122,184,95.12
123,184,94.93
124,184,94.75
125,184,95.02
126,184,94.85
127,184,103.28
128,184,103.12
129,184,102.96
130,184,103.82
131,184,103.67
132,184,103.54
133,184,103.41
134,184,103.29
135,184,129.26
136,184,129.14
137,184,129.04
138,184,128.94
139,184,128.85
140,184,116.74
141,184,116.66
142,184,116.6
143,184,116.54
144,184,116.49
145,184,92.41
146,184,92.38
147,184,92.36
148,184,92.35
149,184,92.34
150,184,92.94
151,184,92.95
152,184,104.38
153,184,104.41
154,184,104.44
155,184,109.48
156,184,109.53
157,184,109.59
158,184,109.65
159,184,109.72
160,184,92.8
161,184,92.88
162,184,92.98
163,184,93.08
164,184,93.19
165,184,115.31
166,184,115.44
167,184,115.57
168,184,115.71
169,184,115.85
170,184,130.0
171,184,130.16
172,184,130.32
173,184,130.49
174,184,130.66
175,184,94.84
176,184,95.03
177,184,95.22
178,184,95.42
179,184,95.62
180,184,130.82
181,184,131.04
182,184,131.25
183,184,131.47
184,184,131.69
185,184,111.92
186,184,112.15
187,184,112.38
188,184,112.62
189,184,112.86
190,184,98.1
191,184,98.34
192,184,98.59
193,184,98.83
194,184,99.08
195,184,114.33
196,184,114.58
197,184,114.83
198,184,115.09
199,184,115.34
0,185,100.92
1,185,101.18
2,185,110.93
3,185,111.18
4,185,111.43
5,185,101.68
6,185,101.93
7,185,102.18
8,185,102.42
9,185,102.67
10,185,142.91
11,185,143.15
12,185,143.38
13,185,143.62
14,185,143.85
15,185,114.07
16,185,114.3
17,185,114.51
18,185,114.73
19,185,114.94
20,185,138.15
21,185,138.35
22,185,138.55
23,185,138.74
24,185,138.92
25,185,107.65
26,185,107.83
27,185,137.45
28,185,137.61
29,185,137.77
30,185,140.92
31,185,141.07
32,185,141.21
33,185,141.34
34,185,141.46
35,185,107.57
36,185,107.68
37,185,107.78
38,185,107.88
39,185,107.97
40,185,146.06
41,185,146.14
42,185,146.2
43,185,146.26
44,185,146.32
45,185,130.35
46,185,130.38
47,185,130.41
48,185,130.43
49,185,130.44
50,185,108.42
51,185,108.42
52,185,108.4
53,185,108.38
54,185,108.35
55,185,124.34
56,185,124.3
57,185,124.24
58,185,124.19
59,185,124.12
60,185,134.07
61,185,133.99
62,185,133.9
63,185,133.81
64,185,133.7
65,185,133.59
66,185,133.48
67,185,133.36
68,185,133.23
69,185,133.09
70,185,134.96
71,185,134.81
72,185,134.66
73,185,134.49
74,185,134.33
75,185,107.77
76,185,107.59
77,185,140.83
78,185,140.65
79,185,140.46
80,185,105.04
81,185,104.84
82,185,104.62
83,185,104.41
84,185,104.18
85,185,131.15
86,185,130.93
87,185,130.7
88,185,130.47
89,185,130.24
90,185,102.79
91,185,102.54
92,185,102.3
93,185,102.05
94,185,101.81
95,185,120.72
96,185,120.47
97,185,120.21
98,185,119.96
99,185,119.71
100,185,100.8
101,185,100.55
102,185,109.88
103,185,109.63
104,185,109.37
105,185,99.04
106,185,98.79
107,185,98.55
108,185,98.3
109,185,98.06
110,185,137.12
111,185,136.88
112,185,136.64
113,185,136.4
114,185,136.17
115,185,125.86
116,185,125.64
117,185,125.42
118,185,125.2
119,185,124.98
120,185,104.65
121,185,104.45
122,185,104.26
123,185,104.07
124,185,103.88
125,185,95.21
126,185,95.04
127,185,105.37
128,185,105.2
129,185,105.05
130,185,119.96
131,185,119.81
132,185,119.67
133,185,119.54
134,185,119.41
135,185,129.33
136,185,129.21
137,185,129.11
138,185,129.01
139,185,128.92
140,185,124.83
141,185,124.76
142,185,124.69
143,185,124.63
144,185,124.58
145,185,121.54
146,185,121.51
147,185,121.48
148,185,121.46
149,185,121.45
150,185,94.08
151,185,94.09
152,185,125.48
153,185,125.5
154,185,125.54
155,185,118.57
156,185,118.62
157,185,118.68
158,185,118.74
159,185,118.81
160,185,92.88
161,185,92.97
162,185,93.06
163,185,93.17
164,185,93.28
165,185,123.4
166,185,123.52
167,185,123.65
168,185,123.79
169,185,123.93
170,185,94.08
171,185,94.24
172,185,94.4
173,185,94.57
174,185,94.74
175,185,96.12
176,185,96.31
177,185,119.3
178,185,119.5
179,185,119.7
180,185,135.91
181,185,136.12
182,185,136.33
183,185,136.55
184,185,136.78
185,185,137.0
186,185,137.23
187,185,137.46
188,185,137.7
189,185,137.94
190,185,114.18
191,185,114.42
192,185,114.67
193,185,114.92
194,185,115.17
195,185,130.42
196,185,130.67
197,185,130.92
198,185,131.17
199,185,131.42
0,186,101.0
1,186,101.25
2,186,111.01
3,186,111.26
4,186,111.51
5,186,101.76
6,186,102.01
7,186,102.26
8,186,102.5
9,186,102.74
10,186,142.99
11,186,143.22
12,186,143.46
13,186,143.69
14,186,143.92
15,186,114.15
16,186,114.37
17,186,114.59
18,186,114.81
19,186,115.02
20,186,138.23
21,186,138.43
22,186,138.62
23,186,138.82
24,186,139.0
25,186,107.73
26,186,107.91
27,186,137.53
28,186,137.69
29,186,137.85
30,186,141.0
31,186,141.15
32,186,141.28
33,186,141.41
34,186,141.54
35,186,107.65
36,186,107.76
37,186,107.86
38,186,107.96
39,186,108.05
40,186,146.14
41,186,146.21
42,186,146.28
43,186,146.34
44,186,146.39
45,186,130.43
46,186,130.46
47,186,130.49
48,186,130.51
49,186,130.52
50,186,108.5
51,186,108.5
52,186,108.48
53,186,108.46
54,186,108.43
55,186,124.41
56,186,124.37
57,186,124.32
58,186,124.26
59,186,124.19
60,186,134.14
61,186,134.06
62,186,133.97
63,186,133.87
64,186,133.77
65,186,133.66
66,186,133.55
67,186,133.42
68,186,133.29
69,186,133.16
70,186,135.02
71,186,134.87
72,186,134.72
73,186,134.56
74,186,134.39
75,186,107.85
76,186,107.67
77,186,140.89
78,186,140.7
79,186,140.51
80,186,105.12
81,186,104.91
82,186,104.7
83,186,104.48
84,186,104.26
85,186,131.2
86,186,130.98
87,186,130.75
88,186,130.52
89,186,130.29
90,186,102.87
91,186,102.62
92,186,102.38
93,186,102.13
94,186,101.88
95,186,120.77
96,186,120.52
97,186,120.27
98,186,120.02
99,186,119.77
100,186,100.88
101,186,100.63
102,186,109.94
103,186,109.69
104,186,109.44
105,186,99.12
106,186,98.87
107,186,98.62
108,186,98.38
109,186,98.14
110,186,137.16
111,186,136.92
112,186,136.68
113,186,136.44
114,186,136.21
115,186,125.92
116,186,125.69
117,186,125.47
118,186,125.25
119,186,125.04
120,186,104.72
121,186,104.52
122,186,104.33
123,186,104.14
124,186,103.95
125,186,95.29
126,186,95.11
127,186,105.44
128,186,105.28
129,186,105.12
130,186,120.02
131,186,119.88
132,186,119.74
133,186,119.61
134,186,119.48
135,186,129.39
136,186,129.28
137,186,129.17
138,186,129.08
139,186,128.99
140,186,124.9
141,186,124.83
142,186,124.76
143,186,124.7
144,186,124.66
145,186,121.61
146,186,121.58
147,186,121.55
148,186,121.54
149,186,121.53
150,186,94.16
151,186,94.17
152,186,125.56
153,186,125.58
154,186,125.61
155,186,118.65
156,186,118.7
157,186,118.75
158,186,118.82
159,186,118.89
160,186,92.96
161,186,93.05
162,186,93.14
163,186,93.24
164,186,93.35
165,186,123.48
166,186,123.6
167,186,123.73
168,186,123.87
169,186,124.01
170,186,94.16
171,186,94.32
172,186,94.48
173,186,94.65
174,186,94.82
175,186,96.2
176,186,96.39
177,186,119.38
178,186,119.58
179,186,119.78
180,186,135.99
181,186,136.2
182,186,136.41
183,186,136.63
184,186,136.85
185,186,137.08
186,186,137.31
187,186,137.54
188,186,137.78
189,186,138.02
190,186,114.26
191,186,114.5
192,186,114.75
193,186,115.0
194,186,115.24
195,186,130.49
196,186,130.75
197,186,131.0
198,186,131.25
199,186,131.5
0,187,101.07
1,187,101.33
2,187,111.08
3,187,111.33
4,187,111.58
5,187,101.83
6,187,102.08
7,187,102.33
8,187,102.57
9,187,102.82
10,187,143.06
11,187,143.3
12,187,143.53
13,187,143.77
14,187,144.0
15,187,114.22
16,187,114.45
17,187,114.67
18,187,114.88
19,187,115.09
20,187,138.3
21,187,138.5
22,187,138.7
23,187,138.89
24,187,139.07
25,187,107.8
26,187,107.98
27,187,137.6
28,187,137.76
29,187,137.92
30,187,141.07
31,187,141.22
32,187,141.36
33,187,141.49
34,187,141.61
35,187,107.72
36,187,107.83
37,187,107.93
38,187,108.03
39,187,108.12
40,187,146.21
41,187,146.28
42,187,146.35
43,187,146.41
44,187,146.46
45,187,130.5
46,187,130.53
47,187,130.56
48,187,130.58
49,187,130.59
50,187,108.57
51,187,108.57
52,187,108.55
53,187,108.53
54,187,108.5
55,187,124.48
56,187,124.44
57,187,124.39
58,187,124.33
59,187,124.26
60,187,134.2
61,187,134.12
62,187,134.03
63,187,133.94
64,187,133.84
65,187,133.73
66,187,133.61
67,187,133.48
68,187,133.35
69,187,133.22
70,187,135.08
71,187,134.93
72,187,134.77
73,187,134.61
74,187,134.44
75,187,107.92
76,187,107.74
77,187,140.94
78,187,140.75
79,187,140.55
80,187,105.19
81,187,104.99
82,187,104.77
83,187,104.56
84,187,104.34
85,187,131.25
86,187,131.03
87,187,130.8
88,187,130.57
89,187,130.33
90,187,102.94
91,187,102.7
92,187,102.45
93,187,102.2
94,187,101.96
95,187,120.83
96,187,120.58
97,187,120.33
98,187,120.07
99,187,119.82
100,187,100.95
101,187,100.7
102,187,110.01
103,187,109.76
104,187,109.5
105,187,99.19
106,187,98.94
107,187,98.7
108,187,98.45
109,187,98.21
110,187,137.2
111,187,136.95
112,187,136.72
113,187,136.48
114,187,136.25
115,187,125.96
116,187,125.74
117,187,125.52
118,187,125.3
119,187,125.09
120,187,104.79
121,187,104.59
122,187,104.39
123,187,104.2
124,187,104.02
125,187,95.36
126,187,95.19
127,187,105.51
128,187,105.34
129,187,105.19
130,187,120.08
131,187,119.94
132,187,119.8
133,187,119.67
134,187,119.54
135,187,129.45
136,187,129.34
137,187,129.24
138,187,129.14
139,187,129.05
140,187,124.96
141,187,124.89
142,187,124.83
143,187,124.77
144,187,124.72
145,187,121.68
146,187,121.65
147,187,121.62
148,187,121.61
149,187,121.6
150,187,94.23
151,187,94.24
152,187,125.63
153,187,125.65
154,187,125.68
155,187,118.72
156,187,118.77
157,187,118.82
158,187,118.89
159,187,118.96
160,187,93.03
161,187,93.12
162,187,93.21
163,187,93.32
164,187,93.43
165,187,123.55
166,187,123.67
167,187,123.8
168,187,123.94
169,187,124.08
170,187,94.23
171,187,94.39
172,187,94.55
173,187,94.72
174,187,94.9
175,187,96.28
176,187,96.46
177,187,119.45
178,187,119.65
179,187,119.85
180,187,136.06
181,187,136.27
182,187,136.48
183,187,136.7
184,187,136.93
185,187,137.15
186,187,137.38
187,187,137.62
188,187,137.85
189,187,138.09
190,187,114.33
191,187,114.58
192,187,114.82
193,187,115.07
194,187,115.32
195,187,130.57
196,187,130.82
197,187,131.07
198,187,131.32
199,187,131.57
0,188,101.14
1,188,101.39
2,188,111.15
3,188,111.4
4,188,111.65
5,188,101.9
6,188,102.15
7,188,102.4
8,188,102.64
9,188,102.88
10,188,143.13
11,188,143.37
12,188,143.6
13,188,143.83
14,188,144.06
15,188,114.29
16,188,114.51
17,188,114.73
18,188,114.95
19,188,115.16
20,188,138.37
21,188,138.57
22,188,138.76
23,188,138.96
24,188,139.14
25,188,107.87
26,188,108.05
27,188,137.67
28,188,137.83
29,188,137.99
30,188,141.14
31,188,141.28
32,188,141.42
33,188,141.55
34,188,141.68
35,188,107.79
36,188,107.9
37,188,108.0
38,188,108.1
39,188,108.19
40,188,146.28
41,188,146.35
42,188,146.42
43,188,146.47
44,188,146.53
45,188,130.56
46,188,130.6
47,188,130.62
48,188,130.64
49,188,130.65
50,188,108.64
51,188,108.64
52,188,108.62
53,188,108.6
54,188,108.57
55,188,124.55
56,188,124.5
57,188,124.45
58,188,124.39
59,188,124.33
60,188,134.26
61,188,134.18
62,188,134.09
63,188,134.0
64,188,133.89
65,188,133.78
66,188,133.67
67,188,133.54
68,188,133.41
69,188,133.27
70,188,135.14
71,188,134.99
72,188,134.83
73,188,134.67
74,188,134.5
75,188,107.99
76,188,107.8
77,188,140.98
78,188,140.79
79,188,140.6
80,188,105.26
81,188,105.05
82,188,104.84
83,188,104.62
84,188,104.4
85,188,131.3
86,188,131.08
87,188,130.85
88,188,130.62
89,188,130.38
90,188,103.01
91,188,102.76
92,188,102.52
93,188,102.27
94,188,102.02
95,188,120.88
96,188,120.63
97,188,120.38
98,188,120.12
99,188,119.87
100,188,101.02
101,188,100.77
102,188,110.07
103,188,109.81
104,188,109.56
105,188,99.26
106,188,99.01
107,188,98.76
108,188,98.52
109,188,98.28
110,188,137.23
111,188,136.99
112,188,136.75
113,188,136.52
114,188,136.28
115,188,126.01
116,188,125.79
117,188,125.57
118,188,125.35
119,188,125.14
120,188,104.85
121,188,104.65
122,188,104.46
123,188,104.27
124,188,104.08
125,188,95.43
126,188,95.25
127,188,105.57
128,188,105.41
129,188,105.25
130,188,120.14
131,188,120.0
132,188,119.86
133,188,119.73
134,188,119.6
135,188,129.51
136,188,129.4
137,188,129.29
138,188,129.2
139,188,129.11
140,188,125.02
141,188,124.95
142,188,124.89
143,188,124.83
144,188,124.78
145,188,121.74
146,188,121.71
147,188,121.69
148,188,121.67
149,188,121.66
150,188,94.3
151,188,94.3
152,188,125.69
153,188,125.71
154,188,125.75
155,188,118.78
156,188,118.83
157,188,118.89
158,188,118.95
159,188,119.03
160,188,93.1
161,188,93.19
162,188,93.28
163,188,93.38
164,188,93.49
165,188,123.62
166,188,123.74
167,188,123.87
168,188,124.01
169,188,124.15
170,188,94.3
171,188,94.46
172,188,94.62
173,188,94.79
174,188,94.96
175,188,96.34
176,188,96.53
177,188,119.52
178,188,119.72
179,188,119.92
180,188,136.13
181,188,136.34
182,188,136.55
183,188,136.77
184,188,136.99
185,188,137.22
186,188,137.45
187,188,137.68
188,188,137.92
189,188,138.16
190,188,114.4
191,188,114.64
192,188,114.89
193,188,115.14
194,188,115.38
195,188,130.63
196,188,130.89
197,188,131.14
198,188,131.39
199,188,131.64
0,189,101.2
1,189,101.46
2,189,111.21
3,189,111.46
4,189,111.71
5,189,101.96
6,189,102.21
7,189,102.46
8,189,102.7
9,189,102.95
10,189,143.19
11,189,143.43
12,189,143.66
13,189,143.9
14,189,144.13
15,189,114.35
16,189,114.58
17,189,114.79
18,189,115.01
19,189,115.22
20,189,138.43
21,189,138.63
22,189,138.83
23,189,139.02
24,189,139.2
25,189,107.93
26,189,108.11
27,189,137.73
28,189,137.89
29,189,138.05
30,189,141.2
31,189,141.35
32,189,141.48
33,189,141.61
34,189,141.74
35,189,107.85
36,189,107.96
37,189,108.06
38,189,108.16
39,189,108.25
40,189,146.34
41,189,146.41
42,189,146.48
43,189,146.53
44,189,146.59
45,189,130.62
46,189,130.66
47,189,130.68
48,189,130.7
49,189,130.71
50,189,108.7
51,189,108.7
52,189,108.68
53,189,108.66
54,189,108.63
55,189,124.61
56,189,124.56
57,189,124.51
58,189,124.45
59,189,124.38
60,189,134.32
61,189,134.24
62,189,134.15
63,189,134.05
64,189,133.95
65,189,133.84
66,189,133.72
67,189,133.6
68,189,133.46
69,189,133.33
70,189,135.19
71,189,135.04
72,189,134.88
73,189,134.72
74,189,134.55
75,189,108.05
76,189,107.86
77,189,141.03
78,189,140.84
79,189,140.64
80,189,105.32
81,189,105.12
82,189,104.9
83,189,104.69
84,189,104.46
85,189,131.35
86,189,131.12
87,189,130.89
88,189,130.66
89,189,130.42
90,189,103.07
91,189,102.82
92,189,102.58
93,189,102.33
94,189,102.09
95,189,120.92
96,189,120.67
97,189,120.42
98,189,120.17
99,189,119.92
100,189,101.08
101,189,100.83
102,189,110.12
103,189,109.87
104,189,109.62
105,189,99.32
106,189,99.07
107,189,98.83
108,189,98.58
109,189,98.34
110,189,137.27
111,189,137.03
112,189,136.79
113,189,136.55
114,189,136.32
115,189,126.05
116,189,125.83
117,189,125.61
118,189,125.39
119,189,125.18
120,189,104.91
121,189,104.71
122,189,104.51
123,189,104.32
124,189,104.14
125,189,95.49
126,189,95.32
127,189,105.63
128,189,105.46
129,189,105.31
130,189,120.19
131,189,120.05
132,189,119.91
133,189,119.78
134,189,119.66
135,189,129.56
136,189,129.45
137,189,129.35
138,189,129.25
139,189,129.16
140,189,125.08
141,189,125.01
142,189,124.95
143,189,124.89
144,189,124.84
145,189,121.8
146,189,121.77
147,189,121.74
148,189,121.73
149,189,121.72
150,189,94.36
151,189,94.37
152,189,125.75
153,189,125.77
154,189,125.81
155,189,118.84
156,189,118.89
157,189,118.95
158,189,119.01
159,189,119.09
160,189,93.16
161,189,93.25
162,189,93.34
163,189,93.45
164,189,93.56
165,189,123.68
166,189,123.8
167,189,123.93
168,189,124.07
169,189,124.21
170,189,94.36
171,189,94.52
172,189,94.68
173,189,94.85
174,189,95.02
175,189,96.41
176,189,96.59
177,189,119.58
178,189,119.78
179,189,119.98
180,189,136.19
181,189,136.4
182,189,136.61
183,189,136.83
184,189,137.06
185,189,137.28
186,189,137.51
187,189,137.74
188,189,137.98
189,189,138.22
190,189,114.46
191,189,114.7
192,189,114.95
193,189,115.2
194,189,115.45
195,189,130.7
196,189,130.95
197,189,131.2
198,189,131.45
199,189,131.7
0,190,102.36
1,190,102.61
2,190,133.26
3,190,133.52
4,190,133.77
5,190,102.02
6,190,102.27
7,190,102.51
8,190,102.76
9,190,103.0
10,190,103.24
11,190,103.48
12,190,103.72
13,190,103.95
14,190,104.18
15,190,104.41
16,190,104.63
17,190,104.85
18,190,105.07
19,190,105.28
20,190,132.48
21,190,132.68
22,190,132.88
23,190,133.07
24,190,133.26
25,190,106.99
26,190,107.16
27,190,117.78
28,190,117.95
29,190,118.1
30,190,117.25
31,190,117.4
32,190,117.54
33,190,117.67
34,190,117.79
35,190,134.91
36,190,135.02
37,190,135.12
38,190,135.22
39,190,135.31
40,190,108.38
41,190,108.46
42,190,108.52
43,190,108.58
44,190,108.63
45,190,108.67
46,190,108.7
47,190,108.73
48,190,108.75
49,190,108.76
50,190,108.76
51,190,108.75
52,190,108.74
53,190,108.72
54,190,108.69
55,190,108.65
56,190,108.6
57,190,108.55
58,190,108.49
59,190,108.42
60,190,113.35
61,190,113.27
62,190,113.17
63,190,113.08
64,190,112.97
65,190,145.91
66,190,145.79
67,190,145.67
68,190,145.53
69,190,145.4
70,190,131.23
71,190,131.07
72,190,130.92
73,190,130.75
74,190,130.58
75,190,107.15
76,190,106.97
77,190,122.02
78,190,121.83
79,190,121.63
80,190,123.43
81,190,123.23
82,190,123.01
83,190,122.8
84,190,122.58
85,190,126.37
86,190,126.14
87,190,125.91
88,190,125.68
89,190,125.44
90,190,123.2
91,190,122.96
92,190,122.71
93,190,122.47
94,190,122.22
95,190,134.02
96,190,133.77
97,190,133.52
98,190,133.27
99,190,133.02
100,190,101.54
101,190,101.28
102,190,118.2
103,190,117.95
104,190,117.7
105,190,132.51
106,190,132.26
107,190,132.01
108,190,131.76
109,190,131.52
110,190,98.16
111,190,97.92
112,190,97.68
113,190,97.45
114,190,97.22
115,190,125.09
116,190,124.87
117,190,124.65
118,190,124.43
119,190,124.22
120,190,113.99
121,190,113.79
122,190,113.59
123,190,113.4
124,190,113.21
125,190,94.99
126,190,94.82
127,190,94.65
128,190,94.49
129,190,94.34
130,190,111.22
131,190,111.08
132,190,110.95
133,190,110.82
134,190,110.69
135,190,93.56
136,190,93.45
137,190,93.35
138,190,93.26
139,190,93.17
140,190,93.1
141,190,93.03
142,190,92.97
143,190,92.91
144,190,92.87
145,190,109.84
146,190,109.81
147,190,109.79
148,190,109.78
149,190,109.77
150,190,93.76
151,190,93.77
152,190,112.8
153,190,112.82
154,190,112.86
155,190,99.89
156,190,99.94
157,190,100.0
158,190,100.06
159,190,100.14
160,190,93.22
161,190,93.3
162,190,93.4
163,190,93.5
164,190,93.61
165,190,131.73
166,190,131.86
167,190,131.99
168,190,132.12
169,190,132.27
170,190,111.42
171,190,111.57
172,190,111.74
173,190,111.91
174,190,112.08
175,190,97.06
176,190,97.25
177,190,131.64
178,190,131.84
179,190,132.04
180,190,104.24
181,190,104.45
182,190,104.67
183,190,104.89
184,190,105.11
185,190,109.34
186,190,109.57
187,190,109.8
188,190,110.04
189,190,110.28
190,190,121.52
191,190,121.76
192,190,122.01
193,190,122.25
194,190,122.5
195,190,126.75
196,190,127.0
197,190,127.25
198,190,127.51
199,190,127.76
0,191,102.41
1,191,102.66
2,191,133.31
3,191,133.57
4,191,133.82
5,191,102.07
6,191,102.32
7,191,102.56
8,191,102.81
9,191,103.05
10,191,103.29
11,191,103.53
12,191,103.77
13,191,104.0
14,191,104.23
15,191,104.46
16,191,104.68
17,191,104.9
18,191,105.12
19,191,105.33
20,191,132.53
21,191,132.73
22,191,132.93
23,191,133.12
24,191,133.31
25,191,107.04
26,191,107.21
27,191,117.83
28,191,118.0
29,191,118.15
30,191,117.3
31,191,117.45
32,191,117.59
33,191,117.72
34,191,117.84
35,191,134.96
36,191,135.07
37,191,135.17
38,191,135.27
39,191,135.36
40,191,108.43
41,191,108.51
42,191,108.57
43,191,108.63
44,191,108.68
45,191,108.72
46,191,108.75
47,191,108.78
48,191,108.8
49,191,108.81
50,191,108.81
51,191,108.8
52,191,108.79
53,191,108.77
54,191,108.74
55,191,108.7
56,191,108.65
57,191,108.6
58,191,108.54
59,191,108.47
60,191,113.4
61,191,113.32
62,191,113.22
63,191,113.13
64,191,113.02
65,191,145.95
66,191,145.83
67,191,145.71
68,191,145.58
69,191,145.44
70,191,131.27
71,191,131.12
72,191,130.96
73,191,130.8
74,191,130.63
75,191,107.2
76,191,107.02
77,191,122.06
78,191,121.87
79,191,121.67
80,191,123.48
81,191,123.27
82,191,123.06
83,191,122.84
84,191,122.62
85,191,126.41
86,191,126.18
87,191,125.95
88,191,125.72
89,191,125.48
90,191,123.24
91,191,123.0
92,191,122.75
93,191,122.51
94,191,122.26
95,191,134.05
96,191,133.8
97,191,133.55
98,191,133.3
99,191,133.05
100,191,101.59
101,191,101.33
102,191,118.24
103,191,117.99
104,191,117.74
105,191,132.54
106,191,132.29
107,191,132.04
108,191,131.8
109,191,131.55
110,191,98.21
111,191,97.97
112,191,97.73
113,191,97.5
114,191,97.27
115,191,125.13
116,191,124.91
117,191,124.69
118,191,124.47
119,191,124.26
120,191,114.03
121,191,113.83
122,191,113.63
123,191,113.44
124,191,113.26
125,191,95.04
126,191,94.87
127,191,94.7
128,191,94.54
129,191,94.39
130,191,111.27
131,191,111.13
132,191,110.99
133,191,110.86
134,191,110.74
135,191,93.61
136,191,93.5
137,191,93.4
138,191,93.31
139,191,93.22
140,191,93.15
141,191,93.08
142,191,93.02
143,191,92.96
144,191,92.92
145,191,109.89
146,191,109.86
147,191,109.84
148,191,109.82
149,191,109.82
150,191,93.81
151,191,93.82
152,191,112.85
153,191,112.87
154,191,112.91
155,191,99.94
156,191,99.99
157,191,100.05
158,191,100.11
159,191,100.19
160,191,93.27
161,191,93.35
162,191,93.45
163,191,93.55
164,191,93.66
165,191,131.78
166,191,131.91
167,191,132.04
168,191,132.17
169,191,132.32
170,191,111.47
171,191,111.62
172,191,111.79
173,191,111.96
174,191,112.13
175,191,97.11
176,191,97.3
177,191,131.69
178,191,131.89
179,191,132.09
180,191,104.29
181,191,104.5
182,191,104.72
183,191,104.94
184,191,105.16
185,191,109.39
186,191,109.62
187,191,109.85
188,191,110.09
189,191,110.33
190,191,121.57
191,191,121.81
192,191,122.06
193,191,122.3
194,191,122.55
195,191,126.8
196,191,127.05
197,191,127.3
198,191,127.56
199,191,127.81
0,192,102.45
1,192,102.71
2,192,133.36
3,192,133.61
4,192,133.86
5,192,102.11
6,192,102.36
7,192,102.61
8,192,102.85
9,192,103.1
10,192,103.34
11,192,103.58
12,192,103.81
13,192,104.05
14,192,104.28
15,192,104.5
16,192,104.73
17,192,104.94
18,192,105.16
19,192,105.37
20,192,132.58
21,192,132.78
22,192,132.98
23,192,133.17
24,192,133.35
25,192,107.08
26,192,107.26
27,192,117.88
28,192,118.04
29,192,118.2
30,192,117.35
31,192,117.49
32,192,117.63
33,192,117.76
34,192,117.89
35,192,135.0
36,192,135.11
37,192,135.22
38,192,135.31
39,192,135.4
40,192,108.48
41,192,108.55
42,192,108.62
43,192,108.67
44,192,108.72
45,192,108.76
46,192,108.8
47,192,108.82
48,192,108.84
49,192,108.85
50,192,108.85
51,192,108.85
52,192,108.83
53,192,108.81
54,192,108.78
55,192,108.74
56,192,108.7
57,192,108.65
58,192,108.58
59,192,108.52
60,192,113.44
61,192,113.36
62,192,113.27
63,192,113.17
64,192,113.06
65,192,145.99
66,192,145.87
67,192,145.74
68,192,145.61
69,192,145.47
70,192,131.31
71,192,131.16
72,192,131.0
73,192,130.83
74,192,130.66
75,192,107.24
76,192,107.06
77,192,122.1
78,192,121.91
79,192,121.71
80,192,123.51
81,192,123.31
82,192,123.09
83,192,122.88
84,192,122.66
85,192,126.44
86,192,126.22
87,192,125.99
88,192,125.75
89,192,125.52
90,192,123.27
91,192,123.03
92,192,122.79
93,192,122.54
94,192,122.29
95,192,134.08
96,192,133.83
97,192,133.58
98,192,133.33
99,192,133.08
100,192,101.63
101,192,101.38
102,192,118.28
103,192,118.02
104,192,117.77
105,192,132.57
106,192,132.32
107,192,132.07
108,192,131.83
109,192,131.58
110,192,98.25
111,192,98.01
112,192,97.78
113,192,97.55
114,192,97.32
115,192,125.16
116,192,124.94
117,192,124.72
118,192,124.5
119,192,124.29
120,192,114.07
121,192,113.87
122,192,113.67
123,192,113.48
124,192,113.3
125,192,95.09
126,192,94.91
127,192,94.75
128,192,94.59
129,192,94.43
130,192,111.31
131,192,111.17
132,192,111.03
133,192,110.9
134,192,110.78
135,192,93.65
136,192,93.54
137,192,93.45
138,192,93.35
139,192,93.27
140,192,93.19
141,192,93.12
142,192,93.06
143,192,93.01
144,192,92.96
145,192,109.93
146,192,109.9
147,192,109.88
148,192,109.87
149,192,109.86
150,192,93.86
151,192,93.87
152,192,112.89
153,192,112.92
154,192,112.95
155,192,99.99
156,192,100.04
157,192,100.09
158,192,100.16
159,192,100.23
160,192,93.31
161,192,93.4
162,192,93.49
163,192,93.6
164,192,93.71
165,192,131.83
166,192,131.95
167,192,132.08
168,192,132.22
169,192,132.36
170,192,111.51
171,192,111.67
172,192,111.83
173,192,112.0
174,192,112.18
175,192,97.16
176,192,97.34
177,192,131.73
178,192,131.93
179,192,132.13
180,192,104.34
181,192,104.55
182,192,104.76
183,192,104.98
184,192,105.21
185,192,109.43
186,192,109.66
187,192,109.9
188,192,110.13
189,192,110.37
190,192,121.61
191,192,121.85
192,192,122.1
193,192,122.35
194,192,122.6
195,192,126.85
196,192,127.1
197,192,127.35
198,192,127.6
199,192,127.85
0,193,102.49
1,193,102.75
2,193,133.4
3,193,133.65
4,193,133.9
5,193,102.15
6,193,102.4
7,193,102.65
8,193,102.89
9,193,103.14
10,193,103.38
11,193,103.62
12,193,103.85
13,193,104.08
14,193,104.31
15,193,104.54
16,193,104.76
17,193,104.98
18,193,105.2
19,193,105.41
20,193,132.62
21,193,132.82
22,193,133.01
23,193,133.21
24,193,133.39
25,193,107.12
26,193,107.3
27,193,117.92
28,193,118.08
29,193,118.24
30,193,117.39
31,193,117.53
32,193,117.67
33,193,117.8
34,193,117.92
35,193,135.04
36,193,135.15
37,193,135.26
38,193,135.35
39,193,135.44
40,193,108.52
41,193,108.59
42,193,108.65
43,193,108.71
44,193,108.76
45,193,108.8
46,193,108.84
47,193,108.86
48,193,108.88
49,193,108.89
50,193,108.89
51,193,108.89
52,193,108.87
53,193,108.85
54,193,108.82
55,193,108.78
56,193,108.74
57,193,108.68
58,193,108.62
59,193,108.55
60,193,113.48
61,193,113.4
62,193,113.31
63,193,113.21
64,193,113.1
65,193,146.02
66,193,145.9
67,193,145.77
68,193,145.64
69,193,145.5
70,193,131.34
71,193,131.19
72,193,131.03
73,193,130.87
74,193,130.7
75,193,107.28
76,193,107.1
77,193,122.14
78,193,121.94
79,193,121.75
80,193,123.55
81,193,123.34
82,193,123.13
83,193,122.91
84,193,122.69
85,193,126.48
86,193,126.25
87,193,126.02
88,193,125.78
89,193,125.55
90,193,123.3
91,193,123.06
92,193,122.82
93,193,122.57
94,193,122.32
95,193,134.11
96,193,133.86
97,193,133.6
98,193,133.35
99,193,133.1
100,193,101.67
101,193,101.42
102,193,118.31
103,193,118.06
104,193,117.8
105,193,132.59
106,193,132.34
107,193,132.1
108,193,131.85
109,193,131.61
110,193,98.29
111,193,98.05
112,193,97.82
113,193,97.59
114,193,97.36
115,193,125.19
116,193,124.97
117,193,124.75
118,193,124.53
119,193,124.32
120,193,114.1
121,193,113.9
122,193,113.71
123,193,113.52
124,193,113.33
125,193,95.13
126,193,94.95
127,193,94.79
128,193,94.63
129,193,94.47
130,193,111.35
131,193,111.2
132,193,111.07
133,193,110.94
134,193,110.82
135,193,93.69
136,193,93.58
137,193,93.48
138,193,93.39
139,193,93.31
140,193,93.23
141,193,93.16
142,193,93.1
143,193,93.05
144,193,93.0
145,193,109.97
146,193,109.94
147,193,109.92
148,193,109.9
149,193,109.9
150,193,93.9
151,193,93.91
152,193,112.93
153,193,112.95
154,193,112.99
155,193,100.03
156,193,100.07
157,193,100.13
158,193,100.2
159,193,100.27
160,193,93.35
161,193,93.44
162,193,93.53
163,193,93.63
164,193,93.74
165,193,131.86
166,193,131.99
167,193,132.12
168,193,132.26
169,193,132.4
170,193,111.55
171,193,111.71
172,193,111.87
173,193,112.04
174,193,112.21
175,193,97.19
176,193,97.38
177,193,131.77
178,193,131.97
179,193,132.17
180,193,104.38
181,193,104.59
182,193,104.8
183,193,105.02
184,193,105.24
185,193,109.47
186,193,109.7
187,193,109.93
188,193,110.17
189,193,110.41
190,193,121.65
191,193,121.89
192,193,122.14
193,193,122.39
194,193,122.63
195,193,126.89
196,193,127.14
197,193,127.39
198,193,127.64
199,193,127.89
0,194,102.53
1,194,102.78
2,194,133.43
3,194,133.68
4,194,133.93
5,194,102.18
6,194,102.43
7,194,102.68
8,194,102.92
9,194,103.17
10,194,103.41
11,194,103.65
12,194,103.88
13,194,104.12
14,194,104.35
15,194,104.57
16,194,104.8
17,194,105.02
18,194,105.23
19,194,105.44
20,194,132.65
21,194,132.85
22,194,133.05
23,194,133.24
24,194,133.42
25,194,107.15
26,194,107.33
27,194,117.95
28,194,118.11
29,194,118.27
30,194,117.42
31,194,117.56
32,194,117.7
33,194,117.83
34,194,117.96
35,194,135.08
36,194,135.19
37,194,135.29
38,194,135.38
39,194,135.47
40,194,108.55
41,194,108.62
42,194,108.69
43,194,108.74
44,194,108.79
45,194,108.84
46,194,108.87
47,194,108.9
48,194,108.91
49,194,108.92
50,194,108.93
51,194,108.92
52,194,108.91
53,194,108.88
54,194,108.85
55,194,108.82
56,194,108.77
57,194,108.72
58,194,108.66
59,194,108.59
60,194,113.51
61,194,113.43
62,194,113.34
63,194,113.24
64,194,113.13
65,194,146.05
66,194,145.93
67,194,145.8
68,194,145.67
69,194,145.53
70,194,131.37
71,194,131.22
72,194,131.06
73,194,130.89
74,194,130.72
75,194,107.32
76,194,107.13
77,194,122.17
78,194,121.97
79,194,121.77
80,194,123.57
81,194,123.37
82,194,123.15
83,194,122.94
84,194,122.72
85,194,126.5
86,194,126.27
87,194,126.04
88,194,125.81
89,194,125.57
90,194,123.33
91,194,123.09
92,194,122.84
93,194,122.6
94,194,122.35
95,194,134.13
96,194,133.88
97,194,133.63
98,194,133.37
99,194,133.12
100,194,101.7
101,194,101.45
102,194,118.33
103,194,118.08
104,194,117.83
105,194,132.61
106,194,132.36
107,194,132.12
108,194,131.87
109,194,131.63
110,194,98.32
111,194,98.08
112,194,97.85
113,194,97.62
114,194,97.39
115,194,125.21
116,194,124.99
117,194,124.77
118,194,124.56
119,194,124.35
120,194,114.13
121,194,113.93
122,194,113.73
123,194,113.54
124,194,113.36
125,194,95.16
126,194,94.99
127,194,94.82
128,194,94.66
129,194,94.51
130,194,111.38
131,194,111.23
132,194,111.1
133,194,110.97
134,194,110.85
135,194,93.72
136,194,93.62
137,194,93.52
138,194,93.42
139,194,93.34
140,194,93.26
141,194,93.2
142,194,93.13
143,194,93.08
144,194,93.04
145,194,110.0
146,194,109.97
147,194,109.95
148,194,109.94
149,194,109.93
150,194,93.93
151,194,93.94
152,194,112.96
153,194,112.99
154,194,113.02
155,194,100.06
156,194,100.11
157,194,100.16
158,194,100.23
159,194,100.3
160,194,93.38
161,194,93.47
162,194,93.56
163,194,93.67
164,194,93.78
165,194,131.9
166,194,132.02
167,194,132.15
168,194,132.29
169,194,132.43
170,194,111.58
171,194,111.74
172,194,111.9
173,194,112.07
174,194,112.25
175,194,97.23
176,194,97.41
177,194,131.81
178,194,132.0
179,194,132.2
180,194,104.41
181,194,104.62
182,194,104.83
183,194,105.05
184,194,105.28
185,194,109.5
186,194,109.73
187,194,109.97
188,194,110.2
189,194,110.44
190,194,121.68
191,194,121.93
192,194,122.17
193,194,122.42
194,194,122.67
195,194,126.92
196,194,127.17
197,194,127.42
198,194,127.67
199,194,127.93
0,195,102.4
1,195,102.65
2,195,130.46
3,195,130.71
4,195,130.96
5,195,118.21
6,195,118.46
7,195,118.71
8,195,118.95
9,195,119.2
10,195,142.44
11,195,142.68
12,195,142.91
13,195,143.14
14,195,143.37
15,195,104.6
16,195,104.82
17,195,105.04
18,195,105.26
19,195,105.47
20,195,136.68
21,195,136.88
22,195,137.07
23,195,137.26
24,195,137.45
25,195,106.63
26,195,106.81
27,195,106.98
28,195,107.14
29,195,107.3
30,195,128.45
31,195,128.59
32,195,128.73
33,195,128.86
34,195,128.98
35,195,108.1
36,195,108.21
37,195,108.31
38,195,108.41
39,195,108.5
40,195,108.58
41,195,108.65
42,195,108.71
43,195,108.77
44,195,108.82
45,195,137.87
46,195,137.9
47,195,137.93
48,195,137.95
49,195,137.96
50,195,110.6
51,195,110.6
52,195,141.94
53,195,141.92
54,195,141.89
55,195,141.85
56,195,141.81
57,195,141.76
58,195,141.7
59,195,141.63
60,195,146.56
61,195,146.47
62,195,146.38
63,195,146.29
64,195,146.18
65,195,131.06
66,195,130.94
67,195,130.81
68,195,130.68
69,195,130.54
70,195,114.38
71,195,114.22
72,195,114.06
73,195,113.9
74,195,113.73
75,195,107.04
76,195,106.86
77,195,116.18
78,195,115.99
79,195,115.79
80,195,121.59
81,195,121.39
82,195,121.17
83,195,120.96
84,195,120.74
85,195,118.51
86,195,118.28
87,195,118.05
88,195,117.82
89,195,117.58
90,195,140.38
91,195,140.14
92,195,139.89
93,195,139.65
94,195,139.4
95,195,102.09
96,195,101.83
97,195,101.58
98,195,101.33
99,195,101.08
100,195,101.38
101,195,101.12
102,195,111.34
103,195,111.09
104,195,110.84
105,195,123.61
106,195,123.36
107,195,123.12
108,195,122.87
109,195,122.63
110,195,126.4
111,195,126.16
112,195,125.92
113,195,125.69
114,195,125.46
115,195,118.22
116,195,118.0
117,195,117.78
118,195,117.57
119,195,117.36
120,195,120.16
121,195,119.96
122,195,119.76
123,195,119.57
124,195,119.39
125,195,95.18
126,195,95.01
127,195,94.85
128,195,94.69
129,195,94.53
130,195,121.41
131,195,121.27
132,195,121.13
133,195,121.0
134,195,120.88
135,195,93.75
136,195,93.64
137,195,93.54
138,195,93.45
139,195,93.37
140,195,125.31
141,195,125.24
142,195,125.17
143,195,125.12
144,195,125.07
145,195,109.03
146,195,109.0
147,195,108.98
148,195,108.96
149,195,108.96
150,195,94.9
151,195,94.91
152,195,131.99
153,195,132.01
154,195,132.05
155,195,93.08
156,195,93.13
157,195,93.19
158,195,93.26
159,195,93.33
160,195,118.41
161,195,118.5
162,195,118.59
163,195,118.7
164,195,118.81
165,195,105.92
166,195,106.05
167,195,106.18
168,195,106.31
169,195,106.46
170,195,124.61
171,195,124.77
172,195,124.93
173,195,125.1
174,195,125.27
175,195,96.45
176,195,96.64
177,195,115.83
178,195,116.03
179,195,116.23
180,195,135.44
181,195,135.65
182,195,135.86
183,195,136.08
184,195,136.3
185,195,107.53
186,195,107.76
187,195,107.99
188,195,108.23
189,195,108.47
190,195,136.71
191,195,136.95
192,195,137.2
193,195,137.45
194,195,137.69
195,195,122.94
196,195,123.2
197,195,123.45
198,195,123.7
199,195,123.95
0,196,102.42
1,196,102.68
2,196,130.48
3,196,130.73
4,196,130.98
5,196,118.23
6,196,118.48
7,196,118.73
8,196,118.97
9,196,119.22
10,196,142.46
11,196,142.7
12,196,142.93
13,196,143.17
14,196,143.4
15,196,104.62
16,196,104.84
17,196,105.06
18,196,105.28
19,196,105.49
20,196,136.7
21,196,136.9
22,196,137.09
23,196,137.29
24,196,137.47
25,196,106.65
26,196,106.83
27,196,107.0
28,196,107.16
29,196,107.32
30,196,128.47
31,196,128.61
32,196,128.75
33,196,128.88
34,196,129.01
35,196,108.12
36,196,108.23
37,196,108.33
38,196,108.43
39,196,108.52
40,196,108.6
41,196,108.67
42,196,108.73
43,196,108.79
44,196,108.84
45,196,137.89
46,196,137.92
47,196,137.95
48,196,137.97
49,196,137.98
50,196,110.62
51,196,110.62
52,196,141.96
53,196,141.94
54,196,141.91
55,196,141.87
56,196,141.83
57,196,141.78
58,196,141.72
59,196,141.65
60,196,146.57
61,196,146.49
62,196,146.4
63,196,146.3
64,196,146.2
65,196,131.08
66,196,130.96
67,196,130.83
68,196,130.7
69,196,130.56
70,196,114.4
71,196,114.24
72,196,114.08
73,196,113.92
74,196,113.75
75,196,107.06
76,196,106.88
77,196,116.2
78,196,116.01
79,196,115.81
80,196,121.61
81,196,121.4
82,196,121.19
83,196,120.97
84,196,120.75
85,196,118.53
86,196,118.3
87,196,118.07
88,196,117.83
89,196,117.6
90,196,140.39
91,196,140.15
92,196,139.91
93,196,139.66
94,196,139.41
95,196,102.11
96,196,101.86
97,196,101.6
98,196,101.35
99,196,101.1
100,196,101.4
101,196,101.15
102,196,111.36
103,196,111.11
104,196,110.86
105,196,123.63
106,196,123.38
107,196,123.13
108,196,122.89
109,196,122.64
110,196,126.41
111,196,126.17
112,196,125.94
113,196,125.7
114,196,125.47
115,196,118.24
116,196,118.02
117,196,117.8
118,196,117.59
119,196,117.38
120,196,120.18
121,196,119.98
122,196,119.78
123,196,119.59
124,196,119.41
125,196,95.21
126,196,95.03
127,196,94.87
128,196,94.71
129,196,94.55
130,196,121.43
131,196,121.28
132,196,121.15
133,196,121.02
134,196,120.9
135,196,93.77
136,196,93.66
137,196,93.56
138,196,93.47
139,196,93.39
140,196,125.32
141,196,125.25
142,196,125.19
143,196,125.14
144,196,125.09
145,196,109.05
146,196,109.02
147,196,109.0
148,196,108.98
149,196,108.98
150,196,94.93
151,196,94.94
152,196,132.01
153,196,132.03
154,196,132.07
155,196,93.1
156,196,93.15
157,196,93.21
158,196,93.28
159,196,93.35
160,196,118.43
161,196,118.52
162,196,118.61
163,196,118.72
164,196,118.83
165,196,105.94
166,196,106.07
167,196,106.2
168,196,106.33
169,196,106.48
170,196,124.63
171,196,124.79
172,196,124.95
173,196,125.12
174,196,125.29
175,196,96.47
176,196,96.66
177,196,115.85
178,196,116.05
179,196,116.25
180,196,135.46
181,196,135.67
182,196,135.88
183,196,136.1
184,196,136.32
185,196,107.55
186,196,107.78
187,196,108.01
188,196,108.25
189,196,108.49
190,196,136.73
191,196,136.97
192,196,137.22
193,196,137.47
194,196,137.72
195,196,122.97
196,196,123.22
197,196,123.47
198,196,123.72
199,196,123.97
0,197,102.44
1,197,102.69
2,197,130.49
3,197,130.74
4,197,131.0
5,197,118.25
6,197,118.49
7,197,118.74
8,197,118.99
9,197,119.23
10,197,142.47
11,197,142.71
12,197,142.95
13,197,143.18
14,197,143.41
15,197,104.64
16,197,104.86
17,197,105.08
18,197,105.29
19,197,105.5
20,197,136.71
21,197,136.91
22,197,137.11
23,197,137.3
24,197,137.49
25,197,106.67
26,197,106.84
27,197,107.01
28,197,107.17
29,197,107.33
30,197,128.48
31,197,128.63
32,197,128.76
33,197,128.9
34,197,129.02
35,197,108.14
36,197,108.25
37,197,108.35
38,197,108.44
39,197,108.53
40,197,108.61
41,197,108.68
42,197,108.75
43,197,108.81
44,197,108.86
45,197,137.9
46,197,137.94
47,197,137.96
48,197,137.98
49,197,137.99
50,197,110.64
51,197,110.63
52,197,141.97
53,197,141.95
54,197,141.92
55,197,141.89
56,197,141.84
57,197,141.79
58,197,141.73
59,197,141.66
60,197,146.59
61,197,146.5
62,197,146.41
63,197,146.31
64,197,146.21
65,197,131.09
66,197,130.97
67,197,130.84
68,197,130.71
69,197,130.57
70,197,114.41
71,197,114.26
72,197,114.1
73,197,113.93
74,197,113.76
75,197,107.08
76,197,106.89
77,197,116.21
78,197,116.02
79,197,115.82
80,197,121.62
81,197,121.42
82,197,121.2
83,197,120.99
84,197,120.77
85,197,118.54
86,197,118.31
87,197,118.08
88,197,117.85
89,197,117.61
90,197,140.4
91,197,140.16
92,197,139.91
93,197,139.67
94,197,139.42
95,197,102.12
96,197,101.87
97,197,101.62
98,197,101.37
99,197,101.11
100,197,101.41
101,197,101.16
102,197,111.37
103,197,111.12
104,197,110.87
105,197,123.64
106,197,123.39
107,197,123.14
108,197,122.9
109,197,122.65
110,197,126.42
111,197,126.18
112,197,125.94
113,197,125.71
114,197,125.48
115,197,118.25
116,197,118.03
117,197,117.81
118,197,117.6
119,197,117.39
120,197,120.19
121,197,119.99
122,197,119.79
123,197,119.6
124,197,119.42
125,197,95.22
126,197,95.05
127,197,94.88
128,197,94.72
129,197,94.57
130,197,121.44
131,197,121.3
132,197,121.16
133,197,121.03
134,197,120.91
135,197,93.78
136,197,93.68
137,197,93.58
138,197,93.49
139,197,93.4
140,197,125.34
141,197,125.27
142,197,125.21
143,197,125.15
144,197,125.11
145,197,109.06
146,197,109.03
147,197,109.01
148,197,109.0
149,197,108.99
150,197,94.94
151,197,94.95
152,197,132.02
153,197,132.05
154,197,132.08
155,197,93.12
156,197,93.17
157,197,93.23
158,197,93.29
159,197,93.36
160,197,118.45
161,197,118.53
162,197,118.63
163,197,118.73
164,197,118.84
165,197,105.96
166,197,106.08
167,197,106.21
168,197,106.35
169,197,106.49
170,197,124.65
171,197,124.8
172,197,124.97
173,197,125.13
174,197,125.31
175,197,96.49
176,197,96.68
177,197,115.87
178,197,116.06
179,197,116.27
180,197,135.47
181,197,135.68
182,197,135.9
183,197,136.12
184,197,136.34
185,197,107.57
186,197,107.8
187,197,108.03
188,197,108.27
189,197,108.5
190,197,136.75
191,197,136.99
192,197,137.23
193,197,137.48
194,197,137.73
195,197,122.98
196,197,123.23
197,197,123.48
198,197,123.74
199,197,123.99
0,198,102.45
1,198,102.7
2,198,130.5
3,198,130.75
4,198,131.0
5,198,118.25
6,198,118.5
7,198,118.75
8,198,119.0
9,198,119.24
10,198,142.48
11,198,142.72
12,198,142.96
13,198,143.19
14,198,143.42
15,198,104.65
16,198,104.87
17,198,105.09
18,198,105.3
19,198,105.51
20,198,136.72
21,198,136.92
22,198,137.12
23,198,137.31
24,198,137.5
25,198,106.68
26,198,106.85
27,198,107.02
28,198,107.18
29,198,107.34
30,198,128.49
31,198,128.64
32,198,128.77
33,198,128.9
34,198,129.03
35,198,108.15
36,198,108.25
37,198,108.36
38,198,108.45
39,198,108.54
40,198,108.62
41,198,108.69
42,198,108.76
43,198,108.82
44,198,108.87
45,198,137.91
46,198,137.94
47,198,137.97
48,198,137.99
49,198,138.0
50,198,110.65
51,198,110.64
52,198,141.98
53,198,141.96
54,198,141.93
55,198,141.89
56,198,141.85
57,198,141.8
58,198,141.74
59,198,141.67
60,198,146.59
61,198,146.51
62,198,146.42
63,198,146.32
64,198,146.22
65,198,131.1
66,198,130.98
67,198,130.85
68,198,130.72
69,198,130.58
70,198,114.42
71,198,114.27
72,198,114.11
73,198,113.94
74,198,113.77
75,198,107.09
76,198,106.9
77,198,116.22
78,198,116.03
79,198,115.83
80,198,121.63
81,198,121.42
82,198,121.21
83,198,120.99
84,198,120.77
85,198,118.55
86,198,118.32
87,198,118.09
88,198,117.85
89,198,117.62
90,198,140.4
91,198,140.16
92,198,139.91
93,198,139.67
94,198,139.42
95,198,102.13
96,198,101.88
97,198,101.63
98,198,101.38
99,198,101.12
100,198,101.42
101,198,101.17
102,198,111.38
103,198,111.13
104,198,110.88
105,198,123.64
106,198,123.39
107,198,123.15
108,198,122.9
109,198,122.66
110,198,126.42
111,198,126.18
112,198,125.95
113,198,125.72
114,198,125.49
115,198,118.26
116,198,118.03
117,198,117.82
118,198,117.6
119,198,117.39
120,198,120.19
121,198,119.99
122,198,119.8
123,198,119.61
124,198,119.42
125,198,95.23
126,198,95.06
127,198,94.89
128,198,94.73
129,198,94.58
130,198,121.44
131,198,121.3
132,198,121.17
133,198,121.04
134,198,120.92
135,198,93.79
136,198,93.69
137,198,93.59
138,198,93.5
139,198,93.41
140,198,125.34
141,198,125.28
142,198,125.21
143,198,125.16
144,198,125.11
145,198,109.07
146,198,109.04
147,198,109.02
148,198,109.01
149,198,109.0
150,198,94.95
151,198,94.96
152,198,132.03
153,198,132.06
154,198,132.09
155,198,93.13
156,198,93.18
157,198,93.24
158,198,93.3
159,198,93.37
160,198,118.45
161,198,118.54
162,198,118.64
163,198,118.74
164,198,118.85
165,198,105.97
166,198,106.09
167,198,106.22
168,198,106.36
169,198,106.5
170,198,124.65
171,198,124.81
172,198,124.97
173,198,125.14
174,198,125.32
175,198,96.5
176,198,96.68
177,198,115.88
178,198,116.07
179,198,116.27
180,198,135.48
181,198,135.69
182,198,135.91
183,198,136.13
184,198,136.35
185,198,107.57
186,198,107.8
187,198,108.04
188,198,108.27
189,198,108.51
190,198,136.75
191,198,137.0
192,198,137.24
193,198,137.49
194,198,137.74
195,198,122.99
196,198,123.24
197,198,123.49
198,198,123.74
199,198,124.0
0,199,102.45
1,199,102.7
2,199,130.5
3,199,130.76
4,199,131.01
5,199,118.26
6,199,118.51
7,199,118.75
8,199,119.0
9,199,119.24
10,199,142.48
11,199,142.72
12,199,142.96
13,199,143.19
14,199,143.42
15,199,104.65
16,199,104.87
17,199,105.09
18,199,105.31
19,199,105.52
20,199,136.72
21,199,136.92
22,199,137.12
23,199,137.31
24,199,137.5
25,199,106.68
26,199,106.85
27,199,107.02
28,199,107.19
29,199,107.34
30,199,128.49
31,199,128.64
32,199,128.78
33,199,128.91
34,199,129.03
35,199,108.15
36,199,108.26
37,199,108.36
38,199,108.46
39,199,108.54
40,199,108.62
41,199,108.7
42,199,108.76
43,199,108.82
44,199,108.87
45,199,137.91
46,199,137.95
47,199,137.97
48,199,137.99
49,199,138.0
50,199,110.65
51,199,110.64
52,199,141.98
53,199,141.96
54,199,141.93
55,199,141.9
56,199,141.85
57,199,141.8
58,199,141.74
59,199,141.67
60,199,146.59
61,199,146.51
62,199,146.42
63,199,146.32
64,199,146.22
65,199,131.1
66,199,130.98
67,199,130.85
68,199,130.72
69,199,130.58
70,199,114.42
71,199,114.27
72,199,114.11
73,199,113.94
74,199,113.77
75,199,107.09
76,199,106.91
77,199,116.22
78,199,116.03
79,199,115.83
80,199,121.63
81,199,121.42
82,199,121.21
83,199,120.99
84,199,120.77
85,199,118.55
86,199,118.32
87,199,118.09
88,199,117.85
89,199,117.62
90,199,140.4
91,199,140.15
92,199,139.91
93,199,139.66
94,199,139.42
95,199,102.13
96,199,101.88
97,199,101.63
98,199,101.38
99,199,101.13
100,199,101.42
101,199,101.17
102,199,111.38
103,199,111.13
104,199,110.88
105,199,123.64
106,199,123.39
107,199,123.15
108,199,122.9
109,199,122.66
110,199,126.42
111,199,126.18
112,199,125.95
113,199,125.72
114,199,125.49
115,199,118.26
116,199,118.03
117,199,117.82
118,199,117.6
119,199,117.39
120,199,120.19
121,199,119.99
122,199,119.8
123,199,119.61
124,199,119.42
125,199,95.23
126,199,95.06
127,199,94.89
128,199,94.73
129,199,94.58
130,199,121.44
131,199,121.3
132,199,121.17
133,199,121.04
134,199,120.92
135,199,93.8
136,199,93.69
137,199,93.59
138,199,93.5
139,199,93.42
140,199,125.35
141,199,125.28
142,199,125.22
143,199,125.16
144,199,125.12
145,199,109.07
146,199,109.04
147,199,109.02
148,199,109.01
149,199,109.0
150,199,94.95
151,199,94.96
152,199,132.03
153,199,132.06
154,199,132.09
155,199,93.13
156,199,93.18
157,199,93.24
158,199,93.3
159,199,93.38
160,199,118.46
161,199,118.55
162,199,118.64
163,199,118.74
164,199,118.85
165,199,105.97
166,199,106.09
167,199,106.22
168,199,106.36
169,199,106.51
170,199,124.66
171,199,124.81
172,199,124.98
173,199,125.15
174,199,125.32
175,199,96.5
176,199,96.69
177,199,115.88
178,199,116.08
179,199,116.28
180,199,135.48
181,199,135.69
182,199,135.91
183,199,136.13
184,199,136.35
185,199,107.58
186,199,107.81
187,199,108.04
188,199,108.28
189,199,108.52
190,199,136.76
191,199,137.0
192,199,137.25
193,199,137.49
194,199,137.74
195,199,122.99
196,199,123.24
197,199,123.5
198,199,123.75
199,199,124.0
